pseudo,pseudo_text,template,weight_tested,agree,disagree,items,caveat
pseudo.pseudo_adds_chaos_damage_to_attacks,Adds # to # Chaos Damage to Attacks,Adds # to # Chaos Damage,1,3,0,d23[2];d23[3];d23[4],
pseudo.pseudo_adds_chaos_damage_to_attacks,Adds # to # Chaos Damage to Attacks,Adds # to # Chaos Damage (Local),1,7,0,d23[0];d23[1];d23[5];d23[6];d23[7];d23[8];d23[9],
pseudo.pseudo_adds_chaos_damage_to_spells,Adds # to # Chaos Damage to Spells,Adds # to # Chaos Damage,1,10,0,d24[0];d24[1];d24[2];d24[3];d24[4];d24[5];d24[6];d24[7];d24[8];d24[9],
pseudo.pseudo_adds_cold_damage_to_attacks,Adds # to # Cold Damage to Attacks,Adds # to # Cold Damage (Local),1,10,0,d14[0];d14[1];d14[2];d14[3];d14[4];d14[5];d14[6];d14[7];d14[8];d14[9],
pseudo.pseudo_adds_cold_damage_to_spells,Adds # to # Cold Damage to Spells,Adds # to # Cold Damage,1,1,0,d15[4],
pseudo.pseudo_adds_cold_damage_to_spells,Adds # to # Cold Damage to Spells,Adds # to # Cold Damage to Spells and Attacks,1,9,0,d15[0];d15[1];d15[2];d15[3];d15[5];d15[6];d15[7];d15[8];d15[9],
pseudo.pseudo_adds_damage,Adds # to # Damage,Adds # to # Chaos Damage,1,7,0,d10[2];d10[3];d10[4];d10[5];d10[6];d10[8];d10[9],
pseudo.pseudo_adds_damage,Adds # to # Damage,Adds # to # Cold Damage,1,1,0,d10[0],
pseudo.pseudo_adds_damage,Adds # to # Damage,Adds # to # Fire Damage,1,2,0,d10[0];d10[1],
pseudo.pseudo_adds_damage,Adds # to # Damage,Adds # to # Lightning Damage,1,2,0,d10[0];d10[7],
pseudo.pseudo_adds_damage_to_attacks,Adds # to # Damage to Attacks,Adds # to # Cold Damage (Local),1,3,0,d11[0];d11[3];d11[6],
pseudo.pseudo_adds_damage_to_attacks,Adds # to # Damage to Attacks,Adds # to # Fire Damage to Attacks,1,1,0,d11[2],
pseudo.pseudo_adds_damage_to_attacks,Adds # to # Damage to Attacks,Adds # to # Lightning Damage (Local),1,1,0,d11[1],
pseudo.pseudo_adds_damage_to_attacks,Adds # to # Damage to Attacks,Adds # to # Lightning Damage to Attacks,1,3,0,d11[5];d11[8];d11[9],
pseudo.pseudo_adds_damage_to_attacks,Adds # to # Damage to Attacks,Adds # to # Physical Damage (Local),1,2,0,d11[3];d11[4],
pseudo.pseudo_adds_damage_to_attacks,Adds # to # Damage to Attacks,Adds # to # Physical Damage to Attacks,1,1,0,d11[7],
pseudo.pseudo_adds_damage_to_spells,Adds # to # Damage to Spells,Adds # to # Cold Damage to Spells,1,2,0,d12[0];d12[2],
pseudo.pseudo_adds_damage_to_spells,Adds # to # Damage to Spells,Adds # to # Fire Damage (Local),0,2,0,d12[1];d12[3],
pseudo.pseudo_adds_damage_to_spells,Adds # to # Damage to Spells,Adds # to # Fire Damage to Spells,1,5,0,d12[1];d12[2];d12[3];d12[5];d12[6],
pseudo.pseudo_adds_damage_to_spells,Adds # to # Damage to Spells,Adds # to # Fire Damage to Spells and Attacks,1,1,0,d12[8],
pseudo.pseudo_adds_damage_to_spells,Adds # to # Damage to Spells,Adds # to # Lightning Damage to Spells,1,2,0,d12[2];d12[9],
pseudo.pseudo_adds_damage_to_spells,Adds # to # Damage to Spells,Adds # to # Lightning Damage to Spells and Attacks,1,2,0,d12[4];d12[7],
pseudo.pseudo_adds_elemental_damage,Adds # to # Elemental Damage,Adds # to # Cold Damage,1,7,0,d07[1];d07[2];d07[3];d07[5];d07[6];d07[7];d07[8],
pseudo.pseudo_adds_elemental_damage,Adds # to # Elemental Damage,Adds # to # Fire Damage,1,6,0,d07[0];d07[1];d07[4];d07[5];d07[6];d07[8],
pseudo.pseudo_adds_elemental_damage,Adds # to # Elemental Damage,Adds # to # Lightning Damage,1,7,0,d07[0];d07[3];d07[4];d07[6];d07[7];d07[8];d07[9],
pseudo.pseudo_adds_elemental_damage,Adds # to # Elemental Damage,Adds # to # Lightning Damage to Attacks,0,2,0,d07[3];d07[7],
pseudo.pseudo_adds_elemental_damage_to_attacks,Adds # to # Elemental Damage to Attacks,Adds # to # Cold Damage to Attacks,1,2,0,d08[0];d08[1],
pseudo.pseudo_adds_elemental_damage_to_attacks,Adds # to # Elemental Damage to Attacks,Adds # to # Fire Damage (Local),1,2,0,d08[5];d08[8],
pseudo.pseudo_adds_elemental_damage_to_attacks,Adds # to # Elemental Damage to Attacks,Adds # to # Fire Damage to Attacks,1,2,0,d08[4];d08[7],
pseudo.pseudo_adds_elemental_damage_to_attacks,Adds # to # Elemental Damage to Attacks,Adds # to # Lightning Damage (Local),1,2,0,d08[2];d08[3],
pseudo.pseudo_adds_elemental_damage_to_attacks,Adds # to # Elemental Damage to Attacks,Adds # to # Lightning Damage to Attacks,1,2,0,d08[6];d08[9],
pseudo.pseudo_adds_elemental_damage_to_spells,Adds # to # Elemental Damage to Spells,Adds # to # Cold Damage (Local),0,2,0,d09[6];d09[8],
pseudo.pseudo_adds_elemental_damage_to_spells,Adds # to # Elemental Damage to Spells,Adds # to # Cold Damage to Spells,1,3,0,d09[0];d09[4];d09[8],
pseudo.pseudo_adds_elemental_damage_to_spells,Adds # to # Elemental Damage to Spells,Adds # to # Cold Damage to Spells and Attacks,1,2,0,d09[3];d09[9],
pseudo.pseudo_adds_elemental_damage_to_spells,Adds # to # Elemental Damage to Spells,Adds # to # Fire Damage (Local),0,1,0,d09[7],
pseudo.pseudo_adds_elemental_damage_to_spells,Adds # to # Elemental Damage to Spells,Adds # to # Fire Damage to Spells,1,3,0,d09[4];d09[5];d09[7],
pseudo.pseudo_adds_elemental_damage_to_spells,Adds # to # Elemental Damage to Spells,Adds # to # Fire Damage to Spells and Attacks,1,2,0,d09[2];d09[9],
pseudo.pseudo_adds_elemental_damage_to_spells,Adds # to # Elemental Damage to Spells,Adds # to # Lightning Damage (Local),0,1,0,d09[6],
pseudo.pseudo_adds_elemental_damage_to_spells,Adds # to # Elemental Damage to Spells,Adds # to # Lightning Damage to Spells,1,3,0,d09[1];d09[4];d09[6],
pseudo.pseudo_adds_elemental_damage_to_spells,Adds # to # Elemental Damage to Spells,Adds # to # Lightning Damage to Spells and Attacks,1,1,0,d09[9],
pseudo.pseudo_adds_fire_damage_to_attacks,Adds # to # Fire Damage to Attacks,Adds # to # Fire Damage (Local),1,10,0,d05[0];d05[1];d05[2];d05[3];d05[4];d05[5];d05[6];d05[7];d05[8];d05[9],
pseudo.pseudo_adds_fire_damage_to_spells,Adds # to # Fire Damage to Spells,Adds # to # Fire Damage to Spells and Attacks,1,10,0,d06[0];d06[1];d06[2];d06[3];d06[4];d06[5];d06[6];d06[7];d06[8];d06[9],
pseudo.pseudo_adds_lightning_damage_to_attacks,Adds # to # Lightning Damage to Attacks,Adds # to # Lightning Damage (Local),1,8,0,d17[1];d17[2];d17[3];d17[4];d17[5];d17[7];d17[8];d17[9],
pseudo.pseudo_adds_lightning_damage_to_attacks,Adds # to # Lightning Damage to Attacks,Adds # to # Lightning Damage to Spells and Attacks,1,2,0,d17[0];d17[6],
pseudo.pseudo_adds_lightning_damage_to_spells,Adds # to # Lightning Damage to Spells,Adds # to # Lightning Damage to Spells and Attacks,1,10,0,d18[0];d18[1];d18[2];d18[3];d18[4];d18[5];d18[6];d18[7];d18[8];d18[9],
pseudo.pseudo_adds_physical_damage_to_attacks,Adds # to # Physical Damage to Attacks,Adds # to # Physical Damage (Local),1,10,0,d20[0];d20[1];d20[2];d20[3];d20[4];d20[5];d20[6];d20[7];d20[8];d20[9],
pseudo.pseudo_adds_physical_damage_to_spells,Adds # to # Physical Damage to Spells,Adds # to # Physical Damage,1,10,0,d21[0];d21[1];d21[2];d21[3];d21[4];d21[5];d21[6];d21[7];d21[8];d21[9],
pseudo.pseudo_total_attack_speed,+#% total Attack Speed,#% increased Attack Speed with Staves,0,1,0,p2[8],
pseudo.pseudo_total_attack_speed,+#% total Attack Speed,#% increased Attack Speed with Swords,0,1,0,p2[3],
pseudo.pseudo_total_attack_speed,+#% total Attack Speed,#% increased Attack Speed with Two Handed Melee Weapons,0,1,0,p2[8],
pseudo.pseudo_total_attack_speed,+#% total Attack Speed,#% increased Attack and Cast Speed,0,10,0,p2[0];p2[1];p2[2];p2[3];p2[4];p2[5];p2[6];p2[7];p2[8];p2[9],
pseudo.pseudo_total_attack_speed,+#% total Attack Speed,#% increased Attack and Cast Speed while Focused,0,1,0,d03[2],
pseudo.pseudo_total_attack_speed,+#% total Attack Speed,"While a Pinnacle Atlas Boss is in your Presence, #% increased Attack Speed",1,10,0,d03[0];d03[1];d03[2];d03[3];d03[4];d03[5];d03[6];d03[7];d03[8];d03[9],
pseudo.pseudo_total_attack_speed,+#% total Attack Speed,"While a Unique Enemy is in your Presence, #% increased Attack Speed",1,10,0,c6[0];c6[1];c6[2];c6[3];c6[4];c6[5];c6[6];c6[7];c6[8];c6[9],
pseudo.pseudo_total_cast_speed,+#% total Cast Speed,#% increased Attack and Cast Speed,0,10,0,p2[0];p2[1];p2[2];p2[3];p2[4];p2[5];p2[6];p2[7];p2[8];p2[9],
pseudo.pseudo_total_cast_speed,+#% total Cast Speed,#% increased Cast Speed with Cold Skills,0,1,0,p2[2],
pseudo.pseudo_total_cold_resistance,+#% total to Cold Resistance,#% to Cold Resistance,1,10,0,c5[0];c5[1];c5[2];c5[3];c5[4];c5[5];c5[6];c5[7];c5[8];c5[9],
pseudo.pseudo_total_cold_resistance,+#% total to Cold Resistance,#% to all Elemental Resistances,1,1,0,c5[8],
pseudo.pseudo_total_fire_resistance,+#% total to Fire Resistance,#% to Fire Resistance,1,20,0,c5[0];c5[1];c5[2];c5[3];c5[4];c5[5];c5[6];c5[7];c5[8];c5[9];p2[0];p2[1];p2[2];p2[3];p2[4];p2[5];p2[6];p2[7];p2[8];p2[9],
pseudo.pseudo_total_fire_resistance,+#% total to Fire Resistance,#% to all Elemental Resistances,1,1,0,c5[8],
pseudo.pseudo_total_life,+# total maximum Life,# to Strength,0.5,2,0,c3[2];c3[9],
pseudo.pseudo_total_life,+# total maximum Life,# to Strength and Dexterity,0.5,1,0,p1[0],
pseudo.pseudo_total_life,+# total maximum Life,# to Strength and Intelligence,0.5,11,0,c3[6];p1[0];p1[1];p1[2];p1[3];p1[4];p1[5];p1[6];p1[7];p1[8];p1[9],
pseudo.pseudo_total_life,+# total maximum Life,# to Strength and Intelligence [explicit.stat_2543977012],0,15,0,c3[0];c3[1];c3[4];c3[5];c3[7];d02[0];d02[1];d02[2];d02[3];d02[4];d02[5];d02[6];d02[7];d02[8];d02[9],
pseudo.pseudo_total_life,+# total maximum Life,# to all Attributes,0.5,12,0,c2[0];c2[1];c2[2];c2[3];c2[4];c2[5];c2[6];c2[7];c2[8];c2[9];c3[6];p1[7],
pseudo.pseudo_total_life,+# total maximum Life,# to maximum Life,1,5,0,c3[3];c3[8];c3[9];d01[0];p1[3],
pseudo.pseudo_total_life,+# total maximum Life,#% increased maximum Life,0,9,0,c4[0];c4[1];c4[2];c4[4];c4[6];c4[7];c4[8];c4[9];p1[1],
pseudo.pseudo_total_life,+# total maximum Life,#% reduced maximum Life,0,2,0,c4[3];c4[5],
