id,text,first_pass_class,stands,why,own_text_template,own_text_ids,local_twin_ids,eldritch_form_ids,corpus_items
pseudo.pseudo_total_cold_resistance,+#% total to Cold Resistance,sum,under test,"tools/trade_rows.py, total_cold_res",,,,,
pseudo.pseudo_total_fire_resistance,+#% total to Fire Resistance,sum,under test,"tools/trade_rows.py, total_fire_res",,,,,
pseudo.pseudo_total_lightning_resistance,+#% total to Lightning Resistance,sum,under test,"tools/trade_rows.py, total_lightning_res",,,,,
pseudo.pseudo_total_elemental_resistance,+#% total Elemental Resistance,sum,under test,"tools/trade_rows.py, total_ele_res",,,,,
pseudo.pseudo_total_chaos_resistance,+#% total to Chaos Resistance,sum,under test,"tools/trade_rows.py, total_chaos_res",,,,,
pseudo.pseudo_total_resistance,+#% total Resistance,sum,under test,"tools/trade_rows.py, total_res",,,,,
pseudo.pseudo_count_resistances,# total Resistances,unresolved,in scope,unresolved; the first pass names a search read against the item's lines,,0,0,0,
pseudo.pseudo_count_elemental_resistances,# total Elemental Resistances,unresolved,in scope,unresolved; the first pass names a search read against the item's lines,,0,0,0,
pseudo.pseudo_total_all_elemental_resistances,+#% total to all Elemental Resistances,unresolved,in scope,unresolved; the first pass names a search read against the item's lines,,0,0,0,
pseudo.pseudo_total_strength,+# total to Strength,sum,under test,"tools/trade_rows.py, total_str",,,,,
pseudo.pseudo_total_dexterity,+# total to Dexterity,sum,under test,"tools/trade_rows.py, total_dex",,,,,
pseudo.pseudo_total_intelligence,+# total to Intelligence,sum,under test,"tools/trade_rows.py, total_int",,,,,
pseudo.pseudo_total_all_attributes,+# total to all Attributes,unresolved,in scope,unresolved; the first pass names a search read against the item's lines,,0,0,0,
pseudo.pseudo_total_life,+# total maximum Life,sum,under test,"tools/trade_rows.py, total_life",,,,,
pseudo.pseudo_total_mana,+# total maximum Mana,unresolved,in scope,unresolved; the first pass names a search read against the item's lines,,0,0,0,
pseudo.pseudo_total_energy_shield,+# total maximum Energy Shield,unresolved,in scope,unresolved; the first pass names a search read against the item's lines,,0,0,0,
pseudo.pseudo_increased_energy_shield,#% total increased maximum Energy Shield,unresolved,in scope,unresolved; the first pass names a search read against the item's lines,,0,0,0,
pseudo.pseudo_total_attack_speed,+#% total Attack Speed,sum,under test,"tools/trade_rows.py, total_attack_speed",,,,,
pseudo.pseudo_total_cast_speed,+#% total Cast Speed,sum,under test,"tools/trade_rows.py, total_cast_speed",,,,,
pseudo.pseudo_increased_movement_speed,#% increased Movement Speed,unresolved,in scope,unresolved; the first pass names a search read against the item's lines,#% increased Movement Speed,6,0,2,1252
pseudo.pseudo_increased_physical_damage,#% total increased Physical Damage,sum,under test,"tools/trade_rows.py, total_increased_phys",,,,,
pseudo.pseudo_global_critical_strike_chance,+#% Global Critical Strike Chance,unresolved,in scope,unresolved; the first pass names a search read against the item's lines,,0,0,0,
pseudo.pseudo_critical_strike_chance_for_spells,+#% total Critical Strike Chance for Spells,sum,under test,"tools/trade_rows.py, total_spell_crit",,,,,
pseudo.pseudo_global_critical_strike_multiplier,+#% Global Critical Strike Multiplier,unresolved,in scope,unresolved; the first pass names a search read against the item's lines,,0,0,0,
pseudo.pseudo_adds_physical_damage,Adds # to # Physical Damage,ranged-total,under test,"tools/trade_rows.py, adds_physical",,,,,
pseudo.pseudo_adds_lightning_damage,Adds # to # Lightning Damage,ranged-total,under test,"tools/trade_rows.py, adds_lightning",,,,,
pseudo.pseudo_adds_cold_damage,Adds # to # Cold Damage,ranged-total,under test,"tools/trade_rows.py, adds_cold",,,,,
pseudo.pseudo_adds_fire_damage,Adds # to # Fire Damage,ranged-total,under test,"tools/trade_rows.py, adds_fire",,,,,
pseudo.pseudo_adds_elemental_damage,Adds # to # Elemental Damage,unresolved,under test,"tools/trade_rows.py, adds_elemental",,,,,
pseudo.pseudo_adds_chaos_damage,Adds # to # Chaos Damage,ranged-total,under test,"tools/trade_rows.py, adds_chaos",,,,,
pseudo.pseudo_adds_damage,Adds # to # Damage,unresolved,under test,"tools/trade_rows.py, adds_damage",,,,,
pseudo.pseudo_adds_physical_damage_to_attacks,Adds # to # Physical Damage to Attacks,ranged-total,under test,"tools/trade_rows.py, adds_physical_to_attacks",,,,,
pseudo.pseudo_adds_lightning_damage_to_attacks,Adds # to # Lightning Damage to Attacks,ranged-total,under test,"tools/trade_rows.py, adds_lightning_to_attacks",,,,,
pseudo.pseudo_adds_cold_damage_to_attacks,Adds # to # Cold Damage to Attacks,ranged-total,under test,"tools/trade_rows.py, adds_cold_to_attacks",,,,,
pseudo.pseudo_adds_fire_damage_to_attacks,Adds # to # Fire Damage to Attacks,ranged-total,under test,"tools/trade_rows.py, adds_fire_to_attacks",,,,,
pseudo.pseudo_adds_elemental_damage_to_attacks,Adds # to # Elemental Damage to Attacks,unresolved,under test,"tools/trade_rows.py, adds_elemental_to_attacks",,,,,
pseudo.pseudo_adds_chaos_damage_to_attacks,Adds # to # Chaos Damage to Attacks,ranged-total,under test,"tools/trade_rows.py, adds_chaos_to_attacks",,,,,
pseudo.pseudo_adds_damage_to_attacks,Adds # to # Damage to Attacks,unresolved,under test,"tools/trade_rows.py, adds_damage_to_attacks",,,,,
pseudo.pseudo_adds_physical_damage_to_spells,Adds # to # Physical Damage to Spells,ranged-total,under test,"tools/trade_rows.py, adds_physical_to_spells",,,,,
pseudo.pseudo_adds_lightning_damage_to_spells,Adds # to # Lightning Damage to Spells,ranged-total,under test,"tools/trade_rows.py, adds_lightning_to_spells",,,,,
pseudo.pseudo_adds_cold_damage_to_spells,Adds # to # Cold Damage to Spells,ranged-total,under test,"tools/trade_rows.py, adds_cold_to_spells",,,,,
pseudo.pseudo_adds_fire_damage_to_spells,Adds # to # Fire Damage to Spells,ranged-total,under test,"tools/trade_rows.py, adds_fire_to_spells",,,,,
pseudo.pseudo_adds_elemental_damage_to_spells,Adds # to # Elemental Damage to Spells,unresolved,under test,"tools/trade_rows.py, adds_elemental_to_spells",,,,,
pseudo.pseudo_adds_chaos_damage_to_spells,Adds # to # Chaos Damage to Spells,ranged-total,under test,"tools/trade_rows.py, adds_chaos_to_spells",,,,,
pseudo.pseudo_adds_damage_to_spells,Adds # to # Damage to Spells,unresolved,under test,"tools/trade_rows.py, adds_damage_to_spells",,,,,
pseudo.pseudo_increased_elemental_damage,#% increased Elemental Damage,unresolved,in scope,unresolved; the first pass names a search read against the item's lines,#% increased Elemental Damage,4,0,0,206
pseudo.pseudo_increased_lightning_damage,#% increased Lightning Damage,unresolved,in scope,unresolved; the first pass names a search read against the item's lines,#% increased Lightning Damage,6,0,2,237
pseudo.pseudo_increased_cold_damage,#% increased Cold Damage,unresolved,in scope,unresolved; the first pass names a search read against the item's lines,#% increased Cold Damage,6,0,2,200
pseudo.pseudo_increased_fire_damage,#% increased Fire Damage,unresolved,in scope,unresolved; the first pass names a search read against the item's lines,#% increased Fire Damage,6,0,2,226
pseudo.pseudo_increased_spell_damage,#% increased Spell Damage,unresolved,in scope,unresolved; the first pass names a search read against the item's lines,#% increased Spell Damage,6,0,2,718
pseudo.pseudo_increased_lightning_spell_damage,#% increased Lightning Spell Damage,unresolved,in scope,unresolved; the first pass names a search read against the item's lines,,0,0,0,
pseudo.pseudo_increased_cold_spell_damage,#% increased Cold Spell Damage,unresolved,in scope,unresolved; the first pass names a search read against the item's lines,,0,0,0,
pseudo.pseudo_increased_fire_spell_damage,#% increased Fire Spell Damage,unresolved,in scope,unresolved; the first pass names a search read against the item's lines,,0,0,0,
pseudo.pseudo_increased_lightning_damage_with_attack_skills,#% increased Lightning Damage with Attack Skills,unresolved,in scope,unresolved; the first pass names a search read against the item's lines,#% increased Lightning Damage with Attack Skills,2,0,0,0
pseudo.pseudo_increased_cold_damage_with_attack_skills,#% increased Cold Damage with Attack Skills,unresolved,in scope,unresolved; the first pass names a search read against the item's lines,#% increased Cold Damage with Attack Skills,2,0,0,13
pseudo.pseudo_increased_fire_damage_with_attack_skills,#% increased Fire Damage with Attack Skills,unresolved,in scope,unresolved; the first pass names a search read against the item's lines,#% increased Fire Damage with Attack Skills,1,0,0,0
pseudo.pseudo_increased_elemental_damage_with_attack_skills,#% increased Elemental Damage with Attack Skills,unresolved,in scope,unresolved; the first pass names a search read against the item's lines,#% increased Elemental Damage with Attack Skills,5,0,0,252
pseudo.pseudo_increased_rarity,#% increased Rarity of Items found,unresolved,in scope,unresolved; the first pass names a search read against the item's lines,#% increased Rarity of Items found,5,0,0,714
pseudo.pseudo_increased_burning_damage,#% increased Burning Damage,unresolved,in scope,unresolved; the first pass names a search read against the item's lines,#% increased Burning Damage,3,0,0,54
pseudo.pseudo_total_life_regen,# Life Regenerated per Second,unresolved,in scope,unresolved; the first pass names a search read against the item's lines,,0,0,0,
pseudo.pseudo_percent_life_regen,#% of Life Regenerated per Second,unresolved,in scope,unresolved; the first pass names a search read against the item's lines,,0,0,0,
pseudo.pseudo_physical_attack_damage_leeched_as_life,#% of Physical Attack Damage Leeched as Life,unresolved,in scope,unresolved; the first pass names a search read against the item's lines,#% of Physical Attack Damage Leeched as Life,10,5,0,246
pseudo.pseudo_physical_attack_damage_leeched_as_mana,#% of Physical Attack Damage Leeched as Mana,unresolved,in scope,unresolved; the first pass names a search read against the item's lines,#% of Physical Attack Damage Leeched as Mana,10,5,0,154
pseudo.pseudo_increased_mana_regen,#% increased Mana Regeneration Rate,unresolved,in scope,unresolved; the first pass names a search read against the item's lines,#% increased Mana Regeneration Rate,5,0,2,531
pseudo.pseudo_total_additional_gem_levels,+# total to Level of Socketed Gems,sum,under test,"tools/trade_rows.py, total_gem_levels",,,,,
pseudo.pseudo_total_additional_elemental_gem_levels,+# total to Level of Socketed Elemental Gems,sum,under test,"tools/trade_rows.py, total_elemental_gem_levels",,,,,
pseudo.pseudo_total_additional_fire_gem_levels,+# total to Level of Socketed Fire Gems,sum,under test,"tools/trade_rows.py, total_fire_gem_levels",,,,,
pseudo.pseudo_total_additional_cold_gem_levels,+# total to Level of Socketed Cold Gems,sum,under test,"tools/trade_rows.py, total_cold_gem_levels",,,,,
pseudo.pseudo_total_additional_lightning_gem_levels,+# total to Level of Socketed Lightning Gems,sum,under test,"tools/trade_rows.py, total_lightning_gem_levels",,,,,
pseudo.pseudo_total_additional_chaos_gem_levels,+# total to Level of Socketed Chaos Gems,sum,under test,"tools/trade_rows.py, total_chaos_gem_levels",,,,,
pseudo.pseudo_total_additional_spell_gem_levels,+# total to Level of Socketed Spell Gems,sum,under test,"tools/trade_rows.py, total_spell_gem_levels",,,,,
pseudo.pseudo_total_additional_projectile_gem_levels,+# total to Level of Socketed Projectile Gems,sum,under test,"tools/trade_rows.py, total_projectile_gem_levels",,,,,
pseudo.pseudo_total_additional_bow_gem_levels,+# total to Level of Socketed Bow Gems,sum,under test,"tools/trade_rows.py, total_bow_gem_levels",,,,,
pseudo.pseudo_total_additional_melee_gem_levels,+# total to Level of Socketed Melee Gems,sum,under test,"tools/trade_rows.py, total_melee_gem_levels",,,,,
pseudo.pseudo_total_additional_minion_gem_levels,+# total to Level of Socketed Minion Gems,sum,under test,"tools/trade_rows.py, total_minion_gem_levels",,,,,
pseudo.pseudo_total_additional_strength_gem_levels,+# total to Level of Socketed Strength Gems,sum,under test,"tools/trade_rows.py, total_strength_gem_levels",,,,,
pseudo.pseudo_total_additional_dexterity_gem_levels,+# total to Level of Socketed Dexterity Gems,sum,under test,"tools/trade_rows.py, total_dexterity_gem_levels",,,,,
pseudo.pseudo_total_additional_intelligence_gem_levels,+# total to Level of Socketed Intelligence Gems,sum,under test,"tools/trade_rows.py, total_intelligence_gem_levels",,,,,
pseudo.pseudo_total_additional_aura_gem_levels,+# total to Level of Socketed Aura Gems,sum,under test,"tools/trade_rows.py, total_aura_gem_levels",,,,,
pseudo.pseudo_total_additional_movement_gem_levels,+# total to Level of Socketed Movement Gems,sum,under test,"tools/trade_rows.py, total_movement_gem_levels",,,,,
pseudo.pseudo_total_additional_curse_gem_levels,+# total to Level of Socketed Curse Gems,sum,under test,"tools/trade_rows.py, total_curse_gem_levels",,,,,
pseudo.pseudo_total_additional_vaal_gem_levels,+# total to Level of Socketed Vaal Gems,sum,under test,"tools/trade_rows.py, total_vaal_gem_levels",,,,,
pseudo.pseudo_total_additional_support_gem_levels,+# total to Level of Socketed Support Gems,sum,under test,"tools/trade_rows.py, total_support_gem_levels",,,,,
pseudo.pseudo_total_additional_skill_gem_levels,+# total to Level of Socketed Skill Gems,sum,under test,"tools/trade_rows.py, total_skill_gem_levels",,,,,
pseudo.pseudo_total_additional_warcry_gem_levels,+# total to Level of Socketed Warcry Gems,sum,under test,"tools/trade_rows.py, total_warcry_gem_levels",,,,,
pseudo.pseudo_total_additional_golem_gem_levels,+# total to Level of Socketed Golem Gems,sum,under test,"tools/trade_rows.py, total_golem_gem_levels",,,,,
pseudo.pseudo_number_of_enchant_mods,# Enchant Modifiers,mod-behind-line,classed,the first pass: mod-behind-line,,,,,
pseudo.pseudo_number_of_implicit_mods,# Implicit Modifiers,mod-behind-line,classed,the first pass: mod-behind-line,,,,,
pseudo.pseudo_searing_implicit_tier,Searing Exarch Implicit Modifier (#),mod-behind-line,classed,the first pass: mod-behind-line,,,,,
pseudo.pseudo_tangled_implicit_tier,Eater of Worlds Implicit Modifier (#),mod-behind-line,classed,the first pass: mod-behind-line,,,,,
pseudo.pseudo_number_of_prefix_mods,# Prefix Modifiers,mod-behind-line,classed,the first pass: mod-behind-line,,,,,
pseudo.pseudo_number_of_suffix_mods,# Suffix Modifiers,mod-behind-line,classed,the first pass: mod-behind-line,,,,,
pseudo.pseudo_number_of_affix_mods,# Modifiers,mod-behind-line,classed,the first pass: mod-behind-line,,,,,
pseudo.pseudo_number_of_crafted_prefix_mods,# Crafted Prefix Modifiers,mod-behind-line,classed,the first pass: mod-behind-line,,,,,
pseudo.pseudo_number_of_crafted_suffix_mods,# Crafted Suffix Modifiers,mod-behind-line,classed,the first pass: mod-behind-line,,,,,
pseudo.pseudo_number_of_crafted_mods,# Crafted Modifiers,mod-behind-line,classed,the first pass: mod-behind-line,,,,,
pseudo.pseudo_number_of_empty_prefix_mods,# Empty Prefix Modifiers,mod-behind-line,classed,the first pass: mod-behind-line,,,,,
pseudo.pseudo_number_of_empty_suffix_mods,# Empty Suffix Modifiers,mod-behind-line,classed,the first pass: mod-behind-line,,,,,
pseudo.pseudo_number_of_empty_affix_mods,# Empty Modifiers,mod-behind-line,classed,the first pass: mod-behind-line,,,,,
pseudo.pseudo_base_defence_percentile,#% Base Defence Percentile,unresolved,another read,read RePoE's base_items for per-base armour/evasion/energy-shield ranges,,,,,
pseudo.pseudo_has_shaper_influence,Has Shaper Influence,field,classed,the first pass: field,,,,,
pseudo.pseudo_has_elder_influence,Has Elder Influence,field,classed,the first pass: field,,,,,
pseudo.pseudo_has_crusader_influence,Has Crusader Influence,field,classed,the first pass: field,,,,,
pseudo.pseudo_has_redeemer_influence,Has Redeemer Influence,field,classed,the first pass: field,,,,,
pseudo.pseudo_has_hunter_influence,Has Hunter Influence,field,classed,the first pass: field,,,,,
pseudo.pseudo_has_warlord_influence,Has Warlord Influence,field,classed,the first pass: field,,,,,
pseudo.pseudo_has_influence_count,Has # Influences,field,classed,the first pass: field,,,,,
pseudo.pseudo_number_of_fractured_mods,# Fractured Modifiers,mod-behind-line,classed,the first pass: mod-behind-line,,,,,
pseudo.pseudo_number_of_notable_passive_skills,# Notable Passive Skills,count,classed,the first pass: count,,,,,
pseudo.pseudo_lake_number_of_islands,Mirrored Tablet has # Islands,unresolved,another read,fetch a Mirrored Tablet and read its properties,,,,,
pseudo.pseudo_ritual_unique_monsters,Unique Monsters (Blood-Filled Vessel): #,field,classed,the first pass: field,,,,,
pseudo.pseudo_ritual_other_monsters,Non-Unique Monsters (Blood-Filled Vessel): #,field,classed,the first pass: field,,,,,
pseudo.pseudo_jewellery_elemental_quality,Quality (Elemental Damage Modifiers): #%,field,classed,the first pass: field,,,,,
pseudo.pseudo_jewellery_caster_quality,Quality (Caster Modifiers): #%,field,classed,the first pass: field,,,,,
pseudo.pseudo_jewellery_attack_quality,Quality (Attack Modifiers): #%,field,classed,the first pass: field,,,,,
pseudo.pseudo_jewellery_defense_quality,Quality (Defence Modifiers): #%,field,classed,the first pass: field,,,,,
pseudo.pseudo_jewellery_resource_quality,Quality (Life and Mana Modifiers): #%,field,classed,the first pass: field,,,,,
pseudo.pseudo_jewellery_resistance_quality,Quality (Resistance Modifiers): #%,field,classed,the first pass: field,,,,,
pseudo.pseudo_jewellery_attribute_quality,Quality (Attribute Modifiers): #%,field,classed,the first pass: field,,,,,
pseudo.pseudo_jewellery_physical_chaos_quality,Quality (Physical and Chaos Damage Modifiers): #%,field,classed,the first pass: field,,,,,
pseudo.pseudo_jewellery_speed_quality,Quality (Speed Modifiers): #%,field,classed,the first pass: field,,,,,
pseudo.pseudo_jewellery_critical_quality,Quality (Critical Modifiers): #%,field,classed,the first pass: field,,,,,
pseudo.pseudo_jewellery_prefix_quality,Quality (Prefix Modifiers): #%,field,classed,the first pass: field,,,,,
pseudo.pseudo_jewellery_suffix_quality,Quality (Suffix Modifiers): #%,field,classed,the first pass: field,,,,,
pseudo.pseudo_map_conversion_shaper_map,#% chance for dropped Maps to convert to Shaper Maps,field,classed,the first pass: field,,,,,
pseudo.pseudo_map_conversion_elder_map,#% chance for dropped Maps to convert to Elder Maps,field,classed,the first pass: field,,,,,
pseudo.pseudo_map_conversion_conqueror_map,#% chance for dropped Maps to convert to Conqueror Maps,field,classed,the first pass: field,,,,,
pseudo.pseudo_map_conversion_unique_map,#% chance for dropped Maps to convert to Unique Maps,field,classed,the first pass: field,,,,,
pseudo.pseudo_map_conversion_scarab,#% chance for dropped Maps to convert to Scarabs,field,classed,the first pass: field,,,,,
pseudo.pseudo_map_conversion_maven_invitation,#% chance for dropped Maps to convert to Maven Invitations,field,classed,the first pass: field,,,,,
pseudo.pseudo_map_conversion_memory_line,#% chance for dropped Maps to convert to Atlas Memories,field,classed,the first pass: field,,,,,
pseudo.pseudo_map_quality_rarity,Quality (Rarity): #%,field,classed,the first pass: field,,,,,
pseudo.pseudo_map_quality_pack_size,Quality (Pack Size): #%,field,classed,the first pass: field,,,,,
pseudo.pseudo_map_quality_cards,Quality (Divination Cards): #%,field,classed,the first pass: field,,,,,
pseudo.pseudo_map_quality_scarabs,Quality (Scarabs): #%,field,classed,the first pass: field,,,,,
pseudo.pseudo_map_quality_currency,Quality (Currency): #%,field,classed,the first pass: field,,,,,
pseudo.pseudo_map_more_map_drops,More Maps: #%,field,classed,the first pass: field,,,,,
pseudo.pseudo_map_more_scarab_drops,More Scarabs: #%,field,classed,the first pass: field,,,,,
pseudo.pseudo_map_more_currency_drops,More Currency: #%,field,classed,the first pass: field,,,,,
pseudo.pseudo_map_more_card_drops,More Divination Cards: #%,field,classed,the first pass: field,,,,,
pseudo.pseudo_temple_apex,Has Room: Apex of Atzoatl,field,classed,the first pass: field,,,,,
pseudo.pseudo_temple_poison_room_1,Has Room: Poison Garden (Tier 1),field,classed,the first pass: field,,,,,
pseudo.pseudo_temple_sacrifice_room_1,Has Room: Sacrificial Chamber (Tier 1),field,classed,the first pass: field,,,,,
pseudo.pseudo_temple_storm_room_1,Has Room: Tempest Generator (Tier 1),field,classed,the first pass: field,,,,,
pseudo.pseudo_temple_trap_room_1,Has Room: Trap Workshop (Tier 1),field,classed,the first pass: field,,,,,
pseudo.pseudo_temple_cartography_room_1,Has Room: Surveyor's Study (Tier 1),field,classed,the first pass: field,,,,,
pseudo.pseudo_temple_queens_chambers_1,Has Room: Royal Meeting Room (Tier 1),field,classed,the first pass: field,,,,,
pseudo.pseudo_temple_chests_1,Has Room: Storage Room (Tier 1),field,classed,the first pass: field,,,,,
pseudo.pseudo_temple_corruption_room_1,Has Room: Corruption Chamber (Tier 1),field,classed,the first pass: field,,,,,
pseudo.pseudo_temple_explosives_room_1,Has Room: Explosives Room (Tier 1),field,classed,the first pass: field,,,,,
pseudo.pseudo_temple_armour_room_1,Has Room: Armourer's Workshop (Tier 1),field,classed,the first pass: field,,,,,
pseudo.pseudo_temple_weapon_room_1,Has Room: Sparring Room (Tier 1),field,classed,the first pass: field,,,,,
pseudo.pseudo_temple_breeding_room_1,Has Room: Guardhouse (Tier 1),field,classed,the first pass: field,,,,,
pseudo.pseudo_temple_breach_room_1,Has Room: Splinter Research Lab (Tier 1),field,classed,the first pass: field,,,,,
pseudo.pseudo_temple_gem_room_1,Has Room: Gemcutter's Workshop (Tier 1),field,classed,the first pass: field,,,,,
pseudo.pseudo_temple_currency_vault_1,Has Room: Vault (Tier 1),field,classed,the first pass: field,,,,,
pseudo.pseudo_temple_trinket_room_1,Has Room: Jeweller's Workshop (Tier 1),field,classed,the first pass: field,,,,,
pseudo.pseudo_temple_workshop_1,Has Room: Workshop (Tier 1),field,classed,the first pass: field,,,,,
pseudo.pseudo_temple_empowering_room_1,Has Room: Shrine of Empowerment (Tier 1),field,classed,the first pass: field,,,,,
pseudo.pseudo_temple_healing_room_1,Has Room: Pools of Restoration (Tier 1),field,classed,the first pass: field,,,,,
pseudo.pseudo_temple_boss_minions_1,Has Room: Hatchery (Tier 1),field,classed,the first pass: field,,,,,
pseudo.pseudo_temple_boss_fire_1,Has Room: Flame Workshop (Tier 1),field,classed,the first pass: field,,,,,
pseudo.pseudo_temple_boss_lightning_1,Has Room: Lightning Workshop (Tier 1),field,classed,the first pass: field,,,,,
pseudo.pseudo_temple_poison_room_2,Has Room: Cultivar Chamber (Tier 2),field,classed,the first pass: field,,,,,
pseudo.pseudo_temple_sacrifice_room_2,Has Room: Hall of Offerings (Tier 2),field,classed,the first pass: field,,,,,
pseudo.pseudo_temple_storm_room_2,Has Room: Hurricane Engine (Tier 2),field,classed,the first pass: field,,,,,
pseudo.pseudo_temple_trap_room_2,Has Room: Temple Defense Workshop (Tier 2),field,classed,the first pass: field,,,,,
pseudo.pseudo_temple_cartography_room_2,Has Room: Office of Cartography (Tier 2),field,classed,the first pass: field,,,,,
pseudo.pseudo_temple_queens_chambers_2,Has Room: Hall of Lords (Tier 2),field,classed,the first pass: field,,,,,
pseudo.pseudo_temple_chests_2,Has Room: Warehouses (Tier 2),field,classed,the first pass: field,,,,,
pseudo.pseudo_temple_corruption_room_2,Has Room: Catalyst of Corruption (Tier 2),field,classed,the first pass: field,,,,,
pseudo.pseudo_temple_explosives_room_2,Has Room: Demolition Lab (Tier 2),field,classed,the first pass: field,,,,,
pseudo.pseudo_temple_armour_room_2,Has Room: Armoury (Tier 2),field,classed,the first pass: field,,,,,
pseudo.pseudo_temple_weapon_room_2,Has Room: Arena of Valour (Tier 2),field,classed,the first pass: field,,,,,
pseudo.pseudo_temple_breeding_room_2,Has Room: Barracks (Tier 2),field,classed,the first pass: field,,,,,
pseudo.pseudo_temple_breach_room_2,Has Room: Breach Containment Chamber (Tier 2),field,classed,the first pass: field,,,,,
pseudo.pseudo_temple_gem_room_2,Has Room: Department of Thaumaturgy (Tier 2),field,classed,the first pass: field,,,,,
pseudo.pseudo_temple_currency_vault_2,Has Room: Treasury (Tier 2),field,classed,the first pass: field,,,,,
pseudo.pseudo_temple_trinket_room_2,Has Room: Jewellery Forge (Tier 2),field,classed,the first pass: field,,,,,
pseudo.pseudo_temple_workshop_2,Has Room: Engineering Department (Tier 2),field,classed,the first pass: field,,,,,
pseudo.pseudo_temple_empowering_room_2,Has Room: Sanctum of Unity (Tier 2),field,classed,the first pass: field,,,,,
pseudo.pseudo_temple_healing_room_2,Has Room: Sanctum of Vitality (Tier 2),field,classed,the first pass: field,,,,,
pseudo.pseudo_temple_boss_minions_2,Has Room: Automaton Lab (Tier 2),field,classed,the first pass: field,,,,,
pseudo.pseudo_temple_boss_fire_2,Has Room: Omnitect Forge (Tier 2),field,classed,the first pass: field,,,,,
pseudo.pseudo_temple_boss_lightning_2,Has Room: Omnitect Reactor Plant (Tier 2),field,classed,the first pass: field,,,,,
pseudo.pseudo_temple_poison_room_3,Has Room: Toxic Grove (Tier 3),field,classed,the first pass: field,,,,,
pseudo.pseudo_temple_sacrifice_room_3,Has Room: Apex of Ascension (Tier 3),field,classed,the first pass: field,,,,,
pseudo.pseudo_temple_storm_room_3,Has Room: Storm of Corruption (Tier 3),field,classed,the first pass: field,,,,,
pseudo.pseudo_temple_trap_room_3,Has Room: Defense Research Lab (Tier 3),field,classed,the first pass: field,,,,,
pseudo.pseudo_temple_cartography_room_3,Has Room: Atlas of Worlds (Tier 3),field,classed,the first pass: field,,,,,
pseudo.pseudo_temple_queens_chambers_3,Has Room: Throne of Atziri (Tier 3),field,classed,the first pass: field,,,,,
pseudo.pseudo_temple_chests_3,Has Room: Museum of Artefacts (Tier 3),field,classed,the first pass: field,,,,,
pseudo.pseudo_temple_corruption_room_3,Has Room: Locus of Corruption (Tier 3),field,classed,the first pass: field,,,,,
pseudo.pseudo_temple_explosives_room_3,Has Room: Shrine of Unmaking (Tier 3),field,classed,the first pass: field,,,,,
pseudo.pseudo_temple_armour_room_3,Has Room: Chamber of Iron (Tier 3),field,classed,the first pass: field,,,,,
pseudo.pseudo_temple_weapon_room_3,Has Room: Hall of Champions (Tier 3),field,classed,the first pass: field,,,,,
pseudo.pseudo_temple_breeding_room_3,Has Room: Hall of War (Tier 3),field,classed,the first pass: field,,,,,
pseudo.pseudo_temple_breach_room_3,Has Room: House of the Others (Tier 3),field,classed,the first pass: field,,,,,
pseudo.pseudo_temple_gem_room_3,Has Room: Doryani's Institute (Tier 3),field,classed,the first pass: field,,,,,
pseudo.pseudo_temple_currency_vault_3,Has Room: Wealth of the Vaal (Tier 3),field,classed,the first pass: field,,,,,
pseudo.pseudo_temple_trinket_room_3,Has Room: Glittering Halls (Tier 3),field,classed,the first pass: field,,,,,
pseudo.pseudo_temple_workshop_3,Has Room: Factory (Tier 3),field,classed,the first pass: field,,,,,
pseudo.pseudo_temple_empowering_room_3,Has Room: Temple Nexus (Tier 3),field,classed,the first pass: field,,,,,
pseudo.pseudo_temple_healing_room_3,Has Room: Sanctum of Immortality (Tier 3),field,classed,the first pass: field,,,,,
pseudo.pseudo_temple_boss_minions_3,Has Room: Hybridisation Chamber (Tier 3),field,classed,the first pass: field,,,,,
pseudo.pseudo_temple_boss_fire_3,Has Room: Crucible of Flame (Tier 3),field,classed,the first pass: field,,,,,
pseudo.pseudo_temple_boss_lightning_3,Has Room: Conduit of Lightning (Tier 3),field,classed,the first pass: field,,,,,
pseudo.pseudo_temple_chasm_room,Has Room: Chasm,field,classed,the first pass: field,,,,,
pseudo.pseudo_temple_passageways,Has Room: Passageways,field,classed,the first pass: field,,,,,
pseudo.pseudo_temple_halls,Has Room: Halls,field,classed,the first pass: field,,,,,
pseudo.pseudo_temple_tunnels,Has Room: Tunnels,field,classed,the first pass: field,,,,,
pseudo.pseudo_temple_the_pits,Has Room: Pits,field,classed,the first pass: field,,,,,
pseudo.pseudo_temple_banquet_hall,Has Room: Banquet Hall,field,classed,the first pass: field,,,,,
pseudo.pseudo_temple_tombs,Has Room: Tombs,field,classed,the first pass: field,,,,,
pseudo.pseudo_temple_antechamber,Has Room: Antechamber,field,classed,the first pass: field,,,,,
pseudo.pseudo_temple_cellar,Has Room: Cellar,field,classed,the first pass: field,,,,,
pseudo.pseudo_temple_cloister,Has Room: Cloister,field,classed,the first pass: field,,,,,
pseudo.pseudo_temple_torment_1,Has Room: Torment Cells (Tier 1),field,classed,the first pass: field,,,,,
pseudo.pseudo_temple_torment_2,Has Room: Torture Cages (Tier 2),field,classed,the first pass: field,,,,,
pseudo.pseudo_temple_torment_3,Has Room: Sadist's Den (Tier 3),field,classed,the first pass: field,,,,,
pseudo.pseudo_temple_strongbox_1,Has Room: Strongbox Chamber (Tier 1),field,classed,the first pass: field,,,,,
pseudo.pseudo_temple_strongbox_2,Has Room: Hall of Locks (Tier 2),field,classed,the first pass: field,,,,,
pseudo.pseudo_temple_strongbox_3,Has Room: Court of Sealed Death (Tier 3),field,classed,the first pass: field,,,,,
pseudo.pseudo_temple_legion_1,Has Room: Hall of Mettle (Tier 1),field,classed,the first pass: field,,,,,
pseudo.pseudo_temple_legion_2,Has Room: Hall of Heroes (Tier 2),field,classed,the first pass: field,,,,,
pseudo.pseudo_temple_legion_3,Has Room: Hall of Legends (Tier 3),field,classed,the first pass: field,,,,,
pseudo.pseudo_logbook_faction_druids,Has Logbook Faction: Druids of the Broken Circle,unresolved,another read,capture an Expedition Logbook and check for a `logbookMods` array carrying the faction and area,,,,,
pseudo.pseudo_logbook_faction_mercenaries,Has Logbook Faction: Black Scythe Mercenaries,unresolved,another read,capture an Expedition Logbook and check for a `logbookMods` array carrying the faction and area,,,,,
pseudo.pseudo_logbook_faction_order,Has Logbook Faction: Order of the Chalice,unresolved,another read,capture an Expedition Logbook and check for a `logbookMods` array carrying the faction and area,,,,,
pseudo.pseudo_logbook_faction_knights,Has Logbook Faction: Knights of the Sun,unresolved,another read,capture an Expedition Logbook and check for a `logbookMods` array carrying the faction and area,,,,,
pseudo.pseudo_logbook_area_battleground_graves,Has Logbook Area: Battleground Graves,unresolved,another read,capture an Expedition Logbook and check for a `logbookMods` array carrying the faction and area,,,,,
pseudo.pseudo_logbook_area_karui_wargraves,Has Logbook Area: Karui Wargraves,unresolved,another read,capture an Expedition Logbook and check for a `logbookMods` array carrying the faction and area,,,,,
pseudo.pseudo_logbook_area_bluffs,Has Logbook Area: Bluffs,unresolved,another read,capture an Expedition Logbook and check for a `logbookMods` array carrying the faction and area,,,,,
pseudo.pseudo_logbook_area_rotting_temple,Has Logbook Area: Rotting Temple,unresolved,another read,capture an Expedition Logbook and check for a `logbookMods` array carrying the faction and area,,,,,
pseudo.pseudo_logbook_area_shipwreck_reef,Has Logbook Area: Shipwreck Reef,unresolved,another read,capture an Expedition Logbook and check for a `logbookMods` array carrying the faction and area,,,,,
pseudo.pseudo_logbook_area_cemetery,Has Logbook Area: Cemetery,unresolved,another read,capture an Expedition Logbook and check for a `logbookMods` array carrying the faction and area,,,,,
pseudo.pseudo_logbook_area_sarn_slums,Has Logbook Area: Sarn Slums,unresolved,another read,capture an Expedition Logbook and check for a `logbookMods` array carrying the faction and area,,,,,
pseudo.pseudo_logbook_area_dried_riverbed,Has Logbook Area: Dried Riverbed,unresolved,another read,capture an Expedition Logbook and check for a `logbookMods` array carrying the faction and area,,,,,
pseudo.pseudo_logbook_area_mountainside,Has Logbook Area: Mountainside,unresolved,another read,capture an Expedition Logbook and check for a `logbookMods` array carrying the faction and area,,,,,
pseudo.pseudo_logbook_area_forest_ruins,Has Logbook Area: Forest Ruins,unresolved,another read,capture an Expedition Logbook and check for a `logbookMods` array carrying the faction and area,,,,,
pseudo.pseudo_logbook_area_desert_ruins,Has Logbook Area: Desert Ruins,unresolved,another read,capture an Expedition Logbook and check for a `logbookMods` array carrying the faction and area,,,,,
pseudo.pseudo_logbook_area_vaal_temple,Has Logbook Area: Vaal Temple,unresolved,another read,capture an Expedition Logbook and check for a `logbookMods` array carrying the faction and area,,,,,
pseudo.pseudo_logbook_area_utzaal_outskirts,Has Logbook Area: Utzaal Outskirts,unresolved,another read,capture an Expedition Logbook and check for a `logbookMods` array carrying the faction and area,,,,,
pseudo.pseudo_logbook_area_scrublands,Has Logbook Area: Scrublands,unresolved,another read,capture an Expedition Logbook and check for a `logbookMods` array carrying the faction and area,,,,,
pseudo.pseudo_logbook_area_volcano,Has Logbook Area: Volcanic Island,unresolved,another read,capture an Expedition Logbook and check for a `logbookMods` array carrying the faction and area,,,,,
pseudo.lake_62572,Reflection of Breach (Difficulty #),unresolved,another read,fetch a Mirrored Tablet from trade (or capture one) and read its pseudoMods against its properties,,,,,
pseudo.lake_27117,Reflection of the Dream (Difficulty #),unresolved,another read,fetch a Mirrored Tablet from trade (or capture one) and read its pseudoMods against its properties,,,,,
pseudo.lake_62935,Reflection of the Breachlord (Difficulty #),unresolved,another read,fetch a Mirrored Tablet from trade (or capture one) and read its pseudoMods against its properties,,,,,
pseudo.lake_22138,Reflection of Delirium (Difficulty #),unresolved,another read,fetch a Mirrored Tablet from trade (or capture one) and read its pseudoMods against its properties,,,,,
pseudo.lake_42468,Reflection of Flame (Difficulty #),unresolved,another read,fetch a Mirrored Tablet from trade (or capture one) and read its pseudoMods against its properties,,,,,
pseudo.lake_35395,Reflection of Camaraderie (Difficulty #),unresolved,another read,fetch a Mirrored Tablet from trade (or capture one) and read its pseudoMods against its properties,,,,,
pseudo.lake_1931,Reflection of Conflict (Difficulty #),unresolved,another read,fetch a Mirrored Tablet from trade (or capture one) and read its pseudoMods against its properties,,,,,
pseudo.lake_35950,Reflection of Power (Difficulty #),unresolved,another read,fetch a Mirrored Tablet from trade (or capture one) and read its pseudoMods against its properties,,,,,
pseudo.lake_60981,Reflection of Tyranny (Difficulty #),unresolved,another read,fetch a Mirrored Tablet from trade (or capture one) and read its pseudoMods against its properties,,,,,
pseudo.lake_38110,Reflection of Frost (Difficulty #),unresolved,another read,fetch a Mirrored Tablet from trade (or capture one) and read its pseudoMods against its properties,,,,,
pseudo.lake_2745,Reflection of the Storm (Difficulty #),unresolved,another read,fetch a Mirrored Tablet from trade (or capture one) and read its pseudoMods against its properties,,,,,
pseudo.lake_29096,Reflection of Brutality (Difficulty #),unresolved,another read,fetch a Mirrored Tablet from trade (or capture one) and read its pseudoMods against its properties,,,,,
pseudo.lake_50834,Reflection of Chaos (Difficulty #),unresolved,another read,fetch a Mirrored Tablet from trade (or capture one) and read its pseudoMods against its properties,,,,,
pseudo.lake_48307,Reflection of Ambush (Difficulty #),unresolved,another read,fetch a Mirrored Tablet from trade (or capture one) and read its pseudoMods against its properties,,,,,
pseudo.lake_44399,Reflection of Entrapment (Difficulty #),unresolved,another read,fetch a Mirrored Tablet from trade (or capture one) and read its pseudoMods against its properties,,,,,
pseudo.lake_46772,Reflection of the Trove (Difficulty #),unresolved,another read,fetch a Mirrored Tablet from trade (or capture one) and read its pseudoMods against its properties,,,,,
pseudo.lake_49862,Reflection of Essence (Difficulty #),unresolved,another read,fetch a Mirrored Tablet from trade (or capture one) and read its pseudoMods against its properties,,,,,
pseudo.lake_10363,Reflection of Imprisonment (Difficulty #),unresolved,another read,fetch a Mirrored Tablet from trade (or capture one) and read its pseudoMods against its properties,,,,,
pseudo.lake_26813,Reflection of Thralldom (Difficulty #),unresolved,another read,fetch a Mirrored Tablet from trade (or capture one) and read its pseudoMods against its properties,,,,,
pseudo.lake_37203,Reflection of the Harbingers (Difficulty #),unresolved,another read,fetch a Mirrored Tablet from trade (or capture one) and read its pseudoMods against its properties,,,,,
pseudo.lake_49488,Reflection of Fractured Dimensions (Difficulty #),unresolved,another read,fetch a Mirrored Tablet from trade (or capture one) and read its pseudoMods against its properties,,,,,
pseudo.lake_7674,Reflection of Phaaryl (Difficulty #),unresolved,another read,fetch a Mirrored Tablet from trade (or capture one) and read its pseudoMods against its properties,,,,,
pseudo.lake_63412,Reflection of Domination (Difficulty #),unresolved,another read,fetch a Mirrored Tablet from trade (or capture one) and read its pseudoMods against its properties,,,,,
pseudo.lake_24451,Reflection of Occultism (Difficulty #),unresolved,another read,fetch a Mirrored Tablet from trade (or capture one) and read its pseudoMods against its properties,,,,,
pseudo.lake_27678,Reflection of Perverted Faith (Difficulty #),unresolved,another read,fetch a Mirrored Tablet from trade (or capture one) and read its pseudoMods against its properties,,,,,
pseudo.lake_36591,Reflection of Kalandra (Difficulty #),unresolved,another read,fetch a Mirrored Tablet from trade (or capture one) and read its pseudoMods against its properties,,,,,
pseudo.lake_3699,Reflection of Metamorph (Difficulty #),unresolved,another read,fetch a Mirrored Tablet from trade (or capture one) and read its pseudoMods against its properties,,,,,
pseudo.lake_57850,Reflection of Catalysis (Difficulty #),unresolved,another read,fetch a Mirrored Tablet from trade (or capture one) and read its pseudoMods against its properties,,,,,
pseudo.lake_55676,Reflection of Experimentation (Difficulty #),unresolved,another read,fetch a Mirrored Tablet from trade (or capture one) and read its pseudoMods against its properties,,,,,
pseudo.lake_38892,Reflection of Abyss (Difficulty #),unresolved,another read,fetch a Mirrored Tablet from trade (or capture one) and read its pseudoMods against its properties,,,,,
pseudo.lake_57101,Reflection of the Chasm (Difficulty #),unresolved,another read,fetch a Mirrored Tablet from trade (or capture one) and read its pseudoMods against its properties,,,,,
pseudo.lake_34457,Reflection of Darkness (Difficulty #),unresolved,another read,fetch a Mirrored Tablet from trade (or capture one) and read its pseudoMods against its properties,,,,,
pseudo.lake_55569,Reflection of Bestiary (Difficulty #),unresolved,another read,fetch a Mirrored Tablet from trade (or capture one) and read its pseudoMods against its properties,,,,,
pseudo.lake_18816,Reflection of the Hunter (Difficulty #),unresolved,another read,fetch a Mirrored Tablet from trade (or capture one) and read its pseudoMods against its properties,,,,,
pseudo.lake_29224,Reflection of the Wilderness (Difficulty #),unresolved,another read,fetch a Mirrored Tablet from trade (or capture one) and read its pseudoMods against its properties,,,,,
pseudo.lake_43128,Reflection of the Broken Circle (Difficulty #),unresolved,another read,fetch a Mirrored Tablet from trade (or capture one) and read its pseudoMods against its properties,,,,,
pseudo.lake_9662,Reflection of the Black Scythe (Difficulty #),unresolved,another read,fetch a Mirrored Tablet from trade (or capture one) and read its pseudoMods against its properties,,,,,
pseudo.lake_64561,Reflection of the Chalice (Difficulty #),unresolved,another read,fetch a Mirrored Tablet from trade (or capture one) and read its pseudoMods against its properties,,,,,
pseudo.lake_60034,Reflection of the Sun (Difficulty #),unresolved,another read,fetch a Mirrored Tablet from trade (or capture one) and read its pseudoMods against its properties,,,,,
pseudo.lake_403,Reflection of Legion (Difficulty #),unresolved,another read,fetch a Mirrored Tablet from trade (or capture one) and read its pseudoMods against its properties,,,,,
pseudo.lake_32968,Reflection of Stasis (Difficulty #),unresolved,another read,fetch a Mirrored Tablet from trade (or capture one) and read its pseudoMods against its properties,,,,,
pseudo.lake_34796,Reflection of the Monolith (Difficulty #),unresolved,another read,fetch a Mirrored Tablet from trade (or capture one) and read its pseudoMods against its properties,,,,,
pseudo.lake_62360,Reflection of Scourge (Difficulty #),unresolved,another read,fetch a Mirrored Tablet from trade (or capture one) and read its pseudoMods against its properties,,,,,
pseudo.lake_28500,Reflection of Demonfire (Difficulty #),unresolved,another read,fetch a Mirrored Tablet from trade (or capture one) and read its pseudoMods against its properties,,,,,
pseudo.lake_24232,Reflection of the Nightmare (Difficulty #),unresolved,another read,fetch a Mirrored Tablet from trade (or capture one) and read its pseudoMods against its properties,,,,,
pseudo.lake_53950,Reflection of Torment (Difficulty #),unresolved,another read,fetch a Mirrored Tablet from trade (or capture one) and read its pseudoMods against its properties,,,,,
pseudo.lake_25049,Reflection of Possession (Difficulty #),unresolved,another read,fetch a Mirrored Tablet from trade (or capture one) and read its pseudoMods against its properties,,,,,
pseudo.lake_25480,Reflection of Guilt (Difficulty #),unresolved,another read,fetch a Mirrored Tablet from trade (or capture one) and read its pseudoMods against its properties,,,,,
pseudo.lake_18737,Reflection of Delve (Difficulty #),unresolved,another read,fetch a Mirrored Tablet from trade (or capture one) and read its pseudoMods against its properties,,,,,
pseudo.lake_45086,Reflection of Sulphite (Difficulty #),unresolved,another read,fetch a Mirrored Tablet from trade (or capture one) and read its pseudoMods against its properties,,,,,
pseudo.lake_40031,Reflection of Azurite (Difficulty #),unresolved,another read,fetch a Mirrored Tablet from trade (or capture one) and read its pseudoMods against its properties,,,,,
pseudo.lake_50846,Reflection of Paradise (Difficulty #),unresolved,another read,fetch a Mirrored Tablet from trade (or capture one) and read its pseudoMods against its properties,,,,,
pseudo.lake_40794,Reflection of Angling (Difficulty #),unresolved,another read,fetch a Mirrored Tablet from trade (or capture one) and read its pseudoMods against its properties,,,,,
