# generated by scripts/percentile-shapes.py from ../item-facts/raw/m3/store/mock/GERWARIC_7694.db (read-only), crates/acquisition-search/reference/classes-v1.toml, ../repoe/data/base-defences.csv, ../repoe/data/trade-stat-map.csv, data/captures.json and poe1/data/stats.json @ e2bd511a
shape,what,copy_items,copy_value,copy_span,"unread, no ar roll gives the display (none in range)","unread, no es roll gives the display (none in range)","unread, no ev roll gives the display (none in range)","unread, no ev roll gives the display (under the minimum)","unread, realm poe2 has no table",captured_items,captured_reproduced_from_text,captured_q20_predicted,captured_q20_reproduced_from_text
C1,"three defence types: the base has three of armour, evasion, energy shield",3,3,0,0,0,0,0,0,0,0,0,0
C2,ward: the base has ward,13,13,0,0,0,0,0,0,2,2,0,0
C3,a shield,269,265,0,0,2,1,0,1,20,20,20,20
C4,a helmet,745,745,0,0,0,0,0,0,214,213,212,212
C5,gloves,402,400,0,0,1,1,0,0,146,146,145,145
C6,quality above 20,28,28,0,0,0,0,0,0,6,6,5,5
C7,`Quality does not increase Defences`,2,2,0,0,0,0,0,0,0,0,0,0
C8,a unique,879,873,0,1,2,3,0,0,160,160,127,127
C9,a defence shown that the base lacks (a flat line of another type),16,15,0,0,0,1,0,0,34,34,1,1
C10,"a roll over the base's maximum: no roll in range gives the display, one above does",0,0,0,0,0,0,0,0,0,0,0,0
C11,a realm with no table (poe2),22,0,0,0,0,0,0,22,0,0,0,0
C12,a display at an exact half: another roll gives it if a half may round down,9,0,0,2,4,3,0,0,2,0,0,0
C13,a `reduced` local defence line,0,0,0,0,0,0,0,0,0,0,0,0
C14,"a defence line under its global twin, which a private item's text does not tell apart; on the copy, seen only where no roll in range then gives the display, one under it does",1,0,0,0,0,0,1,0,0,0,0,0
none,none of them,491,491,0,0,0,0,0,0,95,95,95,95
