locator,base,base_row,quality,armour,evasion,energy_shield,ward,local_lines,site_value,site_q20,q20_predicted,apt_type,apt_point,apt_lo,apt_hi,pob_ar_lo,pob_ar_hi,pob_ev_lo,pob_ev_hi,pob_es_lo,pob_es_hi,pob_ward_lo,pob_ward_hi,pob_avg_lo,pob_avg_hi,site_rolls,site_lo,site_hi,apt_exact,apt_within,pob_avg_within,site_within
queries.q2.fetched[0],Carnal Boots,base-defences.csv row 58,0,,113,23,,,76,136,136,ev,78,75,81,,,75,80.56,62.5,87.5,,,68.75,84.03,ev=113;es=23,76,76,no,yes,yes,yes
queries.q2.fetched[1],Samite Slippers,base-defences.csv row 341,9,,,33,,,0,36,36,es,6,0,15,,,,,0,14.68,,,0,14.68,es=30,0,0,no,yes,yes,yes
queries.q2.fetched[2],Shagreen Boots,base-defences.csv row 360,0,,356,,,+113 to Evasion Rating; 18% increased Evasion Rating,25,428,428,ev,24,23,25,,,22.98,25.33,,,,,22.98,25.33,ev=189,25,25,no,yes,yes,yes
queries.q2.fetched[3],Sorcerer Boots,base-defences.csv row 384,0,,,62,,19% increased Energy Shield,13,74,74,es,14,9,19,,,,,8.51,19.01,,,8.51,19.01,es=52,13,13,no,yes,yes,yes
queries.q2.fetched[4],Carnal Boots,base-defences.csv row 58,0,,181,46,,+66 to Evasion Rating; +23 to maximum Energy Shield,82,217,217,ev,89,86,92,,,86.11,91.67,62.5,87.5,,,74.31,89.59,ev=115;es=23,82,82,no,no,yes,yes
queries.q2.fetched[5],Antique Greaves,base-defences.csv row 14,0,207,,,,70% increased Armour,0,249,249,ar,0,0,0,0,0.27,,,,,,,0,0.27,ar=122,0,0,yes,yes,yes,yes
queries.q2.fetched[6],Dragonscale Boots,base-defences.csv row 117,0,210,210,,,69% increased Armour and Evasion,17,251,251,ar,18,16,20,16.47,19.76,16.47,19.76,,,,,16.47,19.76,ar=124;ev=124,17,17,no,yes,yes,yes
queries.q2.fetched[7],Soldier Boots,base-defences.csv row 380,0,88,,18,,,0,106,106,ar,0,0,5,0,4.55,,,0,25,,,0,14.78,ar=88;es=18,0,0,yes,yes,yes,yes
queries.q2.fetched[8],Two-Toned Boots,base-defences.csv row 438,0,135,135,,,7% increased Armour and Evasion,0,162,162,ar,1,0,3,0,3.34,0,3.34,,,,,0,3.34,ar=126;ev=126,0,0,no,yes,yes,yes
queries.q2.fetched[9],Shagreen Boots,base-defences.csv row 360,20,,776,,,+133 to Evasion Rating; 99% increased Evasion Rating,33,776,776,ev,33,33,34,,,32.64,33.8,,,,,32.64,33.8,ev=192,33,33,yes,yes,yes,yes
queries.q4.fetched[0],Cutthroat's Garb,base-defences.csv row 105,0,,599,,,13% increased Evasion Rating,0,719,719,ev,0,0,1,,,0,0.83,,,,,0,0.83,ev=530,0,0,yes,yes,yes,yes
queries.q4.fetched[1],Gladiator Plate,base-defences.csv row 167,20,1541,,,,74% increased Armour,0,1541,1541,ar,0,0,0,0,0.24,,,,,,,0,0.24,ar=738,0,0,yes,yes,yes,yes
queries.q4.fetched[2],Assassin's Garb,base-defences.csv row 24,20,,1955,,,121% increased Evasion Rating,0,1955,1955,ev,0,0,0,,,0,0.5,,,,,0,0.5,ev=737,0,0,yes,yes,yes,yes
queries.q4.fetched[3],Triumphant Lamellar,base-defences.csv row 434,0,540,677,,,42% increased Armour and Evasion,0,648,648,ar,0,0,1,0,1.11,0,0.16,,,,,0,0.64,ar=380;ev=477,0,0,yes,yes,yes,yes
queries.q4.fetched[4],Crusader Plate,base-defences.csv row 103,0,942,,,,+341 to Armour,0,1130,1130,ar,0,0,1,0,0.56,,,,,,,0,0.56,ar=601,0,0,yes,yes,yes,yes
queries.q4.fetched[5],Majestic Plate,base-defences.csv row 247,0,530,,,,,0,636,636,ar,0,0,1,0,0.53,,,,,,,0,0.53,ar=530,0,0,yes,yes,yes,yes
queries.q4.fetched[6],Crypt Armour,base-defences.csv row 104,0,,308,63,,,0,370,370,ev,0,0,1,,,0,0.82,0,3.85,,,0,2.33,ev=308;es=63,0,0,yes,yes,yes,yes
queries.q4.fetched[7],Crusader Plate,base-defences.csv row 103,0,649,,,,+48 to Armour,0,779,779,ar,0,0,1,0,0.56,,,,,,,0,0.56,ar=601,0,0,yes,yes,yes,yes
queries.q4.fetched[8],Spidersilk Robe,base-defences.csv row 388,0,,,101,,,0,121,121,es,0,0,3,,,,,0,3.12,,,0,3.12,es=101,0,0,yes,yes,yes,yes
queries.q4.fetched[9],Savant's Robe,base-defences.csv row 346,12,,,129,,,0,138,138,es,1,0,4,,,,,0,3.68,,,0,3.68,es=115,0,0,no,yes,yes,yes
queries.q6.fetched[0],Titan Plate,base-defences.csv row 423,0,1255,,,,+66 to Armour; 21% increased Armour,71,1506,1506,ar,71,71,72,71.04,71.67,,,,,,,71.04,71.67,ar=971,71,71,yes,yes,yes,yes
queries.q6.fetched[1],Titan Plate,base-defences.csv row 423,0,1356,,,,+90 to Armour; 31% increased Armour,52,1627,1627,ar,52,51,52,51.31,51.89,,,,,,,51.31,51.89,ar=945,52,52,yes,yes,yes,yes
queries.q6.fetched[2],Glorious Plate,base-defences.csv row 169,9,1447,,,,+81 to Armour; 38% increased Armour,91,1593,1593,ar,90,90,91,90.21,90.78,,,,,,,90.21,90.78,ar=881,91,91,no,yes,yes,yes
queries.q6.fetched[3],Royal Plate,base-defences.csv row 320,20,3131,,,,+138 to Armour; 95% increased Armour,10,3131,3131,ar,10,10,10,9.5,9.74,,,,,,,9.5,9.74,ar=1200,10,10,yes,yes,yes,yes
queries.q6.fetched[4],Glorious Plate,base-defences.csv row 169,0,1267,,,,+97 to Armour; 42% increased Armour,16,1520,1520,ar,17,16,17,16.29,16.9,,,,,,,16.29,16.9,ar=795,16,16,no,yes,yes,yes
queries.q6.fetched[5],Bronze Plate,base-defences.csv row 47,0,902,,,,+71 to Armour; 100% increased Armour,13,1082,1082,ar,13,12,13,12.05,12.95,,,,,,,12.05,12.95,ar=380,13,13,yes,yes,yes,yes
queries.q6.fetched[6],Titan Plate,base-defences.csv row 423,5,1433,,,,+96 to Armour; 35% increased Armour,29,1638,1638,ar,29,28,29,28.47,29.01,,,,,,,28.47,29.01,ar=915,29,29,yes,yes,yes,yes
queries.q6.fetched[7],Glorious Plate,base-defences.csv row 169,0,1122,,,,36% increased Armour,42,1346,1346,ar,42,42,43,41.92,42.56,,,,,,,41.92,42.56,ar=825,42,42,yes,yes,yes,yes
queries.q6.fetched[8],Crusader Plate,base-defences.csv row 103,0,1094,,,,82% increased Armour,0,1313,1313,ar,0,0,0,0,0.42,,,,,,,0,0.42,ar=601,0,0,yes,yes,yes,yes
queries.q6.fetched[9],Titan Plate,base-defences.csv row 423,0,1919,,,,+44 to Armour; 90% increased Armour,67,2303,2303,ar,67,67,68,67.22,67.62,,,,,,,67.22,67.62,ar=966,67,67,yes,yes,yes,yes
