id,text,class,evidence_source,evidence_locator,note
pseudo.pseudo_total_cold_resistance,+#% total to Cold Resistance,sum,search/cpp-search/data/pseudomods.toml,"[[pseudomod]] name=""+#% total to Cold Resistance""","sums the listed templates, a template listed N times counting N times"
pseudo.pseudo_total_fire_resistance,+#% total to Fire Resistance,sum,search/trade-query/data/fetch-census.json,queries.q5.fetched[0].lines.pseudoMods[0],the site's own answer on a fetched item (+80% total to Fire Resistance); pseudomods.toml sums the same lines
pseudo.pseudo_total_lightning_resistance,+#% total to Lightning Resistance,sum,search/cpp-search/data/pseudomods.toml,"[[pseudomod]] name=""+#% total to Lightning Resistance""","sums the listed templates, a template listed N times counting N times"
pseudo.pseudo_total_elemental_resistance,+#% total Elemental Resistance,sum,search/cpp-search/data/pseudomods.toml,"[[pseudomod]] name=""+#% total Elemental Resistance""","sums the listed templates, a template listed N times counting N times"
pseudo.pseudo_total_chaos_resistance,+#% total to Chaos Resistance,sum,search/cpp-search/data/pseudomods.toml,"[[pseudomod]] name=""+#% total to Chaos Resistance""","sums the listed templates, a template listed N times counting N times"
pseudo.pseudo_total_resistance,+#% total Resistance,sum,search/cpp-search/data/pseudomods.toml,"[[pseudomod]] name=""+#% total Resistance""","sums the listed templates, a template listed N times counting N times"
pseudo.pseudo_count_resistances,# total Resistances,unresolved,,,"run one trade search on this id and read the returned item's pseudoMods against its lines, as fetch-census Q5 did for fire resistance; no input names the lines it aggregates"
pseudo.pseudo_count_elemental_resistances,# total Elemental Resistances,unresolved,,,"run one trade search on this id and read the returned item's pseudoMods against its lines, as fetch-census Q5 did for fire resistance; no input names the lines it aggregates"
pseudo.pseudo_total_all_elemental_resistances,+#% total to all Elemental Resistances,unresolved,,,"run one trade search on this id and read the returned item's pseudoMods against its lines, as fetch-census Q5 did for fire resistance; no input names the lines it aggregates"
pseudo.pseudo_total_strength,+# total to Strength,sum,search/cpp-search/data/pseudomods.toml,"[[pseudomod]] name=""+# total to Strength""","sums the listed templates, a template listed N times counting N times"
pseudo.pseudo_total_dexterity,+# total to Dexterity,sum,search/cpp-search/data/pseudomods.toml,"[[pseudomod]] name=""+# total to Dexterity""","sums the listed templates, a template listed N times counting N times"
pseudo.pseudo_total_intelligence,+# total to Intelligence,sum,search/cpp-search/data/pseudomods.toml,"[[pseudomod]] name=""+# total to Intelligence""","sums the listed templates, a template listed N times counting N times"
pseudo.pseudo_total_all_attributes,+# total to all Attributes,unresolved,,,"run one trade search on this id and read the returned item's pseudoMods against its lines, as fetch-census Q5 did for fire resistance; no input names the lines it aggregates"
pseudo.pseudo_total_life,+# total maximum Life,sum,search/trade-query/data/fetch-census.json,queries.q4.fetched[0].lines.pseudoMods[1],the site's own answer on a fetched item (+71 total maximum Life)
pseudo.pseudo_total_mana,+# total maximum Mana,unresolved,,,"run one trade search on this id and read the returned item's pseudoMods against its lines, as fetch-census Q5 did for fire resistance; no input names the lines it aggregates"
pseudo.pseudo_total_energy_shield,+# total maximum Energy Shield,unresolved,,,"run one trade search on this id and read the returned item's pseudoMods against its lines, as fetch-census Q5 did for fire resistance; no input names the lines it aggregates"
pseudo.pseudo_increased_energy_shield,#% total increased maximum Energy Shield,unresolved,,,"run one trade search on this id and read the returned item's pseudoMods against its lines, as fetch-census Q5 did for fire resistance; no input names the lines it aggregates"
pseudo.pseudo_total_attack_speed,+#% total Attack Speed,sum,search/cpp-search/data/pseudomods.toml,"[[pseudomod]] name=""+#% total Attack Speed""","sums the listed templates, a template listed N times counting N times"
pseudo.pseudo_total_cast_speed,+#% total Cast Speed,sum,search/cpp-search/data/pseudomods.toml,"[[pseudomod]] name=""+#% total Cast Speed""","sums the listed templates, a template listed N times counting N times"
pseudo.pseudo_increased_movement_speed,#% increased Movement Speed,unresolved,,,"run one trade search on this id and read the returned item's pseudoMods against its lines, as fetch-census Q5 did for fire resistance; the text matches mod-templates.csv row 16 but no input states the set it sums"
pseudo.pseudo_increased_physical_damage,#% total increased Physical Damage,sum,search/cpp-search/data/pseudomods.toml,"[[pseudomod]] name=""+#% total increased Physical Damage""","sums the listed templates, a template listed N times counting N times; the C++ name differs by its leading '+'"
pseudo.pseudo_global_critical_strike_chance,+#% Global Critical Strike Chance,unresolved,,,"run one trade search on this id and read the returned item's pseudoMods against its lines, as fetch-census Q5 did for fire resistance; no input names the lines it aggregates"
pseudo.pseudo_critical_strike_chance_for_spells,+#% total Critical Strike Chance for Spells,sum,search/cpp-search/data/pseudomods.toml,"[[pseudomod]] name=""+#% total Critical Strike Chance for Spells""","sums the listed templates, a template listed N times counting N times"
pseudo.pseudo_global_critical_strike_multiplier,+#% Global Critical Strike Multiplier,unresolved,,,"run one trade search on this id and read the returned item's pseudoMods against its lines, as fetch-census Q5 did for fire resistance; no input names the lines it aggregates"
pseudo.pseudo_adds_physical_damage,Adds # to # Physical Damage,ranged-total,search/item-facts/data/mod-templates.csv,mod-templates.csv row 28,"475 private items show this ranged line, summed slot-wise; which other templates it also sums is open (see the README)"
pseudo.pseudo_adds_lightning_damage,Adds # to # Lightning Damage,ranged-total,search/item-facts/data/mod-templates.csv,mod-templates.csv row 73,"250 private items show this ranged line, summed slot-wise; which other templates it also sums is open (see the README)"
pseudo.pseudo_adds_cold_damage,Adds # to # Cold Damage,ranged-total,search/item-facts/data/mod-templates.csv,mod-templates.csv row 70,"254 private items show this ranged line, summed slot-wise; which other templates it also sums is open (see the README)"
pseudo.pseudo_adds_fire_damage,Adds # to # Fire Damage,ranged-total,search/item-facts/data/mod-templates.csv,mod-templates.csv row 102,"202 private items show this ranged line, summed slot-wise; which other templates it also sums is open (see the README)"
pseudo.pseudo_adds_elemental_damage,Adds # to # Elemental Damage,unresolved,,,"run one trade search on this id and read the returned item's pseudoMods against its lines, as fetch-census Q5 did for fire resistance; no input names the lines it aggregates"
pseudo.pseudo_adds_chaos_damage,Adds # to # Chaos Damage,ranged-total,search/item-facts/data/mod-templates.csv,mod-templates.csv row 277,"64 private items show this ranged line, summed slot-wise; which other templates it also sums is open (see the README)"
pseudo.pseudo_adds_damage,Adds # to # Damage,unresolved,,,"run one trade search on this id and read the returned item's pseudoMods against its lines, as fetch-census Q5 did for fire resistance; no input names the lines it aggregates"
pseudo.pseudo_adds_physical_damage_to_attacks,Adds # to # Physical Damage to Attacks,ranged-total,search/item-facts/data/mod-templates.csv,mod-templates.csv row 32,"438 private items show this ranged line, summed slot-wise; which other templates it also sums is open (see the README)"
pseudo.pseudo_adds_lightning_damage_to_attacks,Adds # to # Lightning Damage to Attacks,ranged-total,search/item-facts/data/mod-templates.csv,mod-templates.csv row 60,"270 private items show this ranged line, summed slot-wise; which other templates it also sums is open (see the README)"
pseudo.pseudo_adds_cold_damage_to_attacks,Adds # to # Cold Damage to Attacks,ranged-total,search/item-facts/data/mod-templates.csv,mod-templates.csv row 76,"244 private items show this ranged line, summed slot-wise; which other templates it also sums is open (see the README)"
pseudo.pseudo_adds_fire_damage_to_attacks,Adds # to # Fire Damage to Attacks,ranged-total,search/item-facts/data/mod-templates.csv,mod-templates.csv row 96,"207 private items show this ranged line, summed slot-wise; which other templates it also sums is open (see the README)"
pseudo.pseudo_adds_elemental_damage_to_attacks,Adds # to # Elemental Damage to Attacks,unresolved,,,"run one trade search on this id and read the returned item's pseudoMods against its lines, as fetch-census Q5 did for fire resistance; no input names the lines it aggregates"
pseudo.pseudo_adds_chaos_damage_to_attacks,Adds # to # Chaos Damage to Attacks,ranged-total,search/item-facts/data/mod-templates.csv,mod-templates.csv row 476,"37 private items show this ranged line, summed slot-wise; which other templates it also sums is open (see the README)"
pseudo.pseudo_adds_damage_to_attacks,Adds # to # Damage to Attacks,unresolved,,,"run one trade search on this id and read the returned item's pseudoMods against its lines, as fetch-census Q5 did for fire resistance; no input names the lines it aggregates"
pseudo.pseudo_adds_physical_damage_to_spells,Adds # to # Physical Damage to Spells,ranged-total,search/item-facts/data/mod-templates.csv,mod-templates.csv row 3415,"3 private items show this ranged line, summed slot-wise; which other templates it also sums is open (see the README)"
pseudo.pseudo_adds_lightning_damage_to_spells,Adds # to # Lightning Damage to Spells,ranged-total,search/item-facts/data/mod-templates.csv,mod-templates.csv row 191,"96 private items show this ranged line, summed slot-wise; which other templates it also sums is open (see the README)"
pseudo.pseudo_adds_cold_damage_to_spells,Adds # to # Cold Damage to Spells,ranged-total,search/item-facts/data/mod-templates.csv,mod-templates.csv row 237,"76 private items show this ranged line, summed slot-wise; which other templates it also sums is open (see the README)"
pseudo.pseudo_adds_fire_damage_to_spells,Adds # to # Fire Damage to Spells,ranged-total,search/item-facts/data/mod-templates.csv,mod-templates.csv row 195,"95 private items show this ranged line, summed slot-wise; which other templates it also sums is open (see the README)"
pseudo.pseudo_adds_elemental_damage_to_spells,Adds # to # Elemental Damage to Spells,unresolved,,,"run one trade search on this id and read the returned item's pseudoMods against its lines, as fetch-census Q5 did for fire resistance; no input names the lines it aggregates"
pseudo.pseudo_adds_chaos_damage_to_spells,Adds # to # Chaos Damage to Spells,ranged-total,search/item-facts/data/mod-templates.csv,mod-templates.csv row 1496,"11 private items show this ranged line, summed slot-wise; which other templates it also sums is open (see the README)"
pseudo.pseudo_adds_damage_to_spells,Adds # to # Damage to Spells,unresolved,,,"run one trade search on this id and read the returned item's pseudoMods against its lines, as fetch-census Q5 did for fire resistance; no input names the lines it aggregates"
pseudo.pseudo_increased_elemental_damage,#% increased Elemental Damage,unresolved,,,"run one trade search on this id and read the returned item's pseudoMods against its lines, as fetch-census Q5 did for fire resistance; the text matches mod-templates.csv row 377 but no input states the set it sums"
pseudo.pseudo_increased_lightning_damage,#% increased Lightning Damage,unresolved,,,"run one trade search on this id and read the returned item's pseudoMods against its lines, as fetch-census Q5 did for fire resistance; the text matches mod-templates.csv row 110 but no input states the set it sums"
pseudo.pseudo_increased_cold_damage,#% increased Cold Damage,unresolved,,,"run one trade search on this id and read the returned item's pseudoMods against its lines, as fetch-census Q5 did for fire resistance; the text matches mod-templates.csv row 139 but no input states the set it sums"
pseudo.pseudo_increased_fire_damage,#% increased Fire Damage,unresolved,,,"run one trade search on this id and read the returned item's pseudoMods against its lines, as fetch-census Q5 did for fire resistance; the text matches mod-templates.csv row 112 but no input states the set it sums"
pseudo.pseudo_increased_spell_damage,#% increased Spell Damage,unresolved,,,"run one trade search on this id and read the returned item's pseudoMods against its lines, as fetch-census Q5 did for fire resistance; the text matches mod-templates.csv row 49 but no input states the set it sums"
pseudo.pseudo_increased_lightning_spell_damage,#% increased Lightning Spell Damage,unresolved,,,"run one trade search on this id and read the returned item's pseudoMods against its lines, as fetch-census Q5 did for fire resistance; no input names the lines it aggregates"
pseudo.pseudo_increased_cold_spell_damage,#% increased Cold Spell Damage,unresolved,,,"run one trade search on this id and read the returned item's pseudoMods against its lines, as fetch-census Q5 did for fire resistance; no input names the lines it aggregates"
pseudo.pseudo_increased_fire_spell_damage,#% increased Fire Spell Damage,unresolved,,,"run one trade search on this id and read the returned item's pseudoMods against its lines, as fetch-census Q5 did for fire resistance; no input names the lines it aggregates"
pseudo.pseudo_increased_lightning_damage_with_attack_skills,#% increased Lightning Damage with Attack Skills,unresolved,,,"run one trade search on this id and read the returned item's pseudoMods against its lines, as fetch-census Q5 did for fire resistance; no input names the lines it aggregates"
pseudo.pseudo_increased_cold_damage_with_attack_skills,#% increased Cold Damage with Attack Skills,unresolved,,,"run one trade search on this id and read the returned item's pseudoMods against its lines, as fetch-census Q5 did for fire resistance; the text matches mod-templates.csv row 1290 but no input states the set it sums"
pseudo.pseudo_increased_fire_damage_with_attack_skills,#% increased Fire Damage with Attack Skills,unresolved,,,"run one trade search on this id and read the returned item's pseudoMods against its lines, as fetch-census Q5 did for fire resistance; no input names the lines it aggregates"
pseudo.pseudo_increased_elemental_damage_with_attack_skills,#% increased Elemental Damage with Attack Skills,unresolved,,,"run one trade search on this id and read the returned item's pseudoMods against its lines, as fetch-census Q5 did for fire resistance; the text matches mod-templates.csv row 103 but no input states the set it sums"
pseudo.pseudo_increased_rarity,#% increased Rarity of Items found,unresolved,,,"run one trade search on this id and read the returned item's pseudoMods against its lines, as fetch-census Q5 did for fire resistance; the text matches mod-templates.csv row 25 but no input states the set it sums"
pseudo.pseudo_increased_burning_damage,#% increased Burning Damage,unresolved,,,"run one trade search on this id and read the returned item's pseudoMods against its lines, as fetch-census Q5 did for fire resistance; the text matches mod-templates.csv row 339 but no input states the set it sums"
pseudo.pseudo_total_life_regen,# Life Regenerated per Second,unresolved,,,"run one trade search on this id and read the returned item's pseudoMods against its lines, as fetch-census Q5 did for fire resistance; no input names the lines it aggregates"
pseudo.pseudo_percent_life_regen,#% of Life Regenerated per Second,unresolved,,,"run one trade search on this id and read the returned item's pseudoMods against its lines, as fetch-census Q5 did for fire resistance; no input names the lines it aggregates"
pseudo.pseudo_physical_attack_damage_leeched_as_life,#% of Physical Attack Damage Leeched as Life,unresolved,,,"run one trade search on this id and read the returned item's pseudoMods against its lines, as fetch-census Q5 did for fire resistance; the text matches mod-templates.csv row 89 but no input states the set it sums"
pseudo.pseudo_physical_attack_damage_leeched_as_mana,#% of Physical Attack Damage Leeched as Mana,unresolved,,,"run one trade search on this id and read the returned item's pseudoMods against its lines, as fetch-census Q5 did for fire resistance; the text matches mod-templates.csv row 140 but no input states the set it sums"
pseudo.pseudo_increased_mana_regen,#% increased Mana Regeneration Rate,unresolved,,,"run one trade search on this id and read the returned item's pseudoMods against its lines, as fetch-census Q5 did for fire resistance; the text matches mod-templates.csv row 31 but no input states the set it sums"
pseudo.pseudo_total_additional_gem_levels,+# total to Level of Socketed Gems,sum,search/cpp-search/data/pseudomods.toml,"[[pseudomod]] name=""+# total to Level of Socketed Gems""","sums the listed templates, a template listed N times counting N times"
pseudo.pseudo_total_additional_elemental_gem_levels,+# total to Level of Socketed Elemental Gems,sum,search/cpp-search/data/pseudomods.toml,"[[pseudomod]] name=""+# total to Level of Socketed Elemental Gems""","sums the listed templates, a template listed N times counting N times"
pseudo.pseudo_total_additional_fire_gem_levels,+# total to Level of Socketed Fire Gems,sum,search/cpp-search/data/pseudomods.toml,"[[pseudomod]] name=""+# total to Level of Socketed Fire Gems""","sums the listed templates, a template listed N times counting N times"
pseudo.pseudo_total_additional_cold_gem_levels,+# total to Level of Socketed Cold Gems,sum,search/cpp-search/data/pseudomods.toml,"[[pseudomod]] name=""+# total to Level of Socketed Cold Gems""","sums the listed templates, a template listed N times counting N times"
pseudo.pseudo_total_additional_lightning_gem_levels,+# total to Level of Socketed Lightning Gems,sum,search/cpp-search/data/pseudomods.toml,"[[pseudomod]] name=""+# total to Level of Socketed Lightning Gems""","sums the listed templates, a template listed N times counting N times"
pseudo.pseudo_total_additional_chaos_gem_levels,+# total to Level of Socketed Chaos Gems,sum,search/cpp-search/data/pseudomods.toml,"[[pseudomod]] name=""+# total to Level of Socketed Chaos Gems""","sums the listed templates, a template listed N times counting N times"
pseudo.pseudo_total_additional_spell_gem_levels,+# total to Level of Socketed Spell Gems,sum,search/cpp-search/data/pseudomods.toml,"[[pseudomod]] name=""+# total to Level of Socketed Spell Gems""","sums the listed templates, a template listed N times counting N times"
pseudo.pseudo_total_additional_projectile_gem_levels,+# total to Level of Socketed Projectile Gems,sum,search/cpp-search/data/pseudomods.toml,"[[pseudomod]] name=""+# total to Level of Socketed Projectile Gems""","sums the listed templates, a template listed N times counting N times"
pseudo.pseudo_total_additional_bow_gem_levels,+# total to Level of Socketed Bow Gems,sum,search/cpp-search/data/pseudomods.toml,"[[pseudomod]] name=""+# total to Level of Socketed Bow Gems""","sums the listed templates, a template listed N times counting N times"
pseudo.pseudo_total_additional_melee_gem_levels,+# total to Level of Socketed Melee Gems,sum,search/cpp-search/data/pseudomods.toml,"[[pseudomod]] name=""+# total to Level of Socketed Melee Gems""","sums the listed templates, a template listed N times counting N times"
pseudo.pseudo_total_additional_minion_gem_levels,+# total to Level of Socketed Minion Gems,sum,search/cpp-search/data/pseudomods.toml,"[[pseudomod]] name=""+# total to Level of Socketed Minion Gems""","sums the listed templates, a template listed N times counting N times"
pseudo.pseudo_total_additional_strength_gem_levels,+# total to Level of Socketed Strength Gems,sum,search/cpp-search/data/pseudomods.toml,"[[pseudomod]] name=""+# total to Level of Socketed Strength Gems""","sums the listed templates, a template listed N times counting N times"
pseudo.pseudo_total_additional_dexterity_gem_levels,+# total to Level of Socketed Dexterity Gems,sum,search/cpp-search/data/pseudomods.toml,"[[pseudomod]] name=""+# total to Level of Socketed Dexterity Gems""","sums the listed templates, a template listed N times counting N times"
pseudo.pseudo_total_additional_intelligence_gem_levels,+# total to Level of Socketed Intelligence Gems,sum,search/cpp-search/data/pseudomods.toml,"[[pseudomod]] name=""+# total to Level of Socketed Intelligence Gems""","sums the listed templates, a template listed N times counting N times"
pseudo.pseudo_total_additional_aura_gem_levels,+# total to Level of Socketed Aura Gems,sum,search/cpp-search/data/pseudomods.toml,"[[pseudomod]] name=""+# total to Level of Socketed Aura Gems""","sums the listed templates, a template listed N times counting N times"
pseudo.pseudo_total_additional_movement_gem_levels,+# total to Level of Socketed Movement Gems,sum,search/cpp-search/data/pseudomods.toml,"[[pseudomod]] name=""+# total to Level of Socketed Movement Gems""","sums the listed templates, a template listed N times counting N times"
pseudo.pseudo_total_additional_curse_gem_levels,+# total to Level of Socketed Curse Gems,sum,search/cpp-search/data/pseudomods.toml,"[[pseudomod]] name=""+# total to Level of Socketed Curse Gems""","sums the listed templates, a template listed N times counting N times"
pseudo.pseudo_total_additional_vaal_gem_levels,+# total to Level of Socketed Vaal Gems,sum,search/cpp-search/data/pseudomods.toml,"[[pseudomod]] name=""+# total to Level of Socketed Vaal Gems""","sums the listed templates, a template listed N times counting N times"
pseudo.pseudo_total_additional_support_gem_levels,+# total to Level of Socketed Support Gems,sum,search/cpp-search/data/pseudomods.toml,"[[pseudomod]] name=""+# total to Level of Socketed Support Gems""","sums the listed templates, a template listed N times counting N times"
pseudo.pseudo_total_additional_skill_gem_levels,+# total to Level of Socketed Skill Gems,sum,search/cpp-search/data/pseudomods.toml,"[[pseudomod]] name=""+# total to Level of Socketed Skill Gems""","sums the listed templates, a template listed N times counting N times"
pseudo.pseudo_total_additional_warcry_gem_levels,+# total to Level of Socketed Warcry Gems,sum,search/cpp-search/data/pseudomods.toml,"[[pseudomod]] name=""+# total to Level of Socketed Warcry Gems""","sums the listed templates, a template listed N times counting N times"
pseudo.pseudo_total_additional_golem_gem_levels,+# total to Level of Socketed Golem Gems,sum,search/cpp-search/data/pseudomods.toml,"[[pseudomod]] name=""+# total to Level of Socketed Golem Gems""","sums the listed templates, a template listed N times counting N times"
pseudo.pseudo_number_of_enchant_mods,# Enchant Modifiers,mod-behind-line,search/trade-query/data/fetch-census.json,queries.q2.fetched[0].lines.explicitMods[5:7] (Carnal Boots),"one crafted modifier ('Upgraded' P0) makes two crafted-flagged lines there, so counting lines does not count modifiers; census.mods_feeding_several_lines=31"
pseudo.pseudo_number_of_implicit_mods,# Implicit Modifiers,mod-behind-line,search/trade-query/data/fetch-census.json,queries.q2.fetched[0].lines.explicitMods[5:7] (Carnal Boots),"one crafted modifier ('Upgraded' P0) makes two crafted-flagged lines there, so counting lines does not count modifiers; census.mods_feeding_several_lines=31"
pseudo.pseudo_searing_implicit_tier,Searing Exarch Implicit Modifier (#),mod-behind-line,search/trade-query/data/fetch-census.json,queries.q5.fetched[0].lines.explicitMods[0].mods[0].tier,"the tier is a property of the modifier; field-census row 113 shows the private item carries `searing` as a bare boolean, presence and not tier"
pseudo.pseudo_tangled_implicit_tier,Eater of Worlds Implicit Modifier (#),mod-behind-line,search/trade-query/data/fetch-census.json,queries.q5.fetched[0].lines.explicitMods[0].mods[0].tier,"the tier is a property of the modifier; field-census row 112 shows the private item carries `tangled` as a bare boolean, presence and not tier"
pseudo.pseudo_number_of_prefix_mods,# Prefix Modifiers,mod-behind-line,search/trade-query/data/fetch-census.json,queries.q2.fetched[0].lines.explicitMods[5:7] (Carnal Boots),"one crafted modifier ('Upgraded' P0) makes two crafted-flagged lines there, so counting lines does not count modifiers; census.mods_feeding_several_lines=31"
pseudo.pseudo_number_of_suffix_mods,# Suffix Modifiers,mod-behind-line,search/trade-query/data/fetch-census.json,queries.q2.fetched[0].lines.explicitMods[5:7] (Carnal Boots),"one crafted modifier ('Upgraded' P0) makes two crafted-flagged lines there, so counting lines does not count modifiers; census.mods_feeding_several_lines=31"
pseudo.pseudo_number_of_affix_mods,# Modifiers,mod-behind-line,search/trade-query/data/fetch-census.json,queries.q2.fetched[0].lines.explicitMods[5:7] (Carnal Boots),"one crafted modifier ('Upgraded' P0) makes two crafted-flagged lines there, so counting lines does not count modifiers; census.mods_feeding_several_lines=31"
pseudo.pseudo_number_of_crafted_prefix_mods,# Crafted Prefix Modifiers,mod-behind-line,search/trade-query/data/fetch-census.json,queries.q2.fetched[0].lines.explicitMods[5:7] (Carnal Boots),"one crafted modifier ('Upgraded' P0) makes two crafted-flagged lines there, so counting lines does not count modifiers; census.mods_feeding_several_lines=31"
pseudo.pseudo_number_of_crafted_suffix_mods,# Crafted Suffix Modifiers,mod-behind-line,search/trade-query/data/fetch-census.json,queries.q2.fetched[0].lines.explicitMods[5:7] (Carnal Boots),"one crafted modifier ('Upgraded' P0) makes two crafted-flagged lines there, so counting lines does not count modifiers; census.mods_feeding_several_lines=31"
pseudo.pseudo_number_of_crafted_mods,# Crafted Modifiers,mod-behind-line,search/trade-query/data/fetch-census.json,queries.q2.fetched[0].lines.explicitMods[5:7] (Carnal Boots),"one crafted modifier ('Upgraded' P0) makes two crafted-flagged lines there, so counting lines does not count modifiers; census.mods_feeding_several_lines=31"
pseudo.pseudo_number_of_empty_prefix_mods,# Empty Prefix Modifiers,mod-behind-line,search/trade-query/data/fetch-census.json,queries.q2.fetched[0].lines.explicitMods[5:7] (Carnal Boots),"one crafted modifier ('Upgraded' P0) makes two crafted-flagged lines there, so counting lines does not count modifiers; census.mods_feeding_several_lines=31"
pseudo.pseudo_number_of_empty_suffix_mods,# Empty Suffix Modifiers,mod-behind-line,search/trade-query/data/fetch-census.json,queries.q2.fetched[0].lines.explicitMods[5:7] (Carnal Boots),"one crafted modifier ('Upgraded' P0) makes two crafted-flagged lines there, so counting lines does not count modifiers; census.mods_feeding_several_lines=31"
pseudo.pseudo_number_of_empty_affix_mods,# Empty Modifiers,mod-behind-line,search/trade-query/data/fetch-census.json,queries.q2.fetched[0].lines.explicitMods[5:7] (Carnal Boots),"one crafted modifier ('Upgraded' P0) makes two crafted-flagged lines there, so counting lines does not count modifiers; census.mods_feeding_several_lines=31"
pseudo.pseudo_base_defence_percentile,#% Base Defence Percentile,unresolved,,,"read RePoE's base_items for per-base armour/evasion/energy-shield ranges; repoe/README.md names no defence ranges among its five extracts, and field-census has no `extended`/`base_defence_percentile`"
pseudo.pseudo_has_shaper_influence,Has Shaper Influence,field,search/item-facts/data/field-census.csv,field-census.csv row 107 (influences.shaper),198 private items carry the flag
pseudo.pseudo_has_elder_influence,Has Elder Influence,field,search/item-facts/data/field-census.csv,field-census.csv row 106 (influences.elder),215 private items carry the flag
pseudo.pseudo_has_crusader_influence,Has Crusader Influence,field,search/item-facts/data/field-census.csv,field-census.csv row 121 (influences.crusader),81 private items carry the flag
pseudo.pseudo_has_redeemer_influence,Has Redeemer Influence,field,search/item-facts/data/field-census.csv,field-census.csv row 122 (influences.redeemer),80 private items carry the flag
pseudo.pseudo_has_hunter_influence,Has Hunter Influence,field,search/item-facts/data/field-census.csv,field-census.csv row 111 (influences.hunter),115 private items carry the flag
pseudo.pseudo_has_warlord_influence,Has Warlord Influence,field,search/item-facts/data/field-census.csv,field-census.csv row 120 (influences.warlord),89 private items carry the flag
pseudo.pseudo_has_influence_count,Has # Influences,field,search/item-facts/data/field-census.csv,field-census.csv row 74 (influences),"counts the true keys of the `influences` object (764 items carry it, the six `influences.*` rows sum to more, so items carry several) — no line is counted"
pseudo.pseudo_number_of_fractured_mods,# Fractured Modifiers,mod-behind-line,search/trade-query/data/fetch-census.json,queries.q2.fetched[0].lines.explicitMods[5:7] (Carnal Boots),"one crafted modifier ('Upgraded' P0) makes two crafted-flagged lines there, so counting lines does not count modifiers; census.mods_feeding_several_lines=31"
pseudo.pseudo_number_of_notable_passive_skills,# Notable Passive Skills,count,search/item-facts/data/mod-templates.csv,mod-templates.csv row 883,"196 `# Added Passive Skill is …` templates in the census, one line per notable on a cluster jewel, so the count is over lines"
pseudo.pseudo_lake_number_of_islands,Mirrored Tablet has # Islands,unresolved,,,"fetch a Mirrored Tablet and read its properties; no field, property or template in the census mentions islands"
pseudo.pseudo_ritual_unique_monsters,Unique Monsters (Blood-Filled Vessel): #,field,search/trade-query/data/grammar.json,property_type_to_field.table.106,"the renderer reads a property of this type, not the item's lines"
pseudo.pseudo_ritual_other_monsters,Non-Unique Monsters (Blood-Filled Vessel): #,field,search/trade-query/data/grammar.json,property_type_to_field.table.107,"the renderer reads a property of this type, not the item's lines"
pseudo.pseudo_jewellery_elemental_quality,Quality (Elemental Damage Modifiers): #%,field,search/item-facts/data/properties-census.csv,properties-census.csv row 446 (Quality (Elemental Damage Modifiers)),11 private items carry the property
pseudo.pseudo_jewellery_caster_quality,Quality (Caster Modifiers): #%,field,search/item-facts/data/properties-census.csv,properties-census.csv row 542 (Quality (Caster Modifiers)),6 private items carry the property
pseudo.pseudo_jewellery_attack_quality,Quality (Attack Modifiers): #%,field,search/item-facts/data/properties-census.csv,properties-census.csv row 624 (Quality (Attack Modifiers)),4 private items carry the property
pseudo.pseudo_jewellery_defense_quality,Quality (Defence Modifiers): #%,field,search/item-facts/data/properties-census.csv,properties-census.csv row 625 (Quality (Defence Modifiers)),4 private items carry the property
pseudo.pseudo_jewellery_resource_quality,Quality (Life and Mana Modifiers): #%,field,search/item-facts/data/properties-census.csv,properties-census.csv row 360 (Quality (Life and Mana Modifiers)),16 private items carry the property
pseudo.pseudo_jewellery_resistance_quality,Quality (Resistance Modifiers): #%,field,search/item-facts/data/properties-census.csv,properties-census.csv row 304 (Quality (Resistance Modifiers)),22 private items carry the property
pseudo.pseudo_jewellery_attribute_quality,Quality (Attribute Modifiers): #%,field,search/item-facts/data/properties-census.csv,properties-census.csv row 213 (Quality (Attribute Modifiers)),47 private items carry the property
pseudo.pseudo_jewellery_physical_chaos_quality,Quality (Physical and Chaos Damage Modifiers): #%,field,search/item-facts/data/properties-census.csv,properties-census.csv row 503 (Quality (Physical and Chaos Damage Modifiers)),8 private items carry the property
pseudo.pseudo_jewellery_speed_quality,Quality (Speed Modifiers): #%,field,search/item-facts/data/properties-census.csv,properties-census.csv row 84 (Quality (Quantity)),family: a type-6 `properties` entry of this name; this name is absent from the corpus
pseudo.pseudo_jewellery_critical_quality,Quality (Critical Modifiers): #%,field,search/item-facts/data/properties-census.csv,properties-census.csv row 950 (Quality (Critical Modifiers)),1 private items carry the property
pseudo.pseudo_jewellery_prefix_quality,Quality (Prefix Modifiers): #%,field,search/item-facts/data/properties-census.csv,properties-census.csv row 675 (Quality (Prefix Modifiers)),3 private items carry the property
pseudo.pseudo_jewellery_suffix_quality,Quality (Suffix Modifiers): #%,field,search/item-facts/data/properties-census.csv,properties-census.csv row 84 (Quality (Quantity)),family: a type-6 `properties` entry of this name; this name is absent from the corpus
pseudo.pseudo_map_conversion_shaper_map,#% chance for dropped Maps to convert to Shaper Maps,field,search/trade-query/data/grammar.json,property_type_to_field.table.80,"the renderer reads a property of this type, not the item's lines"
pseudo.pseudo_map_conversion_elder_map,#% chance for dropped Maps to convert to Elder Maps,field,search/trade-query/data/grammar.json,property_type_to_field.table.81,"the renderer reads a property of this type, not the item's lines"
pseudo.pseudo_map_conversion_conqueror_map,#% chance for dropped Maps to convert to Conqueror Maps,field,search/trade-query/data/grammar.json,property_type_to_field.table.82,"the renderer reads a property of this type, not the item's lines"
pseudo.pseudo_map_conversion_unique_map,#% chance for dropped Maps to convert to Unique Maps,field,search/trade-query/data/grammar.json,property_type_to_field.table.83,"the renderer reads a property of this type, not the item's lines"
pseudo.pseudo_map_conversion_scarab,#% chance for dropped Maps to convert to Scarabs,field,search/trade-query/data/grammar.json,property_type_to_field.table.84,"the renderer reads a property of this type, not the item's lines"
pseudo.pseudo_map_conversion_maven_invitation,#% chance for dropped Maps to convert to Maven Invitations,field,search/trade-query/data/grammar.json,property_type_to_field.table.85,"the renderer reads a property of this type, not the item's lines"
pseudo.pseudo_map_conversion_memory_line,#% chance for dropped Maps to convert to Atlas Memories,field,search/trade-query/data/grammar.json,property_type_to_field.table.86,"the renderer reads a property of this type, not the item's lines"
pseudo.pseudo_map_quality_rarity,Quality (Rarity): #%,field,search/item-facts/data/properties-census.csv,properties-census.csv row 84 (Quality (Quantity)),family: a type-6 `properties` entry of this name; this name is absent from the corpus
pseudo.pseudo_map_quality_pack_size,Quality (Pack Size): #%,field,search/item-facts/data/properties-census.csv,properties-census.csv row 84 (Quality (Quantity)),family: a type-6 `properties` entry of this name; this name is absent from the corpus
pseudo.pseudo_map_quality_cards,Quality (Divination Cards): #%,field,search/item-facts/data/properties-census.csv,properties-census.csv row 84 (Quality (Quantity)),family: a type-6 `properties` entry of this name; this name is absent from the corpus
pseudo.pseudo_map_quality_scarabs,Quality (Scarabs): #%,field,search/item-facts/data/properties-census.csv,properties-census.csv row 84 (Quality (Quantity)),family: a type-6 `properties` entry of this name; this name is absent from the corpus
pseudo.pseudo_map_quality_currency,Quality (Currency): #%,field,search/item-facts/data/properties-census.csv,properties-census.csv row 84 (Quality (Quantity)),family: a type-6 `properties` entry of this name; this name is absent from the corpus
pseudo.pseudo_map_more_map_drops,More Maps: #%,field,search/trade-query/data/grammar.json,property_type_to_field.table.88,"the renderer reads a property of this type, not the item's lines"
pseudo.pseudo_map_more_scarab_drops,More Scarabs: #%,field,search/trade-query/data/grammar.json,property_type_to_field.table.89,"the renderer reads a property of this type, not the item's lines"
pseudo.pseudo_map_more_currency_drops,More Currency: #%,field,search/trade-query/data/grammar.json,property_type_to_field.table.90,"the renderer reads a property of this type, not the item's lines"
pseudo.pseudo_map_more_card_drops,More Divination Cards: #%,field,search/trade-query/data/grammar.json,property_type_to_field.table.91,"the renderer reads a property of this type, not the item's lines"
pseudo.pseudo_temple_apex,Has Room: Apex of Atzoatl,field,search/item-facts/data/properties-census.csv,properties-census.csv row 5 (Apex of Atzoatl),3 private items carry the room as a property value
pseudo.pseudo_temple_poison_room_1,Has Room: Poison Garden (Tier 1),field,search/item-facts/data/properties-census.csv,properties-census.csv row 4 (Apex of Ascension (Tier #)) + row 6 (Open Rooms:),family: the room is a type-49 property value under Open Rooms:/Obstructed Rooms: (the entry's two options); this room name is absent from the corpus
pseudo.pseudo_temple_sacrifice_room_1,Has Room: Sacrificial Chamber (Tier 1),field,search/item-facts/data/properties-census.csv,properties-census.csv row 4 (Apex of Ascension (Tier #)) + row 6 (Open Rooms:),family: the room is a type-49 property value under Open Rooms:/Obstructed Rooms: (the entry's two options); this room name is absent from the corpus
pseudo.pseudo_temple_storm_room_1,Has Room: Tempest Generator (Tier 1),field,search/item-facts/data/properties-census.csv,properties-census.csv row 10 (Tempest Generator (Tier #)),1 private items carry the room as a property value
pseudo.pseudo_temple_trap_room_1,Has Room: Trap Workshop (Tier 1),field,search/item-facts/data/properties-census.csv,properties-census.csv row 4 (Apex of Ascension (Tier #)) + row 6 (Open Rooms:),family: the room is a type-49 property value under Open Rooms:/Obstructed Rooms: (the entry's two options); this room name is absent from the corpus
pseudo.pseudo_temple_cartography_room_1,Has Room: Surveyor's Study (Tier 1),field,search/item-facts/data/properties-census.csv,properties-census.csv row 19 (Surveyor's Study (Tier #)),1 private items carry the room as a property value
pseudo.pseudo_temple_queens_chambers_1,Has Room: Royal Meeting Room (Tier 1),field,search/item-facts/data/properties-census.csv,properties-census.csv row 34 (Royal Meeting Room (Tier #)),1 private items carry the room as a property value
pseudo.pseudo_temple_chests_1,Has Room: Storage Room (Tier 1),field,search/item-facts/data/properties-census.csv,properties-census.csv row 25 (Storage Room (Tier #)),1 private items carry the room as a property value
pseudo.pseudo_temple_corruption_room_1,Has Room: Corruption Chamber (Tier 1),field,search/item-facts/data/properties-census.csv,properties-census.csv row 4 (Apex of Ascension (Tier #)) + row 6 (Open Rooms:),family: the room is a type-49 property value under Open Rooms:/Obstructed Rooms: (the entry's two options); this room name is absent from the corpus
pseudo.pseudo_temple_explosives_room_1,Has Room: Explosives Room (Tier 1),field,search/item-facts/data/properties-census.csv,properties-census.csv row 4 (Apex of Ascension (Tier #)) + row 6 (Open Rooms:),family: the room is a type-49 property value under Open Rooms:/Obstructed Rooms: (the entry's two options); this room name is absent from the corpus
pseudo.pseudo_temple_armour_room_1,Has Room: Armourer's Workshop (Tier 1),field,search/item-facts/data/properties-census.csv,properties-census.csv row 4 (Apex of Ascension (Tier #)) + row 6 (Open Rooms:),family: the room is a type-49 property value under Open Rooms:/Obstructed Rooms: (the entry's two options); this room name is absent from the corpus
pseudo.pseudo_temple_weapon_room_1,Has Room: Sparring Room (Tier 1),field,search/item-facts/data/properties-census.csv,properties-census.csv row 30 (Sparring Room (Tier #)),1 private items carry the room as a property value
pseudo.pseudo_temple_breeding_room_1,Has Room: Guardhouse (Tier 1),field,search/item-facts/data/properties-census.csv,properties-census.csv row 4 (Apex of Ascension (Tier #)) + row 6 (Open Rooms:),family: the room is a type-49 property value under Open Rooms:/Obstructed Rooms: (the entry's two options); this room name is absent from the corpus
pseudo.pseudo_temple_breach_room_1,Has Room: Splinter Research Lab (Tier 1),field,search/item-facts/data/properties-census.csv,properties-census.csv row 4 (Apex of Ascension (Tier #)) + row 6 (Open Rooms:),family: the room is a type-49 property value under Open Rooms:/Obstructed Rooms: (the entry's two options); this room name is absent from the corpus
pseudo.pseudo_temple_gem_room_1,Has Room: Gemcutter's Workshop (Tier 1),field,search/item-facts/data/properties-census.csv,properties-census.csv row 4 (Apex of Ascension (Tier #)) + row 6 (Open Rooms:),family: the room is a type-49 property value under Open Rooms:/Obstructed Rooms: (the entry's two options); this room name is absent from the corpus
pseudo.pseudo_temple_currency_vault_1,Has Room: Vault (Tier 1),field,search/item-facts/data/properties-census.csv,properties-census.csv row 4 (Apex of Ascension (Tier #)) + row 6 (Open Rooms:),family: the room is a type-49 property value under Open Rooms:/Obstructed Rooms: (the entry's two options); this room name is absent from the corpus
pseudo.pseudo_temple_trinket_room_1,Has Room: Jeweller's Workshop (Tier 1),field,search/item-facts/data/properties-census.csv,properties-census.csv row 15 (Jeweller's Workshop (Tier #)),1 private items carry the room as a property value
pseudo.pseudo_temple_workshop_1,Has Room: Workshop (Tier 1),field,search/item-facts/data/properties-census.csv,properties-census.csv row 4 (Apex of Ascension (Tier #)) + row 6 (Open Rooms:),family: the room is a type-49 property value under Open Rooms:/Obstructed Rooms: (the entry's two options); this room name is absent from the corpus
pseudo.pseudo_temple_empowering_room_1,Has Room: Shrine of Empowerment (Tier 1),field,search/item-facts/data/properties-census.csv,properties-census.csv row 4 (Apex of Ascension (Tier #)) + row 6 (Open Rooms:),family: the room is a type-49 property value under Open Rooms:/Obstructed Rooms: (the entry's two options); this room name is absent from the corpus
pseudo.pseudo_temple_healing_room_1,Has Room: Pools of Restoration (Tier 1),field,search/item-facts/data/properties-census.csv,properties-census.csv row 4 (Apex of Ascension (Tier #)) + row 6 (Open Rooms:),family: the room is a type-49 property value under Open Rooms:/Obstructed Rooms: (the entry's two options); this room name is absent from the corpus
pseudo.pseudo_temple_boss_minions_1,Has Room: Hatchery (Tier 1),field,search/item-facts/data/properties-census.csv,properties-census.csv row 31 (Hatchery (Tier #)),1 private items carry the room as a property value
pseudo.pseudo_temple_boss_fire_1,Has Room: Flame Workshop (Tier 1),field,search/item-facts/data/properties-census.csv,properties-census.csv row 4 (Apex of Ascension (Tier #)) + row 6 (Open Rooms:),family: the room is a type-49 property value under Open Rooms:/Obstructed Rooms: (the entry's two options); this room name is absent from the corpus
pseudo.pseudo_temple_boss_lightning_1,Has Room: Lightning Workshop (Tier 1),field,search/item-facts/data/properties-census.csv,properties-census.csv row 28 (Lightning Workshop (Tier #)),1 private items carry the room as a property value
pseudo.pseudo_temple_poison_room_2,Has Room: Cultivar Chamber (Tier 2),field,search/item-facts/data/properties-census.csv,properties-census.csv row 16 (Cultivar Chamber (Tier #)),1 private items carry the room as a property value
pseudo.pseudo_temple_sacrifice_room_2,Has Room: Hall of Offerings (Tier 2),field,search/item-facts/data/properties-census.csv,properties-census.csv row 4 (Apex of Ascension (Tier #)) + row 6 (Open Rooms:),family: the room is a type-49 property value under Open Rooms:/Obstructed Rooms: (the entry's two options); this room name is absent from the corpus
pseudo.pseudo_temple_storm_room_2,Has Room: Hurricane Engine (Tier 2),field,search/item-facts/data/properties-census.csv,properties-census.csv row 4 (Apex of Ascension (Tier #)) + row 6 (Open Rooms:),family: the room is a type-49 property value under Open Rooms:/Obstructed Rooms: (the entry's two options); this room name is absent from the corpus
pseudo.pseudo_temple_trap_room_2,Has Room: Temple Defense Workshop (Tier 2),field,search/item-facts/data/properties-census.csv,properties-census.csv row 18 (Temple Defense Workshop (Tier #)),1 private items carry the room as a property value
pseudo.pseudo_temple_cartography_room_2,Has Room: Office of Cartography (Tier 2),field,search/item-facts/data/properties-census.csv,properties-census.csv row 33 (Office of Cartography (Tier #)),1 private items carry the room as a property value
pseudo.pseudo_temple_queens_chambers_2,Has Room: Hall of Lords (Tier 2),field,search/item-facts/data/properties-census.csv,properties-census.csv row 4 (Apex of Ascension (Tier #)) + row 6 (Open Rooms:),family: the room is a type-49 property value under Open Rooms:/Obstructed Rooms: (the entry's two options); this room name is absent from the corpus
pseudo.pseudo_temple_chests_2,Has Room: Warehouses (Tier 2),field,search/item-facts/data/properties-census.csv,properties-census.csv row 4 (Apex of Ascension (Tier #)) + row 6 (Open Rooms:),family: the room is a type-49 property value under Open Rooms:/Obstructed Rooms: (the entry's two options); this room name is absent from the corpus
pseudo.pseudo_temple_corruption_room_2,Has Room: Catalyst of Corruption (Tier 2),field,search/item-facts/data/properties-census.csv,properties-census.csv row 7 (Catalyst of Corruption (Tier #)),2 private items carry the room as a property value
pseudo.pseudo_temple_explosives_room_2,Has Room: Demolition Lab (Tier 2),field,search/item-facts/data/properties-census.csv,properties-census.csv row 4 (Apex of Ascension (Tier #)) + row 6 (Open Rooms:),family: the room is a type-49 property value under Open Rooms:/Obstructed Rooms: (the entry's two options); this room name is absent from the corpus
pseudo.pseudo_temple_armour_room_2,Has Room: Armoury (Tier 2),field,search/item-facts/data/properties-census.csv,properties-census.csv row 4 (Apex of Ascension (Tier #)) + row 6 (Open Rooms:),family: the room is a type-49 property value under Open Rooms:/Obstructed Rooms: (the entry's two options); this room name is absent from the corpus
pseudo.pseudo_temple_weapon_room_2,Has Room: Arena of Valour (Tier 2),field,search/item-facts/data/properties-census.csv,properties-census.csv row 4 (Apex of Ascension (Tier #)) + row 6 (Open Rooms:),family: the room is a type-49 property value under Open Rooms:/Obstructed Rooms: (the entry's two options); this room name is absent from the corpus
pseudo.pseudo_temple_breeding_room_2,Has Room: Barracks (Tier 2),field,search/item-facts/data/properties-census.csv,properties-census.csv row 4 (Apex of Ascension (Tier #)) + row 6 (Open Rooms:),family: the room is a type-49 property value under Open Rooms:/Obstructed Rooms: (the entry's two options); this room name is absent from the corpus
pseudo.pseudo_temple_breach_room_2,Has Room: Breach Containment Chamber (Tier 2),field,search/item-facts/data/properties-census.csv,properties-census.csv row 4 (Apex of Ascension (Tier #)) + row 6 (Open Rooms:),family: the room is a type-49 property value under Open Rooms:/Obstructed Rooms: (the entry's two options); this room name is absent from the corpus
pseudo.pseudo_temple_gem_room_2,Has Room: Department of Thaumaturgy (Tier 2),field,search/item-facts/data/properties-census.csv,properties-census.csv row 4 (Apex of Ascension (Tier #)) + row 6 (Open Rooms:),family: the room is a type-49 property value under Open Rooms:/Obstructed Rooms: (the entry's two options); this room name is absent from the corpus
pseudo.pseudo_temple_currency_vault_2,Has Room: Treasury (Tier 2),field,search/item-facts/data/properties-census.csv,properties-census.csv row 4 (Apex of Ascension (Tier #)) + row 6 (Open Rooms:),family: the room is a type-49 property value under Open Rooms:/Obstructed Rooms: (the entry's two options); this room name is absent from the corpus
pseudo.pseudo_temple_trinket_room_2,Has Room: Jewellery Forge (Tier 2),field,search/item-facts/data/properties-census.csv,properties-census.csv row 4 (Apex of Ascension (Tier #)) + row 6 (Open Rooms:),family: the room is a type-49 property value under Open Rooms:/Obstructed Rooms: (the entry's two options); this room name is absent from the corpus
pseudo.pseudo_temple_workshop_2,Has Room: Engineering Department (Tier 2),field,search/item-facts/data/properties-census.csv,properties-census.csv row 4 (Apex of Ascension (Tier #)) + row 6 (Open Rooms:),family: the room is a type-49 property value under Open Rooms:/Obstructed Rooms: (the entry's two options); this room name is absent from the corpus
pseudo.pseudo_temple_empowering_room_2,Has Room: Sanctum of Unity (Tier 2),field,search/item-facts/data/properties-census.csv,properties-census.csv row 22 (Sanctum of Unity (Tier #)),1 private items carry the room as a property value
pseudo.pseudo_temple_healing_room_2,Has Room: Sanctum of Vitality (Tier 2),field,search/item-facts/data/properties-census.csv,properties-census.csv row 4 (Apex of Ascension (Tier #)) + row 6 (Open Rooms:),family: the room is a type-49 property value under Open Rooms:/Obstructed Rooms: (the entry's two options); this room name is absent from the corpus
pseudo.pseudo_temple_boss_minions_2,Has Room: Automaton Lab (Tier 2),field,search/item-facts/data/properties-census.csv,properties-census.csv row 4 (Apex of Ascension (Tier #)) + row 6 (Open Rooms:),family: the room is a type-49 property value under Open Rooms:/Obstructed Rooms: (the entry's two options); this room name is absent from the corpus
pseudo.pseudo_temple_boss_fire_2,Has Room: Omnitect Forge (Tier 2),field,search/item-facts/data/properties-census.csv,properties-census.csv row 14 (Omnitect Forge (Tier #)),1 private items carry the room as a property value
pseudo.pseudo_temple_boss_lightning_2,Has Room: Omnitect Reactor Plant (Tier 2),field,search/item-facts/data/properties-census.csv,properties-census.csv row 13 (Omnitect Reactor Plant (Tier #)),1 private items carry the room as a property value
pseudo.pseudo_temple_poison_room_3,Has Room: Toxic Grove (Tier 3),field,search/item-facts/data/properties-census.csv,properties-census.csv row 4 (Apex of Ascension (Tier #)) + row 6 (Open Rooms:),family: the room is a type-49 property value under Open Rooms:/Obstructed Rooms: (the entry's two options); this room name is absent from the corpus
pseudo.pseudo_temple_sacrifice_room_3,Has Room: Apex of Ascension (Tier 3),field,search/item-facts/data/properties-census.csv,properties-census.csv row 4 (Apex of Ascension (Tier #)),3 private items carry the room as a property value
pseudo.pseudo_temple_storm_room_3,Has Room: Storm of Corruption (Tier 3),field,search/item-facts/data/properties-census.csv,properties-census.csv row 27 (Storm of Corruption (Tier #)),1 private items carry the room as a property value
pseudo.pseudo_temple_trap_room_3,Has Room: Defense Research Lab (Tier 3),field,search/item-facts/data/properties-census.csv,properties-census.csv row 4 (Apex of Ascension (Tier #)) + row 6 (Open Rooms:),family: the room is a type-49 property value under Open Rooms:/Obstructed Rooms: (the entry's two options); this room name is absent from the corpus
pseudo.pseudo_temple_cartography_room_3,Has Room: Atlas of Worlds (Tier 3),field,search/item-facts/data/properties-census.csv,properties-census.csv row 4 (Apex of Ascension (Tier #)) + row 6 (Open Rooms:),family: the room is a type-49 property value under Open Rooms:/Obstructed Rooms: (the entry's two options); this room name is absent from the corpus
pseudo.pseudo_temple_queens_chambers_3,Has Room: Throne of Atziri (Tier 3),field,search/item-facts/data/properties-census.csv,properties-census.csv row 24 (Throne of Atziri (Tier #)),1 private items carry the room as a property value
pseudo.pseudo_temple_chests_3,Has Room: Museum of Artefacts (Tier 3),field,search/item-facts/data/properties-census.csv,properties-census.csv row 4 (Apex of Ascension (Tier #)) + row 6 (Open Rooms:),family: the room is a type-49 property value under Open Rooms:/Obstructed Rooms: (the entry's two options); this room name is absent from the corpus
pseudo.pseudo_temple_corruption_room_3,Has Room: Locus of Corruption (Tier 3),field,search/item-facts/data/properties-census.csv,properties-census.csv row 4 (Apex of Ascension (Tier #)) + row 6 (Open Rooms:),family: the room is a type-49 property value under Open Rooms:/Obstructed Rooms: (the entry's two options); this room name is absent from the corpus
pseudo.pseudo_temple_explosives_room_3,Has Room: Shrine of Unmaking (Tier 3),field,search/item-facts/data/properties-census.csv,properties-census.csv row 23 (Shrine of Unmaking (Tier #)),1 private items carry the room as a property value
pseudo.pseudo_temple_armour_room_3,Has Room: Chamber of Iron (Tier 3),field,search/item-facts/data/properties-census.csv,properties-census.csv row 4 (Apex of Ascension (Tier #)) + row 6 (Open Rooms:),family: the room is a type-49 property value under Open Rooms:/Obstructed Rooms: (the entry's two options); this room name is absent from the corpus
pseudo.pseudo_temple_weapon_room_3,Has Room: Hall of Champions (Tier 3),field,search/item-facts/data/properties-census.csv,properties-census.csv row 4 (Apex of Ascension (Tier #)) + row 6 (Open Rooms:),family: the room is a type-49 property value under Open Rooms:/Obstructed Rooms: (the entry's two options); this room name is absent from the corpus
pseudo.pseudo_temple_breeding_room_3,Has Room: Hall of War (Tier 3),field,search/item-facts/data/properties-census.csv,properties-census.csv row 4 (Apex of Ascension (Tier #)) + row 6 (Open Rooms:),family: the room is a type-49 property value under Open Rooms:/Obstructed Rooms: (the entry's two options); this room name is absent from the corpus
pseudo.pseudo_temple_breach_room_3,Has Room: House of the Others (Tier 3),field,search/item-facts/data/properties-census.csv,properties-census.csv row 20 (House of the Others (Tier #)),1 private items carry the room as a property value
pseudo.pseudo_temple_gem_room_3,Has Room: Doryani's Institute (Tier 3),field,search/item-facts/data/properties-census.csv,properties-census.csv row 4 (Apex of Ascension (Tier #)) + row 6 (Open Rooms:),family: the room is a type-49 property value under Open Rooms:/Obstructed Rooms: (the entry's two options); this room name is absent from the corpus
pseudo.pseudo_temple_currency_vault_3,Has Room: Wealth of the Vaal (Tier 3),field,search/item-facts/data/properties-census.csv,properties-census.csv row 12 (Wealth of the Vaal (Tier #)),1 private items carry the room as a property value
pseudo.pseudo_temple_trinket_room_3,Has Room: Glittering Halls (Tier 3),field,search/item-facts/data/properties-census.csv,properties-census.csv row 29 (Glittering Halls (Tier #)),1 private items carry the room as a property value
pseudo.pseudo_temple_workshop_3,Has Room: Factory (Tier 3),field,search/item-facts/data/properties-census.csv,properties-census.csv row 11 (Factory (Tier #)),1 private items carry the room as a property value
pseudo.pseudo_temple_empowering_room_3,Has Room: Temple Nexus (Tier 3),field,search/item-facts/data/properties-census.csv,properties-census.csv row 9 (Temple Nexus (Tier #)),1 private items carry the room as a property value
pseudo.pseudo_temple_healing_room_3,Has Room: Sanctum of Immortality (Tier 3),field,search/item-facts/data/properties-census.csv,properties-census.csv row 4 (Apex of Ascension (Tier #)) + row 6 (Open Rooms:),family: the room is a type-49 property value under Open Rooms:/Obstructed Rooms: (the entry's two options); this room name is absent from the corpus
pseudo.pseudo_temple_boss_minions_3,Has Room: Hybridisation Chamber (Tier 3),field,search/item-facts/data/properties-census.csv,properties-census.csv row 4 (Apex of Ascension (Tier #)) + row 6 (Open Rooms:),family: the room is a type-49 property value under Open Rooms:/Obstructed Rooms: (the entry's two options); this room name is absent from the corpus
pseudo.pseudo_temple_boss_fire_3,Has Room: Crucible of Flame (Tier 3),field,search/item-facts/data/properties-census.csv,properties-census.csv row 4 (Apex of Ascension (Tier #)) + row 6 (Open Rooms:),family: the room is a type-49 property value under Open Rooms:/Obstructed Rooms: (the entry's two options); this room name is absent from the corpus
pseudo.pseudo_temple_boss_lightning_3,Has Room: Conduit of Lightning (Tier 3),field,search/item-facts/data/properties-census.csv,properties-census.csv row 4 (Apex of Ascension (Tier #)) + row 6 (Open Rooms:),family: the room is a type-49 property value under Open Rooms:/Obstructed Rooms: (the entry's two options); this room name is absent from the corpus
pseudo.pseudo_temple_chasm_room,Has Room: Chasm,field,search/item-facts/data/properties-census.csv,properties-census.csv row 4 (Apex of Ascension (Tier #)) + row 6 (Open Rooms:),family: the room is a type-49 property value under Open Rooms:/Obstructed Rooms: (the entry's two options); this room name is absent from the corpus
pseudo.pseudo_temple_passageways,Has Room: Passageways,field,search/item-facts/data/properties-census.csv,properties-census.csv row 4 (Apex of Ascension (Tier #)) + row 6 (Open Rooms:),family: the room is a type-49 property value under Open Rooms:/Obstructed Rooms: (the entry's two options); this room name is absent from the corpus
pseudo.pseudo_temple_halls,Has Room: Halls,field,search/item-facts/data/properties-census.csv,properties-census.csv row 4 (Apex of Ascension (Tier #)) + row 6 (Open Rooms:),family: the room is a type-49 property value under Open Rooms:/Obstructed Rooms: (the entry's two options); this room name is absent from the corpus
pseudo.pseudo_temple_tunnels,Has Room: Tunnels,field,search/item-facts/data/properties-census.csv,properties-census.csv row 8 (Tunnels),2 private items carry the room as a property value
pseudo.pseudo_temple_the_pits,Has Room: Pits,field,search/item-facts/data/properties-census.csv,properties-census.csv row 4 (Apex of Ascension (Tier #)) + row 6 (Open Rooms:),family: the room is a type-49 property value under Open Rooms:/Obstructed Rooms: (the entry's two options); this room name is absent from the corpus
pseudo.pseudo_temple_banquet_hall,Has Room: Banquet Hall,field,search/item-facts/data/properties-census.csv,properties-census.csv row 4 (Apex of Ascension (Tier #)) + row 6 (Open Rooms:),family: the room is a type-49 property value under Open Rooms:/Obstructed Rooms: (the entry's two options); this room name is absent from the corpus
pseudo.pseudo_temple_tombs,Has Room: Tombs,field,search/item-facts/data/properties-census.csv,properties-census.csv row 4 (Apex of Ascension (Tier #)) + row 6 (Open Rooms:),family: the room is a type-49 property value under Open Rooms:/Obstructed Rooms: (the entry's two options); this room name is absent from the corpus
pseudo.pseudo_temple_antechamber,Has Room: Antechamber,field,search/item-facts/data/properties-census.csv,properties-census.csv row 4 (Apex of Ascension (Tier #)) + row 6 (Open Rooms:),family: the room is a type-49 property value under Open Rooms:/Obstructed Rooms: (the entry's two options); this room name is absent from the corpus
pseudo.pseudo_temple_cellar,Has Room: Cellar,field,search/item-facts/data/properties-census.csv,properties-census.csv row 4 (Apex of Ascension (Tier #)) + row 6 (Open Rooms:),family: the room is a type-49 property value under Open Rooms:/Obstructed Rooms: (the entry's two options); this room name is absent from the corpus
pseudo.pseudo_temple_cloister,Has Room: Cloister,field,search/item-facts/data/properties-census.csv,properties-census.csv row 4 (Apex of Ascension (Tier #)) + row 6 (Open Rooms:),family: the room is a type-49 property value under Open Rooms:/Obstructed Rooms: (the entry's two options); this room name is absent from the corpus
pseudo.pseudo_temple_torment_1,Has Room: Torment Cells (Tier 1),field,search/item-facts/data/properties-census.csv,properties-census.csv row 4 (Apex of Ascension (Tier #)) + row 6 (Open Rooms:),family: the room is a type-49 property value under Open Rooms:/Obstructed Rooms: (the entry's two options); this room name is absent from the corpus
pseudo.pseudo_temple_torment_2,Has Room: Torture Cages (Tier 2),field,search/item-facts/data/properties-census.csv,properties-census.csv row 17 (Torture Cages (Tier #)),1 private items carry the room as a property value
pseudo.pseudo_temple_torment_3,Has Room: Sadist's Den (Tier 3),field,search/item-facts/data/properties-census.csv,properties-census.csv row 26 (Sadist's Den (Tier #)),1 private items carry the room as a property value
pseudo.pseudo_temple_strongbox_1,Has Room: Strongbox Chamber (Tier 1),field,search/item-facts/data/properties-census.csv,properties-census.csv row 4 (Apex of Ascension (Tier #)) + row 6 (Open Rooms:),family: the room is a type-49 property value under Open Rooms:/Obstructed Rooms: (the entry's two options); this room name is absent from the corpus
pseudo.pseudo_temple_strongbox_2,Has Room: Hall of Locks (Tier 2),field,search/item-facts/data/properties-census.csv,properties-census.csv row 32 (Hall of Locks (Tier #)),1 private items carry the room as a property value
pseudo.pseudo_temple_strongbox_3,Has Room: Court of Sealed Death (Tier 3),field,search/item-facts/data/properties-census.csv,properties-census.csv row 4 (Apex of Ascension (Tier #)) + row 6 (Open Rooms:),family: the room is a type-49 property value under Open Rooms:/Obstructed Rooms: (the entry's two options); this room name is absent from the corpus
pseudo.pseudo_temple_legion_1,Has Room: Hall of Mettle (Tier 1),field,search/item-facts/data/properties-census.csv,properties-census.csv row 4 (Apex of Ascension (Tier #)) + row 6 (Open Rooms:),family: the room is a type-49 property value under Open Rooms:/Obstructed Rooms: (the entry's two options); this room name is absent from the corpus
pseudo.pseudo_temple_legion_2,Has Room: Hall of Heroes (Tier 2),field,search/item-facts/data/properties-census.csv,properties-census.csv row 4 (Apex of Ascension (Tier #)) + row 6 (Open Rooms:),family: the room is a type-49 property value under Open Rooms:/Obstructed Rooms: (the entry's two options); this room name is absent from the corpus
pseudo.pseudo_temple_legion_3,Has Room: Hall of Legends (Tier 3),field,search/item-facts/data/properties-census.csv,properties-census.csv row 21 (Hall of Legends (Tier #)),1 private items carry the room as a property value
pseudo.pseudo_logbook_faction_druids,Has Logbook Faction: Druids of the Broken Circle,unresolved,,,capture an Expedition Logbook and check for a `logbookMods` array carrying the faction and area; field-census has no `logbookMods` row
pseudo.pseudo_logbook_faction_mercenaries,Has Logbook Faction: Black Scythe Mercenaries,unresolved,,,capture an Expedition Logbook and check for a `logbookMods` array carrying the faction and area; field-census has no `logbookMods` row
pseudo.pseudo_logbook_faction_order,Has Logbook Faction: Order of the Chalice,unresolved,,,capture an Expedition Logbook and check for a `logbookMods` array carrying the faction and area; field-census has no `logbookMods` row
pseudo.pseudo_logbook_faction_knights,Has Logbook Faction: Knights of the Sun,unresolved,,,capture an Expedition Logbook and check for a `logbookMods` array carrying the faction and area; field-census has no `logbookMods` row
pseudo.pseudo_logbook_area_battleground_graves,Has Logbook Area: Battleground Graves,unresolved,,,capture an Expedition Logbook and check for a `logbookMods` array carrying the faction and area; field-census has no `logbookMods` row
pseudo.pseudo_logbook_area_karui_wargraves,Has Logbook Area: Karui Wargraves,unresolved,,,capture an Expedition Logbook and check for a `logbookMods` array carrying the faction and area; field-census has no `logbookMods` row
pseudo.pseudo_logbook_area_bluffs,Has Logbook Area: Bluffs,unresolved,,,capture an Expedition Logbook and check for a `logbookMods` array carrying the faction and area; field-census has no `logbookMods` row
pseudo.pseudo_logbook_area_rotting_temple,Has Logbook Area: Rotting Temple,unresolved,,,capture an Expedition Logbook and check for a `logbookMods` array carrying the faction and area; field-census has no `logbookMods` row
pseudo.pseudo_logbook_area_shipwreck_reef,Has Logbook Area: Shipwreck Reef,unresolved,,,capture an Expedition Logbook and check for a `logbookMods` array carrying the faction and area; field-census has no `logbookMods` row
pseudo.pseudo_logbook_area_cemetery,Has Logbook Area: Cemetery,unresolved,,,capture an Expedition Logbook and check for a `logbookMods` array carrying the faction and area; field-census has no `logbookMods` row
pseudo.pseudo_logbook_area_sarn_slums,Has Logbook Area: Sarn Slums,unresolved,,,capture an Expedition Logbook and check for a `logbookMods` array carrying the faction and area; field-census has no `logbookMods` row
pseudo.pseudo_logbook_area_dried_riverbed,Has Logbook Area: Dried Riverbed,unresolved,,,capture an Expedition Logbook and check for a `logbookMods` array carrying the faction and area; field-census has no `logbookMods` row
pseudo.pseudo_logbook_area_mountainside,Has Logbook Area: Mountainside,unresolved,,,capture an Expedition Logbook and check for a `logbookMods` array carrying the faction and area; field-census has no `logbookMods` row
pseudo.pseudo_logbook_area_forest_ruins,Has Logbook Area: Forest Ruins,unresolved,,,capture an Expedition Logbook and check for a `logbookMods` array carrying the faction and area; field-census has no `logbookMods` row
pseudo.pseudo_logbook_area_desert_ruins,Has Logbook Area: Desert Ruins,unresolved,,,capture an Expedition Logbook and check for a `logbookMods` array carrying the faction and area; field-census has no `logbookMods` row
pseudo.pseudo_logbook_area_vaal_temple,Has Logbook Area: Vaal Temple,unresolved,,,capture an Expedition Logbook and check for a `logbookMods` array carrying the faction and area; field-census has no `logbookMods` row
pseudo.pseudo_logbook_area_utzaal_outskirts,Has Logbook Area: Utzaal Outskirts,unresolved,,,capture an Expedition Logbook and check for a `logbookMods` array carrying the faction and area; field-census has no `logbookMods` row
pseudo.pseudo_logbook_area_scrublands,Has Logbook Area: Scrublands,unresolved,,,capture an Expedition Logbook and check for a `logbookMods` array carrying the faction and area; field-census has no `logbookMods` row
pseudo.pseudo_logbook_area_volcano,Has Logbook Area: Volcanic Island,unresolved,,,capture an Expedition Logbook and check for a `logbookMods` array carrying the faction and area; field-census has no `logbookMods` row
pseudo.lake_62572,Reflection of Breach (Difficulty #),unresolved,,,fetch a Mirrored Tablet from trade (or capture one) and read its pseudoMods against its properties; no census row names a Reflection
pseudo.lake_27117,Reflection of the Dream (Difficulty #),unresolved,,,fetch a Mirrored Tablet from trade (or capture one) and read its pseudoMods against its properties; no census row names a Reflection
pseudo.lake_62935,Reflection of the Breachlord (Difficulty #),unresolved,,,fetch a Mirrored Tablet from trade (or capture one) and read its pseudoMods against its properties; no census row names a Reflection
pseudo.lake_22138,Reflection of Delirium (Difficulty #),unresolved,,,fetch a Mirrored Tablet from trade (or capture one) and read its pseudoMods against its properties; no census row names a Reflection
pseudo.lake_42468,Reflection of Flame (Difficulty #),unresolved,,,fetch a Mirrored Tablet from trade (or capture one) and read its pseudoMods against its properties; no census row names a Reflection
pseudo.lake_35395,Reflection of Camaraderie (Difficulty #),unresolved,,,fetch a Mirrored Tablet from trade (or capture one) and read its pseudoMods against its properties; no census row names a Reflection
pseudo.lake_1931,Reflection of Conflict (Difficulty #),unresolved,,,fetch a Mirrored Tablet from trade (or capture one) and read its pseudoMods against its properties; no census row names a Reflection
pseudo.lake_35950,Reflection of Power (Difficulty #),unresolved,,,fetch a Mirrored Tablet from trade (or capture one) and read its pseudoMods against its properties; no census row names a Reflection
pseudo.lake_60981,Reflection of Tyranny (Difficulty #),unresolved,,,fetch a Mirrored Tablet from trade (or capture one) and read its pseudoMods against its properties; no census row names a Reflection
pseudo.lake_38110,Reflection of Frost (Difficulty #),unresolved,,,fetch a Mirrored Tablet from trade (or capture one) and read its pseudoMods against its properties; no census row names a Reflection
pseudo.lake_2745,Reflection of the Storm (Difficulty #),unresolved,,,fetch a Mirrored Tablet from trade (or capture one) and read its pseudoMods against its properties; no census row names a Reflection
pseudo.lake_29096,Reflection of Brutality (Difficulty #),unresolved,,,fetch a Mirrored Tablet from trade (or capture one) and read its pseudoMods against its properties; no census row names a Reflection
pseudo.lake_50834,Reflection of Chaos (Difficulty #),unresolved,,,fetch a Mirrored Tablet from trade (or capture one) and read its pseudoMods against its properties; no census row names a Reflection
pseudo.lake_48307,Reflection of Ambush (Difficulty #),unresolved,,,fetch a Mirrored Tablet from trade (or capture one) and read its pseudoMods against its properties; no census row names a Reflection
pseudo.lake_44399,Reflection of Entrapment (Difficulty #),unresolved,,,fetch a Mirrored Tablet from trade (or capture one) and read its pseudoMods against its properties; no census row names a Reflection
pseudo.lake_46772,Reflection of the Trove (Difficulty #),unresolved,,,fetch a Mirrored Tablet from trade (or capture one) and read its pseudoMods against its properties; no census row names a Reflection
pseudo.lake_49862,Reflection of Essence (Difficulty #),unresolved,,,fetch a Mirrored Tablet from trade (or capture one) and read its pseudoMods against its properties; no census row names a Reflection
pseudo.lake_10363,Reflection of Imprisonment (Difficulty #),unresolved,,,fetch a Mirrored Tablet from trade (or capture one) and read its pseudoMods against its properties; no census row names a Reflection
pseudo.lake_26813,Reflection of Thralldom (Difficulty #),unresolved,,,fetch a Mirrored Tablet from trade (or capture one) and read its pseudoMods against its properties; no census row names a Reflection
pseudo.lake_37203,Reflection of the Harbingers (Difficulty #),unresolved,,,fetch a Mirrored Tablet from trade (or capture one) and read its pseudoMods against its properties; no census row names a Reflection
pseudo.lake_49488,Reflection of Fractured Dimensions (Difficulty #),unresolved,,,fetch a Mirrored Tablet from trade (or capture one) and read its pseudoMods against its properties; no census row names a Reflection
pseudo.lake_7674,Reflection of Phaaryl (Difficulty #),unresolved,,,fetch a Mirrored Tablet from trade (or capture one) and read its pseudoMods against its properties; no census row names a Reflection
pseudo.lake_63412,Reflection of Domination (Difficulty #),unresolved,,,fetch a Mirrored Tablet from trade (or capture one) and read its pseudoMods against its properties; no census row names a Reflection
pseudo.lake_24451,Reflection of Occultism (Difficulty #),unresolved,,,fetch a Mirrored Tablet from trade (or capture one) and read its pseudoMods against its properties; no census row names a Reflection
pseudo.lake_27678,Reflection of Perverted Faith (Difficulty #),unresolved,,,fetch a Mirrored Tablet from trade (or capture one) and read its pseudoMods against its properties; no census row names a Reflection
pseudo.lake_36591,Reflection of Kalandra (Difficulty #),unresolved,,,fetch a Mirrored Tablet from trade (or capture one) and read its pseudoMods against its properties; no census row names a Reflection
pseudo.lake_3699,Reflection of Metamorph (Difficulty #),unresolved,,,fetch a Mirrored Tablet from trade (or capture one) and read its pseudoMods against its properties; no census row names a Reflection
pseudo.lake_57850,Reflection of Catalysis (Difficulty #),unresolved,,,fetch a Mirrored Tablet from trade (or capture one) and read its pseudoMods against its properties; no census row names a Reflection
pseudo.lake_55676,Reflection of Experimentation (Difficulty #),unresolved,,,fetch a Mirrored Tablet from trade (or capture one) and read its pseudoMods against its properties; no census row names a Reflection
pseudo.lake_38892,Reflection of Abyss (Difficulty #),unresolved,,,fetch a Mirrored Tablet from trade (or capture one) and read its pseudoMods against its properties; no census row names a Reflection
pseudo.lake_57101,Reflection of the Chasm (Difficulty #),unresolved,,,fetch a Mirrored Tablet from trade (or capture one) and read its pseudoMods against its properties; no census row names a Reflection
pseudo.lake_34457,Reflection of Darkness (Difficulty #),unresolved,,,fetch a Mirrored Tablet from trade (or capture one) and read its pseudoMods against its properties; no census row names a Reflection
pseudo.lake_55569,Reflection of Bestiary (Difficulty #),unresolved,,,fetch a Mirrored Tablet from trade (or capture one) and read its pseudoMods against its properties; no census row names a Reflection
pseudo.lake_18816,Reflection of the Hunter (Difficulty #),unresolved,,,fetch a Mirrored Tablet from trade (or capture one) and read its pseudoMods against its properties; no census row names a Reflection
pseudo.lake_29224,Reflection of the Wilderness (Difficulty #),unresolved,,,fetch a Mirrored Tablet from trade (or capture one) and read its pseudoMods against its properties; no census row names a Reflection
pseudo.lake_43128,Reflection of the Broken Circle (Difficulty #),unresolved,,,fetch a Mirrored Tablet from trade (or capture one) and read its pseudoMods against its properties; no census row names a Reflection
pseudo.lake_9662,Reflection of the Black Scythe (Difficulty #),unresolved,,,fetch a Mirrored Tablet from trade (or capture one) and read its pseudoMods against its properties; no census row names a Reflection
pseudo.lake_64561,Reflection of the Chalice (Difficulty #),unresolved,,,fetch a Mirrored Tablet from trade (or capture one) and read its pseudoMods against its properties; no census row names a Reflection
pseudo.lake_60034,Reflection of the Sun (Difficulty #),unresolved,,,fetch a Mirrored Tablet from trade (or capture one) and read its pseudoMods against its properties; no census row names a Reflection
pseudo.lake_403,Reflection of Legion (Difficulty #),unresolved,,,fetch a Mirrored Tablet from trade (or capture one) and read its pseudoMods against its properties; no census row names a Reflection
pseudo.lake_32968,Reflection of Stasis (Difficulty #),unresolved,,,fetch a Mirrored Tablet from trade (or capture one) and read its pseudoMods against its properties; no census row names a Reflection
pseudo.lake_34796,Reflection of the Monolith (Difficulty #),unresolved,,,fetch a Mirrored Tablet from trade (or capture one) and read its pseudoMods against its properties; no census row names a Reflection
pseudo.lake_62360,Reflection of Scourge (Difficulty #),unresolved,,,fetch a Mirrored Tablet from trade (or capture one) and read its pseudoMods against its properties; no census row names a Reflection
pseudo.lake_28500,Reflection of Demonfire (Difficulty #),unresolved,,,fetch a Mirrored Tablet from trade (or capture one) and read its pseudoMods against its properties; no census row names a Reflection
pseudo.lake_24232,Reflection of the Nightmare (Difficulty #),unresolved,,,fetch a Mirrored Tablet from trade (or capture one) and read its pseudoMods against its properties; no census row names a Reflection
pseudo.lake_53950,Reflection of Torment (Difficulty #),unresolved,,,fetch a Mirrored Tablet from trade (or capture one) and read its pseudoMods against its properties; no census row names a Reflection
pseudo.lake_25049,Reflection of Possession (Difficulty #),unresolved,,,fetch a Mirrored Tablet from trade (or capture one) and read its pseudoMods against its properties; no census row names a Reflection
pseudo.lake_25480,Reflection of Guilt (Difficulty #),unresolved,,,fetch a Mirrored Tablet from trade (or capture one) and read its pseudoMods against its properties; no census row names a Reflection
pseudo.lake_18737,Reflection of Delve (Difficulty #),unresolved,,,fetch a Mirrored Tablet from trade (or capture one) and read its pseudoMods against its properties; no census row names a Reflection
pseudo.lake_45086,Reflection of Sulphite (Difficulty #),unresolved,,,fetch a Mirrored Tablet from trade (or capture one) and read its pseudoMods against its properties; no census row names a Reflection
pseudo.lake_40031,Reflection of Azurite (Difficulty #),unresolved,,,fetch a Mirrored Tablet from trade (or capture one) and read its pseudoMods against its properties; no census row names a Reflection
pseudo.lake_50846,Reflection of Paradise (Difficulty #),unresolved,,,fetch a Mirrored Tablet from trade (or capture one) and read its pseudoMods against its properties; no census row names a Reflection
pseudo.lake_40794,Reflection of Angling (Difficulty #),unresolved,,,fetch a Mirrored Tablet from trade (or capture one) and read its pseudoMods against its properties; no census row names a Reflection
