# generated by scripts/ranged-census.py from ../item-facts/raw/m3/store/mock/GERWARIC_7694.db (read-only), crates/acquisition-search/reference/classes-v1.toml, ../repoe/data/class-to-trade-category.csv, data/captures.json, ../trade-query/data/stats-2026-09-12.json and poe1/data/mods.json, stats.json and stat_translations.json @ e2bd511a
unique,base,class,weapon,realm,array,line,export_says,site_says,mods_found,mods
Circle of Anguish,Ruby Ring,Rings,not a weapon,pc,implicitMods,Adds 12 to 27 Cold Damage,cannot say: the mods found say local and global,not captured,3,SynthesisImplicitGlobalAddedColdDamage1_;SynthesisImplicitLocalColdDamageTwoHand2__;VillageLocalColdDamageTwoHand1
Circle of Anguish,Ruby Ring,Rings,not a weapon,pc,implicitMods,Adds 13 to 28 Fire Damage,cannot say: the mods found say local and global,global,4,GlobalAddedFireDamageUnique__6;SynthesisImplicitGlobalAddedFireDamage1;SynthesisImplicitLocalFireDamage3;VillageLocalFireDamage2
Circle of Anguish,Ruby Ring,Rings,not a weapon,pc,explicitMods,Adds 20 to 27 Fire Damage,cannot say: the mods found say local and global,global,2,GlobalAddedFireDamageUnique__3_;SynthesisImplicitLocalFireDamageTwoHand2
Circle of Anguish,Ruby Ring,Rings,not a weapon,pc,explicitMods,Adds 20 to 31 Fire Damage,cannot say: the mods found say local and global,global,3,GlobalAddedFireDamageUnique__3_;SynthesisImplicitLocalFireDamageTwoHand2;VillageLocalFireDamageTwoHand1
Circle of Anguish,Ruby Ring,Rings,not a weapon,pc,explicitMods,Adds 20 to 31 Fire Damage,cannot say: the mods found say local and global,global,3,GlobalAddedFireDamageUnique__3_;SynthesisImplicitLocalFireDamageTwoHand2;VillageLocalFireDamageTwoHand1
Circle of Anguish,Ruby Ring,Rings,not a weapon,pc,explicitMods,Adds 21 to 27 Fire Damage,cannot say: the mods found say local and global,global,2,GlobalAddedFireDamageUnique__3_;SynthesisImplicitLocalFireDamageTwoHand2
Circle of Anguish,Ruby Ring,Rings,not a weapon,pc,explicitMods,Adds 21 to 30 Fire Damage,cannot say: the mods found say local and global,global,2,GlobalAddedFireDamageUnique__3_;SynthesisImplicitLocalFireDamageTwoHand2
Circle of Anguish,Ruby Ring,Rings,not a weapon,pc,explicitMods,Adds 21 to 34 Fire Damage,cannot say: the mods found say local and global,global,5,GlobalAddedFireDamageUnique__1;GlobalAddedFireDamageUnique__3_;LocalAddedFireDamageUniqueTwoHandAxe1;SynthesisImplicitLocalFireDamage4;SynthesisImplicitLocalFireDamageTwoHand2
Circle of Anguish,Ruby Ring,Rings,not a weapon,pc,explicitMods,Adds 22 to 34 Fire Damage,cannot say: the mods found say local and global,global,5,GlobalAddedFireDamageUnique__1;GlobalAddedFireDamageUnique__2;GlobalAddedFireDamageUnique__3_;SynthesisImplicitLocalFireDamage4;SynthesisImplicitLocalFireDamageTwoHand2
Circle of Anguish,Ruby Ring,Rings,not a weapon,pc,explicitMods,Adds 22 to 35 Fire Damage,cannot say: the mods found say local and global,global,6,GlobalAddedFireDamageUnique__1;GlobalAddedFireDamageUnique__2;GlobalAddedFireDamageUnique__3_;SynthesisImplicitLocalFireDamage4;SynthesisImplicitLocalFireDamageTwoHand2;VillageLocalFireDamage3
Circle of Anguish,Ruby Ring,Rings,not a weapon,pc,explicitMods,Adds 23 to 27 Fire Damage,global,global,1,GlobalAddedFireDamageUnique__3_
Circle of Anguish,Ruby Ring,Rings,not a weapon,pc,explicitMods,Adds 23 to 28 Fire Damage,global,global,1,GlobalAddedFireDamageUnique__3_
Circle of Anguish,Ruby Ring,Rings,not a weapon,pc,explicitMods,Adds 23 to 31 Fire Damage,global,global,1,GlobalAddedFireDamageUnique__3_
Circle of Anguish,Ruby Ring,Rings,not a weapon,pc,explicitMods,Adds 23 to 33 Fire Damage,cannot say: the mods found say local and global,global,3,GlobalAddedFireDamageUnique__1;GlobalAddedFireDamageUnique__3_;SynthesisImplicitLocalFireDamage4
Circle of Anguish,Ruby Ring,Rings,not a weapon,pc,explicitMods,Adds 23 to 33 Fire Damage,cannot say: the mods found say local and global,global,3,GlobalAddedFireDamageUnique__1;GlobalAddedFireDamageUnique__3_;SynthesisImplicitLocalFireDamage4
Circle of Anguish,Ruby Ring,Rings,not a weapon,pc,explicitMods,Adds 23 to 34 Fire Damage,cannot say: the mods found say local and global,global,4,GlobalAddedFireDamageUnique__1;GlobalAddedFireDamageUnique__2;GlobalAddedFireDamageUnique__3_;SynthesisImplicitLocalFireDamage4
Circle of Anguish,Ruby Ring,Rings,not a weapon,pc,explicitMods,Adds 24 to 28 Fire Damage,global,global,1,GlobalAddedFireDamageUnique__3_
Circle of Anguish,Ruby Ring,Rings,not a weapon,pc,explicitMods,Adds 24 to 28 Fire Damage,global,global,1,GlobalAddedFireDamageUnique__3_
Circle of Anguish,Ruby Ring,Rings,not a weapon,pc,explicitMods,Adds 24 to 33 Fire Damage,cannot say: the mods found say local and global,global,3,GlobalAddedFireDamageUnique__1;GlobalAddedFireDamageUnique__3_;SynthesisImplicitLocalFireDamage4
Circle of Anguish,Ruby Ring,Rings,not a weapon,pc,explicitMods,Adds 24 to 33 Fire Damage,cannot say: the mods found say local and global,global,3,GlobalAddedFireDamageUnique__1;GlobalAddedFireDamageUnique__3_;SynthesisImplicitLocalFireDamage4
Circle of Anguish,Ruby Ring,Rings,not a weapon,pc,explicitMods,Adds 24 to 33 Fire Damage,cannot say: the mods found say local and global,global,3,GlobalAddedFireDamageUnique__1;GlobalAddedFireDamageUnique__3_;SynthesisImplicitLocalFireDamage4
Circle of Anguish,Ruby Ring,Rings,not a weapon,pc,explicitMods,Adds 25 to 28 Fire Damage,global,global,1,GlobalAddedFireDamageUnique__3_
Circle of Fear,Sapphire Ring,Rings,not a weapon,pc,explicitMods,Adds 20 to 27 Cold Damage,cannot say: the mods found say local and global,global,2,GlobalAddedColdDamageUnique__3;SynthesisImplicitLocalColdDamage4
Circle of Fear,Sapphire Ring,Rings,not a weapon,pc,explicitMods,Adds 20 to 27 Cold Damage,cannot say: the mods found say local and global,global,2,GlobalAddedColdDamageUnique__3;SynthesisImplicitLocalColdDamage4
Circle of Fear,Sapphire Ring,Rings,not a weapon,pc,explicitMods,Adds 20 to 31 Cold Damage,cannot say: the mods found say local and global,global,6,AddedColdDamageColdPenetration2;GlobalAddedColdDamageUnique__2_;GlobalAddedColdDamageUnique__3;LocalAddedColdDamageUniqueOneHandMace4_;SynthesisImplicitLocalColdDamage4;VillageLocalColdDamage3
Circle of Fear,Sapphire Ring,Rings,not a weapon,pc,explicitMods,Adds 21 to 30 Cold Damage,global,global,1,GlobalAddedColdDamageUnique__3
Circle of Fear,Sapphire Ring,Rings,not a weapon,pc,explicitMods,Adds 21 to 33 Cold Damage,cannot say: the mods found say local and global,global,4,GlobalAddedColdDamageUnique__1;GlobalAddedColdDamageUnique__2_;GlobalAddedColdDamageUnique__3;VillageLocalColdDamage3
Circle of Fear,Sapphire Ring,Rings,not a weapon,pc,explicitMods,Adds 22 to 30 Cold Damage,global,global,1,GlobalAddedColdDamageUnique__3
Circle of Fear,Sapphire Ring,Rings,not a weapon,pc,explicitMods,Adds 22 to 31 Cold Damage,global,global,2,GlobalAddedColdDamageUnique__2_;GlobalAddedColdDamageUnique__3
Circle of Fear,Sapphire Ring,Rings,not a weapon,pc,explicitMods,Adds 22 to 33 Cold Damage,global,global,3,GlobalAddedColdDamageUnique__1;GlobalAddedColdDamageUnique__2_;GlobalAddedColdDamageUnique__3
Circle of Fear,Sapphire Ring,Rings,not a weapon,pc,explicitMods,Adds 23 to 26 Cold Damage,global,global,1,GlobalAddedColdDamageUnique__3
Circle of Fear,Sapphire Ring,Rings,not a weapon,pc,explicitMods,Adds 23 to 26 Cold Damage,global,global,1,GlobalAddedColdDamageUnique__3
Circle of Fear,Sapphire Ring,Rings,not a weapon,pc,explicitMods,Adds 23 to 30 Cold Damage,global,global,1,GlobalAddedColdDamageUnique__3
Circle of Fear,Sapphire Ring,Rings,not a weapon,pc,explicitMods,Adds 23 to 30 Cold Damage,global,global,1,GlobalAddedColdDamageUnique__3
Circle of Fear,Sapphire Ring,Rings,not a weapon,pc,explicitMods,Adds 23 to 35 Cold Damage,cannot say: the mods found say local and global,global,4,GlobalAddedColdDamageUnique__1;GlobalAddedColdDamageUnique__2_;GlobalAddedColdDamageUnique__3;SynthesisImplicitLocalColdDamageTwoHand3_
Circle of Fear,Sapphire Ring,Rings,not a weapon,pc,explicitMods,Adds 24 to 28 Cold Damage,global,global,1,GlobalAddedColdDamageUnique__3
Circle of Fear,Sapphire Ring,Rings,not a weapon,pc,explicitMods,Adds 24 to 30 Cold Damage,global,global,1,GlobalAddedColdDamageUnique__3
Circle of Fear,Sapphire Ring,Rings,not a weapon,pc,explicitMods,Adds 24 to 30 Cold Damage,global,global,1,GlobalAddedColdDamageUnique__3
Circle of Fear,Sapphire Ring,Rings,not a weapon,pc,explicitMods,Adds 24 to 31 Cold Damage,global,global,1,GlobalAddedColdDamageUnique__3
Circle of Fear,Sapphire Ring,Rings,not a weapon,pc,explicitMods,Adds 24 to 31 Cold Damage,global,global,1,GlobalAddedColdDamageUnique__3
Circle of Fear,Sapphire Ring,Rings,not a weapon,pc,explicitMods,Adds 24 to 34 Cold Damage,cannot say: the mods found say local and global,global,3,GlobalAddedColdDamageUnique__1;GlobalAddedColdDamageUnique__3;SynthesisImplicitLocalColdDamageTwoHand3_
Circle of Fear,Sapphire Ring,Rings,not a weapon,pc,explicitMods,Adds 25 to 27 Cold Damage,global,global,1,GlobalAddedColdDamageUnique__3
Circle of Fear,Sapphire Ring,Rings,not a weapon,pc,explicitMods,Adds 25 to 30 Cold Damage,global,global,1,GlobalAddedColdDamageUnique__3
Circle of Fear,Sapphire Ring,Rings,not a weapon,pc,explicitMods,Adds 25 to 32 Cold Damage,global,global,1,GlobalAddedColdDamageUnique__3
Circle of Fear,Sapphire Ring,Rings,not a weapon,pc,explicitMods,Adds 25 to 33 Cold Damage,global,global,1,GlobalAddedColdDamageUnique__3
Circle of Guilt,Iron Ring,Rings,not a weapon,pc,explicitMods,Adds 10 to 13 Physical Damage,cannot say: the mods found say local and global,global,4,GlobalAddedPhysicalDamageUnique__2;LocalAddedPhysicalDamageUnique14;LocalAddedPhysicalDamageUniqueOneHandSword11;LocalAddedPhysicalDamageUnique__15Royale
Circle of Guilt,Iron Ring,Rings,not a weapon,pc,explicitMods,Adds 10 to 14 Physical Damage,cannot say: the mods found say local and global,global,6,GlobalAddedPhysicalDamageUnique__2;GlobalAddedPhysicalDamageUnique__3;LocalAddedPhysicalDamageUnique14;LocalAddedPhysicalDamageUniqueOneHandSword11;LocalAddedPhysicalDamageUnique__15Royale;PhysicalDamageCrafted1
Circle of Guilt,Iron Ring,Rings,not a weapon,pc,explicitMods,Adds 10 to 14 Physical Damage,cannot say: the mods found say local and global,global,6,GlobalAddedPhysicalDamageUnique__2;GlobalAddedPhysicalDamageUnique__3;LocalAddedPhysicalDamageUnique14;LocalAddedPhysicalDamageUniqueOneHandSword11;LocalAddedPhysicalDamageUnique__15Royale;PhysicalDamageCrafted1
Circle of Guilt,Iron Ring,Rings,not a weapon,pc,explicitMods,Adds 10 to 14 Physical Damage,cannot say: the mods found say local and global,global,6,GlobalAddedPhysicalDamageUnique__2;GlobalAddedPhysicalDamageUnique__3;LocalAddedPhysicalDamageUnique14;LocalAddedPhysicalDamageUniqueOneHandSword11;LocalAddedPhysicalDamageUnique__15Royale;PhysicalDamageCrafted1
Circle of Guilt,Iron Ring,Rings,not a weapon,pc,explicitMods,Adds 10 to 15 Physical Damage,cannot say: the mods found say local and global,global,10,GlobalAddedPhysicalDamageUnique__2;GlobalAddedPhysicalDamageUnique__3;LocalAddedPhysicalDamageUnique14;LocalAddedPhysicalDamageUniqueOneHandMace5;LocalAddedPhysicalDamageUniqueOneHandMace8;LocalAddedPhysicalDamageUniqueOneHandSword11;LocalAddedPhysicalDamageUniqueRapier2;LocalAddedPhysicalDamageUnique__15Royale;LocalAddedPhysicalDamage__1;PhysicalDamageCrafted1
Circle of Guilt,Iron Ring,Rings,not a weapon,pc,explicitMods,Adds 8 to 13 Physical Damage,cannot say: the mods found say local and global,global,8,GlobalAddedPhysicalDamageUnique__2;LocalAddedPhyiscalDamageUnique__43;LocalAddedPhysicalDamageUniqueOneHandAxe8;LocalAddedPhysicalDamageUniqueOneHandSword11;LocalAddedPhysicalDamageUniqueOneHandSword13;LocalAddedPhysicalDamageUniqueWand9;LocalAddedPhysicalDamageUnique__15Royale;SynthesisImplicitLocalAddedPhysicalDamageTwoHand5
Circle of Guilt,Iron Ring,Rings,not a weapon,pc,explicitMods,Adds 8 to 13 Physical Damage,cannot say: the mods found say local and global,global,8,GlobalAddedPhysicalDamageUnique__2;LocalAddedPhyiscalDamageUnique__43;LocalAddedPhysicalDamageUniqueOneHandAxe8;LocalAddedPhysicalDamageUniqueOneHandSword11;LocalAddedPhysicalDamageUniqueOneHandSword13;LocalAddedPhysicalDamageUniqueWand9;LocalAddedPhysicalDamageUnique__15Royale;SynthesisImplicitLocalAddedPhysicalDamageTwoHand5
Circle of Guilt,Iron Ring,Rings,not a weapon,pc,explicitMods,Adds 8 to 13 Physical Damage,cannot say: the mods found say local and global,global,8,GlobalAddedPhysicalDamageUnique__2;LocalAddedPhyiscalDamageUnique__43;LocalAddedPhysicalDamageUniqueOneHandAxe8;LocalAddedPhysicalDamageUniqueOneHandSword11;LocalAddedPhysicalDamageUniqueOneHandSword13;LocalAddedPhysicalDamageUniqueWand9;LocalAddedPhysicalDamageUnique__15Royale;SynthesisImplicitLocalAddedPhysicalDamageTwoHand5
Circle of Guilt,Iron Ring,Rings,not a weapon,pc,explicitMods,Adds 8 to 13 Physical Damage,cannot say: the mods found say local and global,global,8,GlobalAddedPhysicalDamageUnique__2;LocalAddedPhyiscalDamageUnique__43;LocalAddedPhysicalDamageUniqueOneHandAxe8;LocalAddedPhysicalDamageUniqueOneHandSword11;LocalAddedPhysicalDamageUniqueOneHandSword13;LocalAddedPhysicalDamageUniqueWand9;LocalAddedPhysicalDamageUnique__15Royale;SynthesisImplicitLocalAddedPhysicalDamageTwoHand5
Circle of Guilt,Iron Ring,Rings,not a weapon,pc,explicitMods,Adds 8 to 14 Physical Damage,cannot say: the mods found say local and global,global,9,GlobalAddedPhysicalDamageUnique__2;GlobalAddedPhysicalDamageUnique__3;LocalAddedPhyiscalDamageUnique__43;LocalAddedPhysicalDamageUniqueOneHandAxe8;LocalAddedPhysicalDamageUniqueOneHandSword11;LocalAddedPhysicalDamageUniqueOneHandSword13;LocalAddedPhysicalDamageUniqueWand9;LocalAddedPhysicalDamageUnique__15Royale;PhysicalDamageCrafted1
Circle of Guilt,Iron Ring,Rings,not a weapon,pc,explicitMods,Adds 8 to 14 Physical Damage,cannot say: the mods found say local and global,global,9,GlobalAddedPhysicalDamageUnique__2;GlobalAddedPhysicalDamageUnique__3;LocalAddedPhyiscalDamageUnique__43;LocalAddedPhysicalDamageUniqueOneHandAxe8;LocalAddedPhysicalDamageUniqueOneHandSword11;LocalAddedPhysicalDamageUniqueOneHandSword13;LocalAddedPhysicalDamageUniqueWand9;LocalAddedPhysicalDamageUnique__15Royale;PhysicalDamageCrafted1
Circle of Guilt,Iron Ring,Rings,not a weapon,pc,explicitMods,Adds 8 to 14 Physical Damage,cannot say: the mods found say local and global,global,9,GlobalAddedPhysicalDamageUnique__2;GlobalAddedPhysicalDamageUnique__3;LocalAddedPhyiscalDamageUnique__43;LocalAddedPhysicalDamageUniqueOneHandAxe8;LocalAddedPhysicalDamageUniqueOneHandSword11;LocalAddedPhysicalDamageUniqueOneHandSword13;LocalAddedPhysicalDamageUniqueWand9;LocalAddedPhysicalDamageUnique__15Royale;PhysicalDamageCrafted1
Circle of Guilt,Iron Ring,Rings,not a weapon,pc,explicitMods,Adds 8 to 15 Physical Damage,cannot say: the mods found say local and global,global,11,GlobalAddedPhysicalDamageUnique__2;GlobalAddedPhysicalDamageUnique__3;LocalAddedPhyiscalDamageUnique__43;LocalAddedPhysicalDamageUniqueOneHandAxe8;LocalAddedPhysicalDamageUniqueOneHandMace5;LocalAddedPhysicalDamageUniqueOneHandSword11;LocalAddedPhysicalDamageUniqueWand9;LocalAddedPhysicalDamageUnique__10;LocalAddedPhysicalDamageUnique__15Royale;LocalAddedPhysicalDamage__1;PhysicalDamageCrafted1
Circle of Guilt,Iron Ring,Rings,not a weapon,pc,explicitMods,Adds 8 to 15 Physical Damage,cannot say: the mods found say local and global,global,11,GlobalAddedPhysicalDamageUnique__2;GlobalAddedPhysicalDamageUnique__3;LocalAddedPhyiscalDamageUnique__43;LocalAddedPhysicalDamageUniqueOneHandAxe8;LocalAddedPhysicalDamageUniqueOneHandMace5;LocalAddedPhysicalDamageUniqueOneHandSword11;LocalAddedPhysicalDamageUniqueWand9;LocalAddedPhysicalDamageUnique__10;LocalAddedPhysicalDamageUnique__15Royale;LocalAddedPhysicalDamage__1;PhysicalDamageCrafted1
Circle of Guilt,Iron Ring,Rings,not a weapon,pc,explicitMods,Adds 9 to 13 Physical Damage,cannot say: the mods found say local and global,global,6,GlobalAddedPhysicalDamageUnique__2;LocalAddedPhyiscalDamageUnique__43;LocalAddedPhysicalDamageUniqueOneHandAxe8;LocalAddedPhysicalDamageUniqueOneHandSword11;LocalAddedPhysicalDamageUnique__15Royale;SynthesisImplicitLocalAddedPhysicalDamageTwoHand5
Circle of Guilt,Iron Ring,Rings,not a weapon,pc,explicitMods,Adds 9 to 13 Physical Damage,cannot say: the mods found say local and global,global,6,GlobalAddedPhysicalDamageUnique__2;LocalAddedPhyiscalDamageUnique__43;LocalAddedPhysicalDamageUniqueOneHandAxe8;LocalAddedPhysicalDamageUniqueOneHandSword11;LocalAddedPhysicalDamageUnique__15Royale;SynthesisImplicitLocalAddedPhysicalDamageTwoHand5
Circle of Guilt,Iron Ring,Rings,not a weapon,pc,explicitMods,Adds 9 to 13 Physical Damage,cannot say: the mods found say local and global,global,6,GlobalAddedPhysicalDamageUnique__2;LocalAddedPhyiscalDamageUnique__43;LocalAddedPhysicalDamageUniqueOneHandAxe8;LocalAddedPhysicalDamageUniqueOneHandSword11;LocalAddedPhysicalDamageUnique__15Royale;SynthesisImplicitLocalAddedPhysicalDamageTwoHand5
Circle of Guilt,Iron Ring,Rings,not a weapon,pc,explicitMods,Adds 9 to 14 Physical Damage,cannot say: the mods found say local and global,global,7,GlobalAddedPhysicalDamageUnique__2;GlobalAddedPhysicalDamageUnique__3;LocalAddedPhyiscalDamageUnique__43;LocalAddedPhysicalDamageUniqueOneHandAxe8;LocalAddedPhysicalDamageUniqueOneHandSword11;LocalAddedPhysicalDamageUnique__15Royale;PhysicalDamageCrafted1
Circle of Guilt,Iron Ring,Rings,not a weapon,pc,explicitMods,Adds 9 to 14 Physical Damage,cannot say: the mods found say local and global,global,7,GlobalAddedPhysicalDamageUnique__2;GlobalAddedPhysicalDamageUnique__3;LocalAddedPhyiscalDamageUnique__43;LocalAddedPhysicalDamageUniqueOneHandAxe8;LocalAddedPhysicalDamageUniqueOneHandSword11;LocalAddedPhysicalDamageUnique__15Royale;PhysicalDamageCrafted1
Circle of Guilt,Iron Ring,Rings,not a weapon,pc,explicitMods,Adds 9 to 14 Physical Damage,cannot say: the mods found say local and global,global,7,GlobalAddedPhysicalDamageUnique__2;GlobalAddedPhysicalDamageUnique__3;LocalAddedPhyiscalDamageUnique__43;LocalAddedPhysicalDamageUniqueOneHandAxe8;LocalAddedPhysicalDamageUniqueOneHandSword11;LocalAddedPhysicalDamageUnique__15Royale;PhysicalDamageCrafted1
Circle of Guilt,Iron Ring,Rings,not a weapon,pc,explicitMods,Adds 9 to 15 Physical Damage,cannot say: the mods found say local and global,global,9,GlobalAddedPhysicalDamageUnique__2;GlobalAddedPhysicalDamageUnique__3;LocalAddedPhyiscalDamageUnique__43;LocalAddedPhysicalDamageUniqueOneHandAxe8;LocalAddedPhysicalDamageUniqueOneHandMace5;LocalAddedPhysicalDamageUniqueOneHandSword11;LocalAddedPhysicalDamageUnique__15Royale;LocalAddedPhysicalDamage__1;PhysicalDamageCrafted1
Circle of Guilt,Iron Ring,Rings,not a weapon,pc,explicitMods,Adds 9 to 15 Physical Damage,cannot say: the mods found say local and global,global,9,GlobalAddedPhysicalDamageUnique__2;GlobalAddedPhysicalDamageUnique__3;LocalAddedPhyiscalDamageUnique__43;LocalAddedPhysicalDamageUniqueOneHandAxe8;LocalAddedPhysicalDamageUniqueOneHandMace5;LocalAddedPhysicalDamageUniqueOneHandSword11;LocalAddedPhysicalDamageUnique__15Royale;LocalAddedPhysicalDamage__1;PhysicalDamageCrafted1
Circle of Nostalgia,Amethyst Ring,Rings,not a weapon,pc,explicitMods,Adds 15 to 21 Chaos Damage,global,not captured,1,GlobalAddedChaosDamageUnique__5_
Circle of Nostalgia,Amethyst Ring,Rings,not a weapon,pc,explicitMods,Adds 15 to 24 Chaos Damage,cannot say: the mods found say local and global,not captured,4,AddedChaosDamageToAttacksAndSpellsUnique__2;GlobalAddedChaosDamageUnique__5_;SynthesisImplicitLocalChaosDamage2_;VillageLocalChaosDamage2
Circle of Nostalgia,Amethyst Ring,Rings,not a weapon,pc,explicitMods,Adds 15 to 25 Chaos Damage,cannot say: the mods found say local and global,not captured,4,AddedChaosDamageToAttacksAndSpellsUnique__2;GlobalAddedChaosDamageUnique__5_;SynthesisImplicitLocalChaosDamage2_;VillageLocalChaosDamage2
Circle of Nostalgia,Amethyst Ring,Rings,not a weapon,pc,explicitMods,Adds 15 to 26 Chaos Damage,cannot say: the mods found say local and global,not captured,5,AddedChaosDamageToAttacksAndSpellsUnique__2;GlobalAddedChaosDamageUnique__5_;SynthesisImplicitLocalChaosDamage2_;VillageLocalChaosDamage2;VillageLocalChaosDamageTwoHand1
Circle of Nostalgia,Amethyst Ring,Rings,not a weapon,pc,explicitMods,Adds 15 to 29 Chaos Damage,cannot say: the mods found say local and global,not captured,5,AddedChaosDamageToAttacksAndSpellsUnique__1;AddedChaosDamageToAttacksAndSpellsUnique__2;GlobalAddedChaosDamageUnique__5_;SynthesisImplicitLocalChaosDamage2_;VillageLocalChaosDamageTwoHand1
Circle of Nostalgia,Amethyst Ring,Rings,not a weapon,pc,explicitMods,Adds 16 to 24 Chaos Damage,cannot say: the mods found say local and global,not captured,3,AddedChaosDamageToAttacksAndSpellsUnique__2;GlobalAddedChaosDamageUnique__5_;SynthesisImplicitLocalChaosDamage2_
Circle of Nostalgia,Amethyst Ring,Rings,not a weapon,pc,explicitMods,Adds 16 to 25 Chaos Damage,cannot say: the mods found say local and global,not captured,3,AddedChaosDamageToAttacksAndSpellsUnique__2;GlobalAddedChaosDamageUnique__5_;SynthesisImplicitLocalChaosDamage2_
Circle of Nostalgia,Amethyst Ring,Rings,not a weapon,pc,explicitMods,Adds 17 to 28 Chaos Damage,cannot say: the mods found say local and global,not captured,5,AddedChaosDamageToAttacksAndSpellsUnique__2;GlobalAddedChaosDamageUnique__1;GlobalAddedChaosDamageUnique__5_;SynthesisImplicitLocalChaosDamage2_;VillageLocalChaosDamageTwoHand1
Circle of Nostalgia,Amethyst Ring,Rings,not a weapon,pc,explicitMods,Adds 18 to 21 Chaos Damage,global,not captured,1,GlobalAddedChaosDamageUnique__5_
Circle of Nostalgia,Amethyst Ring,Rings,not a weapon,pc,explicitMods,Adds 18 to 28 Chaos Damage,cannot say: the mods found say local and global,not captured,3,GlobalAddedChaosDamageUnique__1;GlobalAddedChaosDamageUnique__5_;SynthesisImplicitLocalChaosDamage2_
Circle of Nostalgia,Amethyst Ring,Rings,not a weapon,pc,explicitMods,Adds 20 to 27 Chaos Damage,global,not captured,1,GlobalAddedChaosDamageUnique__5_
Circle of Nostalgia,Amethyst Ring,Rings,not a weapon,pc,explicitMods,Adds 20 to 27 Chaos Damage,global,not captured,1,GlobalAddedChaosDamageUnique__5_
Circle of Regret,Topaz Ring,Rings,not a weapon,pc,explicitMods,Adds 1 to 48 Lightning Damage,cannot say: the mods found say local and global,global,7,GlobalAddedLightningDamageUnique__2_;GlobalAddedLightningDamageUnique__3;GlobalAddedLightningDamageUnique__5;LocalAddedLightningDamageUniqueOneHandSword7;LocalAddedLightningDamageUnique__3;SynthesisImplicitLocalLightningDamage3_;SynthesisImplicitLocalLightningDamageTwoHand2
Circle of Regret,Topaz Ring,Rings,not a weapon,pc,explicitMods,Adds 1 to 50 Lightning Damage,cannot say: the mods found say local and global,global,9,GlobalAddedLightningDamageUnique__2_;GlobalAddedLightningDamageUnique__3;GlobalAddedLightningDamageUnique__5;LocalAddedLightningDamageUniqueOneHandSword7;LocalAddedLightningDamageUnique__3;LocalAddedLightningDamageUnique__4;SynthesisImplicitGlobalAddedLightningDamage1;SynthesisImplicitLocalLightningDamage3_;SynthesisImplicitLocalLightningDamageTwoHand2
Circle of Regret,Topaz Ring,Rings,not a weapon,pc,explicitMods,Adds 1 to 52 Lightning Damage,cannot say: the mods found say local and global,global,8,GlobalAddedLightningDamageUnique__2_;GlobalAddedLightningDamageUnique__3;GlobalAddedLightningDamageUnique__5;LocalAddedLightningDamageUnique__3;LocalAddedLightningDamageUnique__4;SynthesisImplicitGlobalAddedLightningDamage1;SynthesisImplicitLocalLightningDamage3_;SynthesisImplicitLocalLightningDamageTwoHand2
Circle of Regret,Topaz Ring,Rings,not a weapon,pc,explicitMods,Adds 1 to 53 Lightning Damage,cannot say: the mods found say local and global,global,6,GlobalAddedLightningDamageUnique__3;GlobalAddedLightningDamageUnique__5;LocalAddedLightningDamageUnique__3;LocalAddedLightningDamageUnique__4;SynthesisImplicitLocalLightningDamage3_;SynthesisImplicitLocalLightningDamageTwoHand2
Circle of Regret,Topaz Ring,Rings,not a weapon,pc,explicitMods,Adds 1 to 53 Lightning Damage,cannot say: the mods found say local and global,global,6,GlobalAddedLightningDamageUnique__3;GlobalAddedLightningDamageUnique__5;LocalAddedLightningDamageUnique__3;LocalAddedLightningDamageUnique__4;SynthesisImplicitLocalLightningDamage3_;SynthesisImplicitLocalLightningDamageTwoHand2
Circle of Regret,Topaz Ring,Rings,not a weapon,pc,explicitMods,Adds 1 to 54 Lightning Damage,cannot say: the mods found say local and global,global,6,GlobalAddedLightningDamageUnique__3;GlobalAddedLightningDamageUnique__5;LocalAddedLightningDamageUnique__3;LocalAddedLightningDamageUnique__4;SynthesisImplicitLocalLightningDamage3_;SynthesisImplicitLocalLightningDamageTwoHand2
Circle of Regret,Topaz Ring,Rings,not a weapon,pc,explicitMods,Adds 1 to 55 Lightning Damage,cannot say: the mods found say local and global,global,6,GlobalAddedLightningDamageUnique__3;GlobalAddedLightningDamageUnique__5;LocalAddedLightningDamageUnique__3;LocalAddedLightningDamageUnique__4;SynthesisImplicitLocalLightningDamage3_;SynthesisImplicitLocalLightningDamageTwoHand2
Circle of Regret,Topaz Ring,Rings,not a weapon,pc,explicitMods,Adds 1 to 56 Lightning Damage,cannot say: the mods found say local and global,global,4,GlobalAddedLightningDamageUnique__3;GlobalAddedLightningDamageUnique__5;LocalAddedLightningDamageUnique__4;SynthesisImplicitLocalLightningDamageTwoHand2
Circle of Regret,Topaz Ring,Rings,not a weapon,pc,explicitMods,Adds 1 to 58 Lightning Damage,cannot say: the mods found say local and global,global,3,GlobalAddedLightningDamageUnique__3;LocalAddedLightningDamageUnique__4;SynthesisImplicitLocalLightningDamageTwoHand2
Circle of Regret,Topaz Ring,Rings,not a weapon,pc,explicitMods,Adds 1 to 59 Lightning Damage,cannot say: the mods found say local and global,global,3,GlobalAddedLightningDamageUnique__3;LocalAddedLightningDamageUnique__4;SynthesisImplicitLocalLightningDamageTwoHand2
Circle of Regret,Topaz Ring,Rings,not a weapon,pc,explicitMods,Adds 1 to 60 Lightning Damage,cannot say: the mods found say local and global,global,4,GlobalAddedLightningDamageUnique__3;LocalAddedLightningDamageUnique__4;LocalAddedLightningDamageUnique__5;SynthesisImplicitLocalLightningDamageTwoHand2
Circle of Regret,Topaz Ring,Rings,not a weapon,pc,explicitMods,Adds 1 to 60 Lightning Damage,cannot say: the mods found say local and global,global,4,GlobalAddedLightningDamageUnique__3;LocalAddedLightningDamageUnique__4;LocalAddedLightningDamageUnique__5;SynthesisImplicitLocalLightningDamageTwoHand2
Circle of Regret,Topaz Ring,Rings,not a weapon,pc,explicitMods,Adds 1 to 60 Lightning Damage,cannot say: the mods found say local and global,global,4,GlobalAddedLightningDamageUnique__3;LocalAddedLightningDamageUnique__4;LocalAddedLightningDamageUnique__5;SynthesisImplicitLocalLightningDamageTwoHand2
Circle of Regret,Topaz Ring,Rings,not a weapon,pc,explicitMods,Adds 1 to 60 Lightning Damage,cannot say: the mods found say local and global,global,4,GlobalAddedLightningDamageUnique__3;LocalAddedLightningDamageUnique__4;LocalAddedLightningDamageUnique__5;SynthesisImplicitLocalLightningDamageTwoHand2
Circle of Regret,Topaz Ring,Rings,not a weapon,pc,explicitMods,Adds 1 to 60 Lightning Damage,cannot say: the mods found say local and global,global,4,GlobalAddedLightningDamageUnique__3;LocalAddedLightningDamageUnique__4;LocalAddedLightningDamageUnique__5;SynthesisImplicitLocalLightningDamageTwoHand2
Circle of Regret,Topaz Ring,Rings,not a weapon,pc,explicitMods,Adds 1 to 60 Lightning Damage,cannot say: the mods found say local and global,global,4,GlobalAddedLightningDamageUnique__3;LocalAddedLightningDamageUnique__4;LocalAddedLightningDamageUnique__5;SynthesisImplicitLocalLightningDamageTwoHand2
Foulborn The Embalmer,Carnal Mitts,Gloves,not a weapon,pc,explicitMods,Adds 16 to 24 Chaos Damage,cannot say: the mods found say local and global,not captured,3,AddedChaosDamageToAttacksAndSpellsUnique__2;GlobalAddedChaosDamageUnique__5_;SynthesisImplicitLocalChaosDamage2_
Impresence,Onyx Amulet,Amulets,not a weapon,pc,explicitMods,Adds 17 to 24 Chaos Damage,cannot say: the mods found say local and global,not captured,4,AddedChaosDamageToAttacksAndSpellsUnique__2;GlobalAddedChaosDamageUnique__1;GlobalAddedChaosDamageUnique__5_;SynthesisImplicitLocalChaosDamage2_
Impresence,Onyx Amulet,Amulets,not a weapon,pc,explicitMods,Adds 18 to 25 Chaos Damage,cannot say: the mods found say local and global,not captured,3,GlobalAddedChaosDamageUnique__1;GlobalAddedChaosDamageUnique__5_;SynthesisImplicitLocalChaosDamage2_
Impresence,Onyx Amulet,Amulets,not a weapon,pc,explicitMods,Adds 21 to 36 Cold Damage,cannot say: the mods found say local and global,not captured,4,GlobalAddedColdDamageUnique__1;SynthesisImplicitLocalColdDamage5;SynthesisImplicitLocalColdDamageTwoHand3_;VillageLocalColdDamage3
Impresence,Onyx Amulet,Amulets,not a weapon,pc,explicitMods,Adds 24 to 34 Fire Damage,cannot say: the mods found say local and global,not captured,4,GlobalAddedFireDamageUnique__1;GlobalAddedFireDamageUnique__2;GlobalAddedFireDamageUnique__3_;SynthesisImplicitLocalFireDamage4
Painseeker,Shagreen Gloves,Gloves,not a weapon,pc,explicitMods,Adds 10 to 33 Lightning Damage,global,global,1,GlobalAddedLightningDamageUnique__4
Painseeker,Shagreen Gloves,Gloves,not a weapon,pc,explicitMods,Adds 10 to 34 Lightning Damage,global,global,1,GlobalAddedLightningDamageUnique__4
Painseeker,Shagreen Gloves,Gloves,not a weapon,pc,explicitMods,Adds 17 to 25 Fire Damage,cannot say: the mods found say local and global,global,4,GlobalAddedFireDamageUnique__4;LocalAddedFireDamageUnique__3Royale__;SynthesisImplicitLocalFireDamage3;VillageLocalFireDamage2
Painseeker,Shagreen Gloves,Gloves,not a weapon,pc,explicitMods,Adds 17 to 27 Fire Damage,cannot say: the mods found say local and global,global,4,GlobalAddedFireDamageUnique__4;SynthesisImplicitLocalFireDamage3;SynthesisImplicitLocalFireDamageTwoHand2;VillageLocalFireDamage2
Painseeker,Shagreen Gloves,Gloves,not a weapon,pc,explicitMods,Adds 17 to 29 Cold Damage,cannot say: the mods found say local and global,global,5,AddedColdDamageColdPenetration2;GlobalAddedColdDamageUnique__4;SynthesisImplicitLocalColdDamage4;SynthesisImplicitLocalColdDamageTwoHand2__;VillageLocalColdDamageTwoHand1
Painseeker,Shagreen Gloves,Gloves,not a weapon,pc,explicitMods,Adds 18 to 25 Cold Damage,global,global,1,GlobalAddedColdDamageUnique__4
Replica Volkuur's Guidance,Zealot Gloves,Gloves,not a weapon,pc,explicitMods,Adds 18 to 31 Chaos Damage,cannot say: the mods found say local and global,not captured,4,GlobalAddedChaosDamageUnique__6_;SynthesisImplicitLocalChaosDamage2_;SynthesisImplicitLocalChaosDamageTwoHand2;VillageLocalChaosDamage3
Replica Volkuur's Guidance,Zealot Gloves,Gloves,not a weapon,pc,explicitMods,Adds 19 to 31 Chaos Damage,cannot say: the mods found say local and global,not captured,3,GlobalAddedChaosDamageUnique__6_;SynthesisImplicitLocalChaosDamageTwoHand2;VillageLocalChaosDamage3
Sacrificial Heart,Paua Amulet,Amulets,not a weapon,pc,explicitMods,Adds 2 to 51 Lightning Damage,cannot say: the mods found say local and global,global,5,GlobalAddedLightningDamageUnique__2_;GlobalAddedLightningDamageUnique__5;SynthesisImplicitGlobalAddedLightningDamage1;SynthesisImplicitLocalLightningDamage3_;SynthesisImplicitLocalLightningDamageTwoHand2
Sacrificial Heart,Paua Amulet,Amulets,not a weapon,pc,explicitMods,Adds 21 to 31 Cold Damage,cannot say: the mods found say local and global,global,3,GlobalAddedColdDamageUnique__2_;GlobalAddedColdDamageUnique__3;VillageLocalColdDamage3
Sacrificial Heart,Paua Amulet,Amulets,not a weapon,pc,explicitMods,Adds 22 to 36 Fire Damage,cannot say: the mods found say local and global,global,5,GlobalAddedFireDamageUnique__1;GlobalAddedFireDamageUnique__2;SynthesisImplicitLocalFireDamage4;SynthesisImplicitLocalFireDamageTwoHand2;VillageLocalFireDamage3
The Embalmer,Carnal Mitts,Gloves,not a weapon,pc,explicitMods,Adds 14 to 26 Chaos Damage,cannot say: the mods found say local and global,global,5,AddedChaosDamageToAttacksAndSpellsUnique__2;SynthesisImplicitLocalChaosDamage2_;SynthesisImplicitLocalChaosDamageTwoHand1;VillageLocalChaosDamage2;VillageLocalChaosDamageTwoHand1
The Embalmer,Carnal Mitts,Gloves,not a weapon,pc,explicitMods,Adds 14 to 27 Chaos Damage,cannot say: the mods found say local and global,global,4,AddedChaosDamageToAttacksAndSpellsUnique__2;SynthesisImplicitLocalChaosDamage2_;SynthesisImplicitLocalChaosDamageTwoHand1;VillageLocalChaosDamageTwoHand1
The Embalmer,Carnal Mitts,Gloves,not a weapon,pc,explicitMods,Adds 15 to 23 Chaos Damage,cannot say: the mods found say local and global,global,4,AddedChaosDamageToAttacksAndSpellsUnique__2;GlobalAddedChaosDamageUnique__5_;SynthesisImplicitLocalChaosDamage2_;VillageLocalChaosDamage2
The Will of Xoph,Enthalpic Ring,Rings,not a weapon,pc,explicitMods,Adds 14 to 29 Fire Damage,cannot say: the mods found say local and global,not captured,5,GlobalAddedFireDamageUnique__6;SynthesisImplicitGlobalAddedFireDamage1;SynthesisImplicitLocalFireDamage3;VillageLocalFireDamage2;VillageLocalFireDamageTwoHand1
Ahn's Might,Midnight Blade,One Hand Swords,weapon,pc,explicitMods,Adds 108 to 190 Physical Damage,local,not captured,1,LocalAddedPhysicalDamageUnique__27
Allure,Vaal Claw,Claws,weapon,pc,explicitMods,Adds 15 to 36 Physical Damage,local,not captured,2,LocalAddedPhysicalDamageUnique__1;LocalAddedPhysicalDamageUnique__20_
Allure,Vaal Claw,Claws,weapon,pc,explicitMods,Adds 16 to 32 Physical Damage,local,not captured,2,LocalAddedPhysicalDamageUnique__1;LocalAddedPhysicalDamageUnique__20_
Allure,Vaal Claw,Claws,weapon,pc,implicitMods,Adds 17 to 34 Fire Damage,local,not captured,2,LocalAddedFireDamageUniqueTwoHandAxe1;SynthesisImplicitLocalFireDamageTwoHand2
Allure,Vaal Claw,Claws,weapon,pc,implicitMods,Adds 17 to 37 Fire Damage,local,not captured,3,LocalAddedFireDamageUniqueTwoHandAxe1;SynthesisImplicitLocalFireDamageTwoHand2;VillageLocalFireDamage3
Allure,Vaal Claw,Claws,weapon,pc,explicitMods,Adds 19 to 34 Physical Damage,local,not captured,2,LocalAddedPhysicalDamageUnique__1;LocalAddedPhysicalDamageUnique__20_
Arakaali's Fang,Fiend Dagger,Rune Daggers,weapon,pc,explicitMods,Adds 1 to 59 Chaos Damage,local,not captured,1,LocalAddedChaosDamageUnique___1
Arakaali's Fang,Fiend Dagger,Rune Daggers,weapon,pc,explicitMods,Adds 1 to 59 Chaos Damage,local,not captured,1,LocalAddedChaosDamageUnique___1
Arakaali's Fang,Fiend Dagger,Rune Daggers,weapon,pc,explicitMods,Adds 10 to 28 Physical Damage,local,not captured,5,LocalAddedPhysicalDamageUnique14;LocalAddedPhysicalDamageUniqueBow1;LocalAddedPhysicalDamageUniqueOneHandAxe3;LocalAddedPhysicalDamageUniqueSceptre9;LocalAddedPhysicalDamageUnique__25
Arakaali's Fang,Fiend Dagger,Rune Daggers,weapon,pc,explicitMods,Adds 13 to 24 Physical Damage,cannot say: the mods found say local and global,not captured,6,GlobalAddedPhysicalDamageUnique__1_;LocalAddedPhysicalDamageUnique14;LocalAddedPhysicalDamageUniqueBow1;LocalAddedPhysicalDamageUniqueBow11;LocalAddedPhysicalDamageUniqueOneHandAxe7;LocalAddedPhysicalDamageUnique__25
Ashcaller,Goat's Horn,Wands,weapon,pc,explicitMods,Adds 20 to 38 Fire Damage,local,local,5,LocalAddedFireDamageUniqueTwoHandAxe1;LocalAddedFireDamageUnique__2;SynthesisImplicitLocalFireDamage4;SynthesisImplicitLocalFireDamageTwoHand2;VillageLocalFireDamage3
Ashcaller,Goat's Horn,Wands,weapon,pc,explicitMods,Adds 20 to 38 Fire Damage,local,local,5,LocalAddedFireDamageUniqueTwoHandAxe1;LocalAddedFireDamageUnique__2;SynthesisImplicitLocalFireDamage4;SynthesisImplicitLocalFireDamageTwoHand2;VillageLocalFireDamage3
Ashcaller,Goat's Horn,Wands,weapon,pc,explicitMods,Adds 22 to 45 Fire Damage,local,local,1,LocalAddedFireDamageUnique__2
Atziri's Disfavour,Vaal Axe,Two Hand Axes,weapon,pc,explicitMods,Adds 219 to 260 Physical Damage,cannot say: no unique mod's text holds the line at its numbers,local,0,
Bino's Kitchen Knife,Slaughter Knife,Rune Daggers,weapon,pc,explicitMods,Adds 140 to 227 Physical Damage,local,not captured,1,LocalAddedPhysicalDamageUniqueDagger8
Bloodplay,Stiletto,Daggers,weapon,pc,explicitMods,Adds 4 to 11 Physical Damage,local,local,1,LocalAddedPhysicalDamageUniqueDagger12
Bloodplay,Stiletto,Daggers,weapon,pc,explicitMods,Adds 5 to 10 Physical Damage,local,local,4,LocalAddedPhysicalDamageUniqueDagger12;LocalAddedPhysicalDamageUniqueOneHandAxe6;LocalAddedPhysicalDamageUniqueOneHandSword13;LocalAddedPhysicalDamageUniqueTwoHandAxe3
Bloodplay,Stiletto,Daggers,weapon,pc,explicitMods,Adds 5 to 10 Physical Damage,local,local,4,LocalAddedPhysicalDamageUniqueDagger12;LocalAddedPhysicalDamageUniqueOneHandAxe6;LocalAddedPhysicalDamageUniqueOneHandSword13;LocalAddedPhysicalDamageUniqueTwoHandAxe3
Bloodseeker,Hellion's Paw,Claws,weapon,pc,explicitMods,Adds 10 to 12 Physical Damage,local,not captured,2,LocalAddedPhysicalDamageUnique14;LocalAddedPhysicalDamageUnique__15Royale
Bloodseeker,Hellion's Paw,Claws,weapon,pc,explicitMods,Adds 10 to 12 Physical Damage,local,not captured,2,LocalAddedPhysicalDamageUnique14;LocalAddedPhysicalDamageUnique__15Royale
Brutus' Lead Sprinkler,Ritual Sceptre,Sceptres,weapon,pc,explicitMods,Adds 10 to 27 Physical Damage,local,not captured,5,LocalAddedPhysicalDamageUnique14;LocalAddedPhysicalDamageUniqueBow1;LocalAddedPhysicalDamageUniqueOneHandAxe3;LocalAddedPhysicalDamageUniqueSceptre9;LocalAddedPhysicalDamageUnique__25
Callinellus Malleus,Auric Mace,One Hand Maces,weapon,pc,explicitMods,Adds 5 to 15 Physical Damage,local,not captured,6,LocalAddedPhyiscalDamageUnique__43;LocalAddedPhysicalDamageUniqueOneHandAxe8;LocalAddedPhysicalDamageUniqueOneHandMace5;LocalAddedPhysicalDamageUniqueOneHandSword11;LocalAddedPhysicalDamageUniqueWand9;LocalAddedPhysicalDamageUnique__10
Callinellus Malleus,Auric Mace,One Hand Maces,weapon,pc,explicitMods,Adds 5 to 23 Physical Damage,local,not captured,2,LocalAddedPhysicalDamageUniqueOneHandAxe7;LocalAddedPhysicalDamageUniqueOneHandMace5
Callinellus Malleus,Auric Mace,One Hand Maces,weapon,pc,explicitMods,Adds 7 to 15 Physical Damage,local,not captured,9,LocalAddedPhyiscalDamageUnique__43;LocalAddedPhysicalDamageUniqueOneHandAxe8;LocalAddedPhysicalDamageUniqueOneHandMace5;LocalAddedPhysicalDamageUniqueOneHandSword11;LocalAddedPhysicalDamageUniqueWand9;LocalAddedPhysicalDamageUnique__10;LocalAddedPhysicalDamageUnique__15Royale;LocalAddedPhysicalDamage__1;PhysicalDamageCrafted1
Cameria's Avarice,Gavel,One Hand Maces,weapon,pc,explicitMods,Adds 11 to 17 Physical Damage,cannot say: the mods found say local and global,not captured,4,GlobalAddedPhysicalDamageUnique__3;LocalAddedPhysicalDamageUnique14;LocalAddedPhysicalDamageUnique__34;LocalAddedPhysicalDamageUnique__5
Cameria's Avarice,Gavel,One Hand Maces,weapon,pc,explicitMods,Adds 14 to 19 Physical Damage,local,not captured,3,LocalAddedPhysicalDamageUnique14;LocalAddedPhysicalDamageUniqueOneHandAxe5;LocalAddedPhysicalDamageUnique__34
Cameria's Avarice,Gavel,One Hand Maces,weapon,pc,implicitMods,Adds 4 to 7 Physical Damage,local,not captured,3,LocalAddedPhysicalDamageUniqueOneHandAxe6;LocalAddedPhysicalDamageUniqueOneHandSword12;SynthesisImplicitLocalAddedPhysicalDamageTwoHand3
Cameria's Maul,Gavel,One Hand Maces,weapon,pc,explicitMods,Adds 13 to 35 Cold Damage,local,local,1,LocalAddedColdDamageUniqueOneHandMace4_
Cameria's Maul,Gavel,One Hand Maces,weapon,pc,explicitMods,Adds 15 to 33 Cold Damage,cannot say: the mods found say local and global,local,2,AddedColdDamageColdPenetration2;LocalAddedColdDamageUniqueOneHandMace4_
Cameria's Maul,Gavel,One Hand Maces,weapon,pc,explicitMods,Adds 18 to 47 Cold Damage,local,local,1,LocalAddedColdDamageUniqueOneHandMace4_
Chin Sol,Assassin Bow,Bows,weapon,pc,explicitMods,Adds 25 to 50 Fire Damage,local,not captured,4,LocalAddedFireDamageUniqueBow6;SynthesisImplicitLocalFireDamage5;SynthesisImplicitLocalFireDamageTwoHand3;VillageLocalFireDamageTwoHand2
Clayshaper,Rock Breaker,One Hand Maces,weapon,pc,explicitMods,Adds 24 to 36 Physical Damage,local,not captured,1,LocalAddedPhysicalDamageUnique__9
Clayshaper,Rock Breaker,One Hand Maces,weapon,pc,explicitMods,Adds 25 to 38 Physical Damage,local,not captured,2,LocalAddedPhysicalDamageUniqueBow7;LocalAddedPhysicalDamageUnique__9
Clayshaper,Rock Breaker,One Hand Maces,weapon,pc,explicitMods,Adds 27 to 40 Physical Damage,local,not captured,4,LocalAddedPhyiscalDamageUnique__44;LocalAddedPhysicalDamageUniqueBow7;LocalAddedPhysicalDamageUnique__6_;LocalAddedPhysicalDamageUnique__9
Cospri's Malice,Jewelled Foil,Thrusting One Hand Swords,weapon,pc,explicitMods,Adds 85 to 167 Cold Damage,local,not captured,1,LocalAddedColdDamageUnique__5
Cospri's Malice,Jewelled Foil,Thrusting One Hand Swords,weapon,pc,explicitMods,Adds 93 to 192 Cold Damage,local,not captured,1,LocalAddedColdDamageUnique__5
Daresso's Passion,Estoc,Thrusting One Hand Swords,weapon,pc,explicitMods,Adds 32 to 45 Physical Damage,local,local,3,LocalAddedPhyiscalDamageUnique__38;LocalAddedPhysicalDamageUniqueBow7;LocalAddedPhysicalDamageUnique__11
Daresso's Passion,Estoc,Thrusting One Hand Swords,weapon,pc,explicitMods,Adds 33 to 43 Physical Damage,local,local,2,LocalAddedPhysicalDamageUniqueBow7;LocalAddedPhysicalDamageUnique__11
Daresso's Passion,Estoc,Thrusting One Hand Swords,weapon,pc,explicitMods,Adds 34 to 44 Physical Damage,local,local,2,LocalAddedPhysicalDamageUniqueBow7;LocalAddedPhysicalDamageUnique__11
Daresso's Passion,Estoc,Thrusting One Hand Swords,weapon,pc,explicitMods,Adds 34 to 47 Cold Damage,local,local,3,LocalAddedColdDamageUniqueStaff14;LocalAddedColdDamageUnique__3;SynthesisImplicitLocalColdDamageTwoHand4
Daresso's Passion,Estoc,Thrusting One Hand Swords,weapon,pc,explicitMods,Adds 34 to 50 Cold Damage,local,local,3,LocalAddedColdDamageUniqueStaff14;LocalAddedColdDamageUnique__3;SynthesisImplicitLocalColdDamageTwoHand4
Daresso's Passion,Estoc,Thrusting One Hand Swords,weapon,pc,explicitMods,Adds 35 to 50 Cold Damage,local,local,3,LocalAddedColdDamageUniqueStaff14;LocalAddedColdDamageUnique__3;SynthesisImplicitLocalColdDamageTwoHand4
Daresso's Passion,Estoc,Thrusting One Hand Swords,weapon,pc,explicitMods,Adds 35 to 50 Cold Damage,local,local,3,LocalAddedColdDamageUniqueStaff14;LocalAddedColdDamageUnique__3;SynthesisImplicitLocalColdDamageTwoHand4
Daresso's Passion,Estoc,Thrusting One Hand Swords,weapon,pc,explicitMods,Adds 36 to 43 Physical Damage,local,local,1,LocalAddedPhysicalDamageUnique__11
Daresso's Passion,Estoc,Thrusting One Hand Swords,weapon,pc,explicitMods,Adds 38 to 45 Cold Damage,local,local,1,LocalAddedColdDamageUnique__3
Daresso's Passion,Estoc,Thrusting One Hand Swords,weapon,pc,explicitMods,Adds 38 to 45 Physical Damage,local,local,1,LocalAddedPhysicalDamageUnique__11
Debeon's Dirge,Despot Axe,Two Hand Axes,weapon,pc,explicitMods,Adds 323 to 475 Cold Damage,local,local,1,LocalAddedColdDamageUnique__6_
Debeon's Dirge,Despot Axe,Two Hand Axes,weapon,pc,explicitMods,Adds 340 to 481 Cold Damage,local,local,1,LocalAddedColdDamageUnique__6_
Doomfletch,Royal Bow,Bows,weapon,pc,explicitMods,Adds 12 to 22 Physical Damage,cannot say: the mods found say local and global,local,8,GlobalAddedPhysicalDamageUnique__1_;LocalAddedPhysicalDamageUnique14;LocalAddedPhysicalDamageUniqueBow11;LocalAddedPhysicalDamageUniqueOneHandAxe5;LocalAddedPhysicalDamageUniqueOneHandAxe7;LocalAddedPhysicalDamageUnique__17_;LocalAddedPhysicalDamageUnique__25;LocalAddedPhysicalDamageUnique__5
Doomfletch,Royal Bow,Bows,weapon,pc,explicitMods,Adds 13 to 20 Physical Damage,cannot say: the mods found say local and global,local,7,GlobalAddedPhysicalDamageUnique__1_;LocalAddedPhysicalDamageUnique14;LocalAddedPhysicalDamageUniqueBow11;LocalAddedPhysicalDamageUniqueOneHandAxe5;LocalAddedPhysicalDamageUniqueOneHandAxe7;LocalAddedPhysicalDamageUnique__25;LocalAddedPhysicalDamageUnique__34
Doomfletch,Royal Bow,Bows,weapon,pc,explicitMods,Adds 13 to 23 Physical Damage,cannot say: the mods found say local and global,local,6,GlobalAddedPhysicalDamageUnique__1_;LocalAddedPhysicalDamageUnique14;LocalAddedPhysicalDamageUniqueBow11;LocalAddedPhysicalDamageUniqueOneHandAxe5;LocalAddedPhysicalDamageUniqueOneHandAxe7;LocalAddedPhysicalDamageUnique__25
Doomfletch,Royal Bow,Bows,weapon,pc,implicitMods,Adds 7 to 76 Lightning Damage,local,not captured,1,LocalAddedLightningDamageUniqueStaff14
Doomfletch's Prism,Royal Bow,Bows,weapon,pc,explicitMods,Adds 16 to 22 Physical Damage,cannot say: the mods found say local and global,not captured,3,GlobalAddedPhysicalDamageUnique__1_;LocalAddedPhysicalDamageUnique14;LocalAddedPhysicalDamageUniqueBow11
Dreadarc,Cleaver,One Hand Axes,weapon,pc,explicitMods,Adds 13 to 22 Fire Damage,local,local,4,LocalAddedFireDamageUniqueOneHandAxe7;LocalAddedFireDamageUniqueStaff13;LocalAddedFireDamageUnique__3Royale__;SynthesisImplicitLocalFireDamageTwoHand1
Dreadarc,Cleaver,One Hand Axes,weapon,pc,explicitMods,Adds 5 to 21 Physical Damage,local,local,3,LocalAddedPhysicalDamageUniqueClaw9;LocalAddedPhysicalDamageUniqueOneHandAxe7;LocalAddedPhysicalDamageUniqueOneHandMace5
Dreadarc,Cleaver,One Hand Axes,weapon,pc,explicitMods,Adds 5 to 24 Physical Damage,local,local,1,LocalAddedPhysicalDamageUniqueOneHandAxe7
Dreadarc,Cleaver,One Hand Axes,weapon,pc,explicitMods,Adds 8 to 23 Fire Damage,local,local,2,LocalAddedFireDamageUniqueOneHandAxe7;SynthesisImplicitLocalFireDamageTwoHand1
Eclipse Solaris,Crystal Wand,Wands,weapon,pc,explicitMods,Adds 33 to 72 Fire Damage,local,local,3,LocalAddedFireDamageUnique__6;SynthesisImplicitLocalFireDamageTwoHand4;VillageLocalFireDamageTwoHand3
Edge of Madness,Etched Greatsword,Two Hand Swords,weapon,pc,explicitMods,Adds 61 to 94 Chaos Damage,local,local,2,LocalAddedChaosDamageImplicitE3_;LocalChaosDamageUniqueTwoHandSword7
Edge of Madness,Etched Greatsword,Two Hand Swords,weapon,pc,explicitMods,Adds 66 to 99 Chaos Damage,local,local,1,LocalChaosDamageUniqueTwoHandSword7
Ephemeral Edge,Dusk Blade,One Hand Swords,weapon,pc,explicitMods,Adds 1 to 75 Lightning Damage,local,not captured,3,LocalAddedLightningDamageUniqueStaff14;LocalAddedLightningDamageUnique__6;SynthesisImplicitLocalLightningDamageTwoHand2
Ephemeral Edge,Dusk Blade,One Hand Swords,weapon,pc,explicitMods,Adds 1 to 75 Lightning Damage,local,not captured,3,LocalAddedLightningDamageUniqueStaff14;LocalAddedLightningDamageUnique__6;SynthesisImplicitLocalLightningDamageTwoHand2
Essentia Sanguis,Vaal Claw,Claws,weapon,pc,explicitMods,Adds 1 to 200 Lightning Damage,cannot say: no unique mod's text holds the line at its numbers,not captured,0,
Ewar's Mirage,Antique Rapier,Thrusting One Hand Swords,weapon,pc,explicitMods,Adds 1 to 52 Lightning Damage,cannot say: the mods found say local and global,local,8,GlobalAddedLightningDamageUnique__2_;GlobalAddedLightningDamageUnique__3;GlobalAddedLightningDamageUnique__5;LocalAddedLightningDamageUnique__3;LocalAddedLightningDamageUnique__4;SynthesisImplicitGlobalAddedLightningDamage1;SynthesisImplicitLocalLightningDamage3_;SynthesisImplicitLocalLightningDamageTwoHand2
Fidelitas' Spike,Jagged Foil,Thrusting One Hand Swords,weapon,pc,explicitMods,Adds 1 to 40 Lightning Damage,local,local,4,LocalAddedLightningDamageUniqueOneHandSword7;LocalAddedLightningDamageUnique__2;SynthesisImplicitLocalLightningDamage2;SynthesisImplicitLocalLightningDamageTwoHand1
Fidelitas' Spike,Jagged Foil,Thrusting One Hand Swords,weapon,pc,explicitMods,Adds 1 to 44 Lightning Damage,cannot say: the mods found say local and global,local,5,GlobalAddedLightningDamageUnique__5;LocalAddedLightningDamageUniqueOneHandSword7;LocalAddedLightningDamageUnique__2;SynthesisImplicitLocalLightningDamage3_;SynthesisImplicitLocalLightningDamageTwoHand1
Fidelitas' Spike,Jagged Foil,Thrusting One Hand Swords,weapon,pc,explicitMods,Adds 1 to 46 Lightning Damage,cannot say: the mods found say local and global,local,5,GlobalAddedLightningDamageUnique__5;LocalAddedLightningDamageUniqueOneHandSword7;LocalAddedLightningDamageUnique__3;SynthesisImplicitLocalLightningDamage3_;SynthesisImplicitLocalLightningDamageTwoHand1
Fidelitas' Spike,Jagged Foil,Thrusting One Hand Swords,weapon,pc,explicitMods,Adds 1 to 47 Lightning Damage,cannot say: the mods found say local and global,local,5,GlobalAddedLightningDamageUnique__2_;GlobalAddedLightningDamageUnique__5;LocalAddedLightningDamageUniqueOneHandSword7;LocalAddedLightningDamageUnique__3;SynthesisImplicitLocalLightningDamage3_
Flesh-Eater,Dream Mace,One Hand Maces,weapon,pc,explicitMods,Adds 10 to 15 Physical Damage,cannot say: the mods found say local and global,not captured,10,GlobalAddedPhysicalDamageUnique__2;GlobalAddedPhysicalDamageUnique__3;LocalAddedPhysicalDamageUnique14;LocalAddedPhysicalDamageUniqueOneHandMace5;LocalAddedPhysicalDamageUniqueOneHandMace8;LocalAddedPhysicalDamageUniqueOneHandSword11;LocalAddedPhysicalDamageUniqueRapier2;LocalAddedPhysicalDamageUnique__15Royale;LocalAddedPhysicalDamage__1;PhysicalDamageCrafted1
Flesh-Eater,Dream Mace,One Hand Maces,weapon,pc,explicitMods,Adds 10 to 15 Physical Damage,cannot say: the mods found say local and global,not captured,10,GlobalAddedPhysicalDamageUnique__2;GlobalAddedPhysicalDamageUnique__3;LocalAddedPhysicalDamageUnique14;LocalAddedPhysicalDamageUniqueOneHandMace5;LocalAddedPhysicalDamageUniqueOneHandMace8;LocalAddedPhysicalDamageUniqueOneHandSword11;LocalAddedPhysicalDamageUniqueRapier2;LocalAddedPhysicalDamageUnique__15Royale;LocalAddedPhysicalDamage__1;PhysicalDamageCrafted1
Flesh-Eater,Dream Mace,One Hand Maces,weapon,pc,explicitMods,Adds 10 to 15 Physical Damage,cannot say: the mods found say local and global,not captured,10,GlobalAddedPhysicalDamageUnique__2;GlobalAddedPhysicalDamageUnique__3;LocalAddedPhysicalDamageUnique14;LocalAddedPhysicalDamageUniqueOneHandMace5;LocalAddedPhysicalDamageUniqueOneHandMace8;LocalAddedPhysicalDamageUniqueOneHandSword11;LocalAddedPhysicalDamageUniqueRapier2;LocalAddedPhysicalDamageUnique__15Royale;LocalAddedPhysicalDamage__1;PhysicalDamageCrafted1
Flesh-Eater,Dream Mace,One Hand Maces,weapon,pc,explicitMods,Adds 10 to 15 Physical Damage,cannot say: the mods found say local and global,not captured,10,GlobalAddedPhysicalDamageUnique__2;GlobalAddedPhysicalDamageUnique__3;LocalAddedPhysicalDamageUnique14;LocalAddedPhysicalDamageUniqueOneHandMace5;LocalAddedPhysicalDamageUniqueOneHandMace8;LocalAddedPhysicalDamageUniqueOneHandSword11;LocalAddedPhysicalDamageUniqueRapier2;LocalAddedPhysicalDamageUnique__15Royale;LocalAddedPhysicalDamage__1;PhysicalDamageCrafted1
Flesh-Eater,Dream Mace,One Hand Maces,weapon,pc,explicitMods,Adds 10 to 15 Physical Damage,cannot say: the mods found say local and global,not captured,10,GlobalAddedPhysicalDamageUnique__2;GlobalAddedPhysicalDamageUnique__3;LocalAddedPhysicalDamageUnique14;LocalAddedPhysicalDamageUniqueOneHandMace5;LocalAddedPhysicalDamageUniqueOneHandMace8;LocalAddedPhysicalDamageUniqueOneHandSword11;LocalAddedPhysicalDamageUniqueRapier2;LocalAddedPhysicalDamageUnique__15Royale;LocalAddedPhysicalDamage__1;PhysicalDamageCrafted1
Flesh-Eater,Dream Mace,One Hand Maces,weapon,pc,explicitMods,Adds 10 to 15 Physical Damage,cannot say: the mods found say local and global,not captured,10,GlobalAddedPhysicalDamageUnique__2;GlobalAddedPhysicalDamageUnique__3;LocalAddedPhysicalDamageUnique14;LocalAddedPhysicalDamageUniqueOneHandMace5;LocalAddedPhysicalDamageUniqueOneHandMace8;LocalAddedPhysicalDamageUniqueOneHandSword11;LocalAddedPhysicalDamageUniqueRapier2;LocalAddedPhysicalDamageUnique__15Royale;LocalAddedPhysicalDamage__1;PhysicalDamageCrafted1
Foulborn Ashcaller,Goat's Horn,Wands,weapon,pc,explicitMods,Adds 21 to 46 Fire Damage,local,not captured,1,LocalAddedFireDamageUnique__2
Foulborn Ashcaller,Goat's Horn,Wands,weapon,pc,explicitMods,Adds 22 to 42 Fire Damage,local,not captured,2,LocalAddedFireDamageUnique__2;SynthesisImplicitLocalFireDamage4
Foulborn Ashcaller,Goat's Horn,Wands,weapon,pc,explicitMods,Adds 22 to 45 Fire Damage,local,not captured,1,LocalAddedFireDamageUnique__2
Frostbreath,Ornate Mace,One Hand Maces,weapon,pc,explicitMods,Adds 27 to 39 Cold Damage,local,not captured,1,LocalAddedColdDamageUnique__2
Frostbreath,Ornate Mace,One Hand Maces,weapon,pc,explicitMods,Adds 32 to 39 Physical Damage,local,not captured,2,LocalAddedPhysicalDamageUniqueBow7;LocalAddedPhysicalDamageUnique__6_
Frostbreath,Ornate Mace,One Hand Maces,weapon,pc,explicitMods,Adds 32 to 40 Cold Damage,local,not captured,2,LocalAddedColdDamageUnique__2;LocalAddedColdDamageUnique__3
Frostbreath,Ornate Mace,One Hand Maces,weapon,pc,explicitMods,Adds 32 to 40 Physical Damage,local,not captured,3,LocalAddedPhysicalDamageUniqueBow7;LocalAddedPhysicalDamageUnique__11;LocalAddedPhysicalDamageUnique__6_
Geofri's Baptism,Brass Maul,Two Hand Maces,weapon,pc,explicitMods,Adds 11 to 23 Cold Damage,cannot say: the mods found say local and global,local,6,GlobalAddedColdDamageUnique__5;LocalAddedColdDamageUniqueStaff13;LocalAddedColdDamageUniqueTwoHandMace2;SynthesisImplicitLocalColdDamage3;SynthesisImplicitLocalColdDamageTwoHand2__;VillageLocalColdDamage2
Gorebreaker,Spiked Club,One Hand Maces,weapon,pc,crucibleMods,Adds 2 to 6 Physical Damage,local,not captured,15,WeaponTreeAddedPhysical1;WeaponTreeAddedPhysical2hLowBleedChance1;WeaponTreeAddedPhysical2hLowChaosConvert1;WeaponTreeAddedPhysical2hLowColdConvert1;WeaponTreeAddedPhysical2hLowFireConvert1;WeaponTreeAddedPhysical2hLowImpaleChance1;WeaponTreeAddedPhysical2hLowLightningConvert1;WeaponTreeAddedPhysical2hLowRandomElementConvert1;WeaponTreeAddedPhysicalLowBleedChance3;WeaponTreeAddedPhysicalLowChaosConvert3;WeaponTreeAddedPhysicalLowColdConvert3;WeaponTreeAddedPhysicalLowFireConvert3;WeaponTreeAddedPhysicalLowImpaleChance3;WeaponTreeAddedPhysicalLowLightningConvert3;WeaponTreeAddedPhysicalLowRandomElementConvert3
Goredrill,Skinning Knife,Daggers,weapon,pc,explicitMods,Adds 1 to 3 Physical Damage,local,local,2,LocalAddedPhysicalDamageUniqueDagger11;SynthesisImplicitLocalAddedPhysicalDamageTwoHand1_
Goredrill,Skinning Knife,Daggers,weapon,pc,explicitMods,Adds 1 to 4 Physical Damage,local,local,2,LocalAddedPhysicalDamageUniqueDagger11;LocalAddedPhysicalDamageUniqueDescentDagger1
Goredrill,Skinning Knife,Daggers,weapon,pc,explicitMods,Adds 1 to 4 Physical Damage,local,local,2,LocalAddedPhysicalDamageUniqueDagger11;LocalAddedPhysicalDamageUniqueDescentDagger1
Goredrill,Skinning Knife,Daggers,weapon,pc,explicitMods,Adds 1 to 5 Physical Damage,local,local,2,LocalAddedPhysicalDamageUniqueDagger11;LocalAddedPhysicalDamageUniqueOneHandMace5Royale
Goredrill,Skinning Knife,Daggers,weapon,pc,explicitMods,Adds 1 to 5 Physical Damage,local,local,2,LocalAddedPhysicalDamageUniqueDagger11;LocalAddedPhysicalDamageUniqueOneHandMace5Royale
Goredrill,Skinning Knife,Daggers,weapon,pc,explicitMods,Adds 2 to 3 Physical Damage,local,local,2,LocalAddedPhysicalDamageUniqueDagger11;SynthesisImplicitLocalAddedPhysicalDamage2
Goredrill,Skinning Knife,Daggers,weapon,pc,explicitMods,Adds 2 to 5 Physical Damage,local,local,3,LocalAddedPhysicalDamageUniqueDagger11;LocalAddedPhysicalDamageUniqueOneHandMace5Royale;SynthesisImplicitLocalAddedPhysicalDamageTwoHand2
Goredrill,Skinning Knife,Daggers,weapon,pc,explicitMods,Adds 2 to 5 Physical Damage,local,local,3,LocalAddedPhysicalDamageUniqueDagger11;LocalAddedPhysicalDamageUniqueOneHandMace5Royale;SynthesisImplicitLocalAddedPhysicalDamageTwoHand2
Hezmana's Bloodlust,Vaal Axe,Two Hand Axes,weapon,pc,explicitMods,Adds 9 to 23 Physical Damage,local,not captured,6,LocalAddedPhysicalDamageUniqueOneHandAxe7;LocalAddedPhysicalDamageUniqueOneHandMace5;LocalAddedPhysicalDamageUnique__17_;LocalAddedPhysicalDamageUnique__25;LocalAddedPhysicalDamageUnique__5;LocalAddedPhysicalDamage__1
Hiltless,Reaver Sword,Two Hand Swords,weapon,pc,explicitMods,Adds 113 to 243 Physical Damage,local,not captured,1,LocalAddedPhysicalDamageUnique__15
Hiltless,Reaver Sword,Two Hand Swords,weapon,pc,explicitMods,Adds 114 to 253 Physical Damage,local,not captured,1,LocalAddedPhysicalDamageUnique__15
Hyaon's Fury,Legion Sword,One Hand Swords,weapon,pc,explicitMods,Adds 1 to 573 Lightning Damage,local,local,2,LocalAddedLightningDamageUniqueOneHandSword6;LocalAddedLightningDamageUnique__7
Ichimonji,Corsair Sword,One Hand Swords,weapon,pc,explicitMods,Adds 6 to 18 Physical Damage,local,not captured,5,LocalAddedPhyiscalDamageUnique__43;LocalAddedPhysicalDamageUniqueClaw9;LocalAddedPhysicalDamageUniqueOneHandMace5;LocalAddedPhysicalDamageUniqueOneHandSword11;LocalAddedPhysicalDamageUnique__10
Infractem,Decimation Bow,Bows,weapon,pc,explicitMods,Adds 25 to 38 Physical Damage,local,local,2,LocalAddedPhysicalDamageUniqueBow7;LocalAddedPhysicalDamageUnique__9
Infractem,Decimation Bow,Bows,weapon,pc,explicitMods,Adds 25 to 42 Physical Damage,local,local,3,LocalAddedPhyiscalDamageUnique__42;LocalAddedPhyiscalDamageUnique__44;LocalAddedPhysicalDamageUniqueBow7
Infractem,Decimation Bow,Bows,weapon,pc,explicitMods,Adds 33 to 37 Physical Damage,local,local,1,LocalAddedPhysicalDamageUniqueBow7
Iron Commander,Death Bow,Bows,weapon,pc,explicitMods,Adds 10 to 21 Physical Damage,local,not captured,7,LocalAddedPhysicalDamageUnique14;LocalAddedPhysicalDamageUniqueOneHandAxe7;LocalAddedPhysicalDamageUniqueOneHandMace5;LocalAddedPhysicalDamageUnique__17_;LocalAddedPhysicalDamageUnique__25;LocalAddedPhysicalDamageUnique__5;LocalAddedPhysicalDamage__1
Iron Commander,Death Bow,Bows,weapon,pc,explicitMods,Adds 12 to 21 Physical Damage,cannot say: the mods found say local and global,not captured,9,GlobalAddedPhysicalDamageUnique__1_;LocalAddedPhysicalDamageUnique14;LocalAddedPhysicalDamageUniqueBow11;LocalAddedPhysicalDamageUniqueOneHandAxe5;LocalAddedPhysicalDamageUniqueOneHandAxe7;LocalAddedPhysicalDamageUnique__17_;LocalAddedPhysicalDamageUnique__25;LocalAddedPhysicalDamageUnique__34;LocalAddedPhysicalDamageUnique__5
Iron Commander,Death Bow,Bows,weapon,pc,crucibleMods,Adds 6 to 11 Physical Damage,local,not captured,1,WeaponTreeAddedPhysical2h2
Iron Commander,Death Bow,Bows,weapon,pc,explicitMods,Adds 8 to 17 Physical Damage,cannot say: the mods found say local and global,not captured,10,GlobalAddedPhysicalDamageUnique__3;LocalAddedPhyiscalDamageUnique__43;LocalAddedPhysicalDamageUniqueOneHandAxe8;LocalAddedPhysicalDamageUniqueOneHandMace5;LocalAddedPhysicalDamageUniqueOneHandSword11;LocalAddedPhysicalDamageUniqueWand9;LocalAddedPhysicalDamageUnique__10;LocalAddedPhysicalDamageUnique__5;LocalAddedPhysicalDamage__1;PhysicalDamageCrafted1
Iron Commander,Death Bow,Bows,weapon,pc,explicitMods,Adds 8 to 20 Physical Damage,cannot say: the mods found say local and global,not captured,9,GlobalAddedPhysicalDamageUnique__3;LocalAddedPhysicalDamageUniqueOneHandAxe7;LocalAddedPhysicalDamageUniqueOneHandMace5;LocalAddedPhysicalDamageUniqueOneHandSword11;LocalAddedPhysicalDamageUnique__10;LocalAddedPhysicalDamageUnique__17_;LocalAddedPhysicalDamageUnique__25;LocalAddedPhysicalDamageUnique__5;LocalAddedPhysicalDamage__1
"Jack, the Axe",Vaal Hatchet,One Hand Axes,weapon,pc,explicitMods,Adds 12 to 19 Physical Damage,cannot say: the mods found say local and global,local,5,GlobalAddedPhysicalDamageUnique__3;LocalAddedPhysicalDamageUnique14;LocalAddedPhysicalDamageUniqueOneHandAxe5;LocalAddedPhysicalDamageUnique__34;LocalAddedPhysicalDamageUnique__5
Kongor's Undying Rage,Terror Maul,Two Hand Maces,weapon,pc,explicitMods,Adds 46 to 347 Physical Damage,local,not captured,1,LocalAddedPhysicalDamageUniqueTwoHandMace6
Kongor's Undying Rage,Terror Maul,Two Hand Maces,weapon,pc,explicitMods,Adds 55 to 334 Physical Damage,local,not captured,1,LocalAddedPhysicalDamageUniqueTwoHandMace6
Lakishu's Blade,Elegant Sword,One Hand Swords,weapon,pc,explicitMods,Adds 5 to 14 Physical Damage,local,not captured,5,LocalAddedPhyiscalDamageUnique__43;LocalAddedPhysicalDamageUniqueOneHandAxe8;LocalAddedPhysicalDamageUniqueOneHandSword11;LocalAddedPhysicalDamageUniqueOneHandSword13;LocalAddedPhysicalDamageUniqueWand9
Lakishu's Blade,Elegant Sword,One Hand Swords,weapon,pc,explicitMods,Adds 6 to 13 Physical Damage,local,not captured,7,LocalAddedPhyiscalDamageUnique__43;LocalAddedPhysicalDamageUniqueDagger12;LocalAddedPhysicalDamageUniqueOneHandAxe8;LocalAddedPhysicalDamageUniqueOneHandSword11;LocalAddedPhysicalDamageUniqueOneHandSword13;LocalAddedPhysicalDamageUniqueWand9;LocalAddedPhysicalDamageUnique__15Royale
Lakishu's Blade,Elegant Sword,One Hand Swords,weapon,pc,explicitMods,Adds 6 to 14 Physical Damage,local,not captured,7,LocalAddedPhyiscalDamageUnique__43;LocalAddedPhysicalDamageUniqueOneHandAxe8;LocalAddedPhysicalDamageUniqueOneHandSword11;LocalAddedPhysicalDamageUniqueOneHandSword13;LocalAddedPhysicalDamageUniqueWand9;LocalAddedPhysicalDamageUnique__15Royale;PhysicalDamageCrafted1
Last Resort,Nailed Fist,Claws,weapon,pc,explicitMods,Adds 2 to 10 Physical Damage,local,not captured,1,LocalAddedPhysicalDamagePercentUniqueClaw4
Last Resort,Nailed Fist,Claws,weapon,pc,explicitMods,Adds 2 to 10 Physical Damage,local,not captured,1,LocalAddedPhysicalDamagePercentUniqueClaw4
Last Resort,Nailed Fist,Claws,weapon,pc,explicitMods,Adds 2 to 10 Physical Damage,local,not captured,1,LocalAddedPhysicalDamagePercentUniqueClaw4
Last Resort,Nailed Fist,Claws,weapon,pc,explicitMods,Adds 2 to 10 Physical Damage,local,not captured,1,LocalAddedPhysicalDamagePercentUniqueClaw4
Last Resort,Nailed Fist,Claws,weapon,pc,explicitMods,Adds 2 to 10 Physical Damage,local,not captured,1,LocalAddedPhysicalDamagePercentUniqueClaw4
Limbsplit,Woodsplitter,Two Hand Axes,weapon,pc,explicitMods,Adds 5 to 10 Physical Damage,local,not captured,4,LocalAddedPhysicalDamageUniqueDagger12;LocalAddedPhysicalDamageUniqueOneHandAxe6;LocalAddedPhysicalDamageUniqueOneHandSword13;LocalAddedPhysicalDamageUniqueTwoHandAxe3
Limbsplit,Woodsplitter,Two Hand Axes,weapon,pc,explicitMods,Adds 5 to 10 Physical Damage,local,not captured,4,LocalAddedPhysicalDamageUniqueDagger12;LocalAddedPhysicalDamageUniqueOneHandAxe6;LocalAddedPhysicalDamageUniqueOneHandSword13;LocalAddedPhysicalDamageUniqueTwoHandAxe3
Limbsplit,Woodsplitter,Two Hand Axes,weapon,pc,explicitMods,Adds 5 to 10 Physical Damage,local,not captured,4,LocalAddedPhysicalDamageUniqueDagger12;LocalAddedPhysicalDamageUniqueOneHandAxe6;LocalAddedPhysicalDamageUniqueOneHandSword13;LocalAddedPhysicalDamageUniqueTwoHandAxe3
Moonbender's Wing,Tomahawk,One Hand Axes,weapon,pc,explicitMods,Adds 6 to 16 Physical Damage,local,local,9,LocalAddedPhyiscalDamageUnique__43;LocalAddedPhysicalDamageUniqueClaw9;LocalAddedPhysicalDamageUniqueOneHandAxe8;LocalAddedPhysicalDamageUniqueOneHandMace5;LocalAddedPhysicalDamageUniqueOneHandSword11;LocalAddedPhysicalDamageUniqueWand9;LocalAddedPhysicalDamageUnique__10;LocalAddedPhysicalDamageUnique__15Royale;PhysicalDamageCrafted1
Mortem Morsu,Fright Claw,Claws,weapon,pc,crucibleMods,Adds 1 to 5 Fire Damage,local,not captured,2,WeaponTreeAddedFireLowIgniteChance1;WeaponTreeAddedFireLowImplicitEffect1
Nuro's Harp,Harbinger Bow,Bows,weapon,pc,explicitMods,Adds 125 to 189 Cold Damage,cannot say: no unique mod's text holds the line at its numbers,local,0,
Obliteration,Demon's Horn,Wands,weapon,pc,explicitMods,Adds 26 to 94 Physical Damage,local,local,1,LocalAddedPhysicalDamageUnique__2_
Obliteration,Demon's Horn,Wands,weapon,pc,explicitMods,Adds 31 to 118 Physical Damage,local,local,1,LocalAddedPhysicalDamageUnique__2_
Obliteration,Demon's Horn,Wands,weapon,pc,explicitMods,Adds 32 to 107 Physical Damage,local,local,1,LocalAddedPhysicalDamageUnique__2_
Obliteration,Demon's Horn,Wands,weapon,pc,explicitMods,Adds 32 to 122 Physical Damage,local,local,1,LocalAddedPhysicalDamageUnique__2_
Obliteration,Demon's Horn,Wands,weapon,pc,explicitMods,Adds 48 to 100 Physical Damage,local,local,4,LocalAddedPhyiscalDamageUnique__41_;LocalAddedPhysicalDamageUnique__23_;LocalAddedPhysicalDamageUnique__2_;LocalAddedPhysicalDamageUnique__30_
Oro's Sacrifice,Infernal Sword,Two Hand Swords,weapon,pc,explicitMods,Adds 425 to 569 Fire Damage,local,local,1,LocalAddedFireDamageUniqueTwoHandSword6
Oro's Sacrifice,Infernal Sword,Two Hand Swords,weapon,pc,explicitMods,Adds 475 to 587 Fire Damage,local,local,1,LocalAddedFireDamageUniqueTwoHandSword6
Prismatic Eclipse,Twilight Blade,One Hand Swords,weapon,pc,explicitMods,Adds 61 to 73 Physical Damage,local,not captured,2,LocalAddedPhyiscalDamageUnique__41_;LocalAddedPhysicalDamageUniqueOneHandSword5
Prismatic Eclipse,Twilight Blade,One Hand Swords,weapon,pc,explicitMods,Adds 69 to 75 Physical Damage,local,not captured,1,LocalAddedPhysicalDamageUniqueOneHandSword5
Prismatic Eclipse,Twilight Blade,One Hand Swords,weapon,pc,explicitMods,Adds 69 to 80 Physical Damage,local,not captured,1,LocalAddedPhysicalDamageUniqueOneHandSword5
Prismatic Eclipse,Twilight Blade,One Hand Swords,weapon,pc,explicitMods,Adds 70 to 78 Physical Damage,local,not captured,1,LocalAddedPhysicalDamageUniqueOneHandSword5
Prismatic Eclipse,Twilight Blade,One Hand Swords,weapon,pc,explicitMods,Adds 70 to 79 Physical Damage,local,not captured,1,LocalAddedPhysicalDamageUniqueOneHandSword5
Quecholli,Jagged Maul,Two Hand Maces,weapon,pc,explicitMods,Adds 5 to 25 Physical Damage,local,local,2,LocalAddedPhysicalDamageUniqueOneHandAxe7;LocalAddedPhysicalDamageUniqueTwoHandMace7
Quecholli,Jagged Maul,Two Hand Maces,weapon,pc,explicitMods,Adds 5 to 25 Physical Damage,local,local,2,LocalAddedPhysicalDamageUniqueOneHandAxe7;LocalAddedPhysicalDamageUniqueTwoHandMace7
Quecholli,Jagged Maul,Two Hand Maces,weapon,pc,explicitMods,Adds 5 to 25 Physical Damage,local,local,2,LocalAddedPhysicalDamageUniqueOneHandAxe7;LocalAddedPhysicalDamageUniqueTwoHandMace7
Razor of the Seventh Sun,Midnight Blade,One Hand Swords,weapon,pc,explicitMods,Adds 104 to 167 Physical Damage,local,not captured,2,LocalAddedPhysicalDamageUnique__21;LocalAddedPhysicalDamageUnique__27
Razor of the Seventh Sun,Midnight Blade,One Hand Swords,weapon,pc,explicitMods,Adds 110 to 146 Physical Damage,local,not captured,2,LocalAddedPhyiscalDamageUnique__39;LocalAddedPhysicalDamageUnique__21
Reach of the Council,Spine Bow,Bows,weapon,pc,explicitMods,Adds 16 to 51 Physical Damage,local,not captured,2,LocalAddedPhysicalDamageUnique__16_;LocalAddedPhysicalDamageUnique__19
Realmshaper,Iron Staff,Warstaves,weapon,pc,explicitMods,Adds 10 to 20 Cold Damage,cannot say: the mods found say local and global,local,2,GlobalAddedColdDamageUnique__5;LocalAddedColdDamageUniqueStaff13
Realmshaper,Iron Staff,Warstaves,weapon,pc,explicitMods,Adds 10 to 23 Fire Damage,local,local,4,LocalAddedFireDamageUniqueOneHandAxe7;LocalAddedFireDamageUniqueStaff13;SynthesisImplicitLocalFireDamage2;SynthesisImplicitLocalFireDamageTwoHand1
Realmshaper,Iron Staff,Warstaves,weapon,pc,explicitMods,Adds 10 to 25 Fire Damage,local,local,2,LocalAddedFireDamageUniqueOneHandAxe7;LocalAddedFireDamageUniqueStaff13
Realmshaper,Iron Staff,Warstaves,weapon,pc,explicitMods,Adds 14 to 22 Cold Damage,local,local,3,LocalAddedColdDamageUniqueStaff13;SynthesisImplicitLocalColdDamage3;SynthesisImplicitLocalColdDamageTwoHand2__
Rebuke of the Vaal,Vaal Blade,One Hand Swords,weapon,pc,explicitMods,Adds 1 to 243 Lightning Damage,local,local,1,LocalAddedLightningDamageUniqueOneHandSword3
Rebuke of the Vaal,Vaal Blade,One Hand Swords,weapon,pc,explicitMods,Adds 60 to 117 Cold Damage,local,local,1,LocalAddedColdDamageUniqueOneHandSword3
Rebuke of the Vaal,Vaal Blade,One Hand Swords,weapon,pc,explicitMods,Adds 79 to 118 Fire Damage,local,local,1,LocalAddedFireDamageUniqueOneHandSword3
Rebuke of the Vaal,Vaal Blade,One Hand Swords,weapon,pc,explicitMods,Adds 81 to 134 Physical Damage,local,local,3,LocalAddedPhysicalDamageOneHandSword3;LocalAddedPhysicalDamageUniqueSceptre7;LocalAddedPhysicalDamageUnique__7_
Rebuke of the Vaal,Vaal Blade,One Hand Swords,weapon,pc,explicitMods,Adds 89 to 104 Chaos Damage,local,local,1,LocalChaosDamageUniqueOneHandSword3
Redbeak,Rusted Sword,One Hand Swords,weapon,pc,explicitMods,Adds 2 to 6 Physical Damage,local,local,5,LocalAddedPhysicalDamageUniqueDescentClaw1;LocalAddedPhysicalDamageUniqueDescentOneHandSword1;LocalAddedPhysicalDamageUniqueOneHandMace5Royale;LocalAddedPhysicalDamageUniqueOneHandSword1;LocalAddedPhysicalDamageUnique__23Royale
Redbeak,Rusted Sword,One Hand Swords,weapon,pc,explicitMods,Adds 2 to 6 Physical Damage,local,local,5,LocalAddedPhysicalDamageUniqueDescentClaw1;LocalAddedPhysicalDamageUniqueDescentOneHandSword1;LocalAddedPhysicalDamageUniqueOneHandMace5Royale;LocalAddedPhysicalDamageUniqueOneHandSword1;LocalAddedPhysicalDamageUnique__23Royale
Redbeak,Rusted Sword,One Hand Swords,weapon,pc,explicitMods,Adds 2 to 6 Physical Damage,local,local,5,LocalAddedPhysicalDamageUniqueDescentClaw1;LocalAddedPhysicalDamageUniqueDescentOneHandSword1;LocalAddedPhysicalDamageUniqueOneHandMace5Royale;LocalAddedPhysicalDamageUniqueOneHandSword1;LocalAddedPhysicalDamageUnique__23Royale
Relentless Fury,Decorative Axe,One Hand Axes,weapon,pc,explicitMods,Adds 4 to 8 Physical Damage,local,not captured,2,LocalAddedPhysicalDamageUniqueOneHandAxe6;LocalAddedPhysicalDamageUniqueOneHandSword12
Relentless Fury,Decorative Axe,One Hand Axes,weapon,pc,explicitMods,Adds 4 to 8 Physical Damage,local,not captured,2,LocalAddedPhysicalDamageUniqueOneHandAxe6;LocalAddedPhysicalDamageUniqueOneHandSword12
Relentless Fury,Decorative Axe,One Hand Axes,weapon,pc,explicitMods,Adds 5 to 8 Physical Damage,local,not captured,2,LocalAddedPhysicalDamageUniqueOneHandAxe6;SynthesisImplicitLocalAddedPhysicalDamage4
Relentless Fury,Decorative Axe,One Hand Axes,weapon,pc,explicitMods,Adds 5 to 9 Physical Damage,local,not captured,2,LocalAddedPhysicalDamageUniqueDagger12;LocalAddedPhysicalDamageUniqueOneHandAxe6
Replica Dreamfeather,Eternal Sword,One Hand Swords,weapon,pc,explicitMods,Adds 41 to 96 Physical Damage,local,not captured,4,LocalAddedPhyiscalDamageUnique__41_;LocalAddedPhysicalDamageUniqueSceptre10;LocalAddedPhysicalDamageUnique__12;LocalAddedPhysicalDamageUnique__2_
Replica Dreamfeather,Eternal Sword,One Hand Swords,weapon,pc,explicitMods,Adds 58 to 72 Physical Damage,local,not captured,1,LocalAddedPhyiscalDamageUnique__41_
Replica Frostbreath,Ornate Mace,One Hand Maces,weapon,pc,explicitMods,Adds 53 to 73 Chaos Damage,cannot say: the mods found say local and global,not captured,3,GlobalAddedChaosDamageUnique__2;GlobalAddedChaosDamageUnique__3;LocalAddedChaosDamageUnique__2
Scaeva,Gladius,One Hand Swords,weapon,pc,explicitMods,Adds 76 to 131 Physical Damage,local,not captured,4,LocalAddedPhysicalDamageOneHandSword3;LocalAddedPhysicalDamageUniqueSceptre7;LocalAddedPhysicalDamageUnique__38;LocalAddedPhysicalDamageUnique__7_
Scaeva,Gladius,One Hand Swords,weapon,pc,explicitMods,Adds 76 to 142 Physical Damage,local,not captured,2,LocalAddedPhysicalDamageUniqueSceptre7;LocalAddedPhysicalDamageUnique__7_
Scaeva,Gladius,One Hand Swords,weapon,pc,explicitMods,Adds 85 to 125 Physical Damage,local,not captured,5,LocalAddedPhysicalDamageOneHandSword3;LocalAddedPhysicalDamageUniqueSceptre7;LocalAddedPhysicalDamageUnique__35;LocalAddedPhysicalDamageUnique__38;LocalAddedPhysicalDamageUnique__7_
Shiversting,Bastard Sword,Two Hand Swords,weapon,pc,explicitMods,Adds 35 to 70 Cold Damage,local,local,1,LocalAddedColdDamageUniqueTwoHandSword2
Shiversting,Bastard Sword,Two Hand Swords,weapon,pc,explicitMods,Adds 35 to 70 Cold Damage,local,local,1,LocalAddedColdDamageUniqueTwoHandSword2
Shiversting,Bastard Sword,Two Hand Swords,weapon,pc,explicitMods,Adds 35 to 70 Cold Damage,local,local,1,LocalAddedColdDamageUniqueTwoHandSword2
Storm Cloud,Long Bow,Bows,weapon,pc,explicitMods,Adds 1 to 85 Lightning Damage,local,local,2,AddedLightningDamageUniqueBow8;LocalAddedLightningDamageUniqueStaff14
Storm Cloud,Long Bow,Bows,weapon,pc,explicitMods,Adds 1 to 85 Lightning Damage,local,local,2,AddedLightningDamageUniqueBow8;LocalAddedLightningDamageUniqueStaff14
Storm Prison,Carved Wand,Wands,weapon,pc,explicitMods,Adds 1 to 36 Lightning Damage,local,local,3,LocalAddedLightningDamageUnique__2;SynthesisImplicitLocalLightningDamage2;SynthesisImplicitLocalLightningDamageTwoHand1
Storm Prison,Carved Wand,Wands,weapon,pc,explicitMods,Adds 1 to 38 Lightning Damage,local,local,3,LocalAddedLightningDamageUnique__2;SynthesisImplicitLocalLightningDamage2;SynthesisImplicitLocalLightningDamageTwoHand1
Storm Prison,Carved Wand,Wands,weapon,pc,explicitMods,Adds 1 to 41 Lightning Damage,local,local,4,LocalAddedLightningDamageUniqueOneHandSword7;LocalAddedLightningDamageUnique__2;SynthesisImplicitLocalLightningDamage3_;SynthesisImplicitLocalLightningDamageTwoHand1
Storm Prison,Carved Wand,Wands,weapon,pc,explicitMods,Adds 1 to 43 Lightning Damage,cannot say: the mods found say local and global,local,5,GlobalAddedLightningDamageUnique__5;LocalAddedLightningDamageUniqueOneHandSword7;LocalAddedLightningDamageUnique__2;SynthesisImplicitLocalLightningDamage3_;SynthesisImplicitLocalLightningDamageTwoHand1
Storm Prison,Spiraled Wand,Wands,weapon,pc,explicitMods,Adds 1 to 44 Lightning Damage,cannot say: the mods found say local and global,local,5,GlobalAddedLightningDamageUnique__5;LocalAddedLightningDamageUniqueOneHandSword7;LocalAddedLightningDamageUnique__2;SynthesisImplicitLocalLightningDamage3_;SynthesisImplicitLocalLightningDamageTwoHand1
The Annihilating Light,Quarterstaff,Staves,weapon,pc,crucibleMods,Adds 23 to 36 Fire Damage,local,not captured,2,WeaponTreeAddedFire2hLowIgniteChance4;WeaponTreeAddedFire2hLowImplicitEffect4
The Bane of Hope,Maraketh Bow,Bows,weapon,pc,explicitMods,Adds 24 to 48 Physical Damage,local,not captured,2,LocalAddedPhyiscalDamageUnique__42;LocalAddedPhyiscalDamageUnique__44
The Bane of Hope,Maraketh Bow,Bows,weapon,pc,explicitMods,Adds 25 to 40 Physical Damage,local,not captured,4,LocalAddedPhyiscalDamageUnique__42;LocalAddedPhyiscalDamageUnique__44;LocalAddedPhysicalDamageUniqueBow7;LocalAddedPhysicalDamageUnique__9
The Bane of Hope,Maraketh Bow,Bows,weapon,pc,implicitMods,Adds 25 to 44 Cold Damage,local,not captured,2,SynthesisImplicitLocalColdDamageTwoHand3_;VillageLocalColdDamageTwoHand2
The Enmity Divine,Imperial Staff,Staves,weapon,pc,explicitMods,Adds 161 to 222 Physical Damage,cannot say: no unique mod's text holds the line at its numbers,not captured,0,
The Enmity Divine,Imperial Staff,Staves,weapon,pc,explicitMods,Adds 170 to 211 Physical Damage,cannot say: no unique mod's text holds the line at its numbers,not captured,0,
The Enmity Divine,Imperial Staff,Staves,weapon,pc,explicitMods,Adds 183 to 208 Physical Damage,cannot say: no unique mod's text holds the line at its numbers,not captured,0,
The Monastery Bell,Dream Mace,One Hand Maces,weapon,pc,explicitMods,Adds 6 to 18 Physical Damage,local,not captured,5,LocalAddedPhyiscalDamageUnique__43;LocalAddedPhysicalDamageUniqueClaw9;LocalAddedPhysicalDamageUniqueOneHandMace5;LocalAddedPhysicalDamageUniqueOneHandSword11;LocalAddedPhysicalDamageUnique__10
The Princess,Sabre,One Hand Swords,weapon,pc,explicitMods,Adds 4 to 6 Physical Damage,local,local,3,LocalAddedPhysicalDamageUniqueOneHandSword12;SynthesisImplicitLocalAddedPhysicalDamage3;SynthesisImplicitLocalAddedPhysicalDamageTwoHand3
The Princess,Sabre,One Hand Swords,weapon,pc,explicitMods,Adds 4 to 7 Physical Damage,local,local,3,LocalAddedPhysicalDamageUniqueOneHandAxe6;LocalAddedPhysicalDamageUniqueOneHandSword12;SynthesisImplicitLocalAddedPhysicalDamageTwoHand3
The Rippling Thoughts,Legion Sword,One Hand Swords,weapon,pc,explicitMods,Adds 1 to 67 Lightning Damage,local,not captured,2,LocalAddedLightningDamageUnique__5;SynthesisImplicitLocalLightningDamageTwoHand2
The Rippling Thoughts,Legion Sword,One Hand Swords,weapon,pc,explicitMods,Adds 1 to 68 Lightning Damage,local,not captured,2,LocalAddedLightningDamageUnique__5;SynthesisImplicitLocalLightningDamageTwoHand2
The Rippling Thoughts,Legion Sword,One Hand Swords,weapon,pc,explicitMods,Adds 1 to 69 Lightning Damage,local,not captured,2,LocalAddedLightningDamageUnique__5;SynthesisImplicitLocalLightningDamageTwoHand2
The Screaming Eagle,Jade Hatchet,One Hand Axes,weapon,pc,explicitMods,Adds 12 to 29 Physical Damage,local,not captured,5,LocalAddedPhysicalDamageUnique14;LocalAddedPhysicalDamageUniqueBow1;LocalAddedPhysicalDamageUniqueOneHandAxe3;LocalAddedPhysicalDamageUniqueSceptre9;LocalAddedPhysicalDamageUnique__25
The Screaming Eagle,Jade Hatchet,One Hand Axes,weapon,pc,explicitMods,Adds 12 to 30 Physical Damage,local,not captured,6,LocalAddedPhysicalDamageUnique14;LocalAddedPhysicalDamageUniqueBow1;LocalAddedPhysicalDamageUniqueOneHandAxe3;LocalAddedPhysicalDamageUniqueSceptre9;LocalAddedPhysicalDamageUnique__20_;LocalAddedPhysicalDamageUnique__25
The Screaming Eagle,Jade Hatchet,One Hand Axes,weapon,pc,explicitMods,Adds 13 to 26 Physical Damage,local,not captured,5,LocalAddedPhysicalDamageUnique14;LocalAddedPhysicalDamageUniqueBow1;LocalAddedPhysicalDamageUniqueOneHandAxe3;LocalAddedPhysicalDamageUniqueSceptre9;LocalAddedPhysicalDamageUnique__25
The Screaming Eagle,Jade Hatchet,One Hand Axes,weapon,pc,explicitMods,Adds 15 to 29 Physical Damage,local,not captured,3,LocalAddedPhysicalDamageUnique14;LocalAddedPhysicalDamageUniqueBow5;LocalAddedPhysicalDamageUniqueOneHandAxe3
The Stormheart,Royal Staff,Staves,weapon,pc,explicitMods,Adds 25 to 58 Cold Damage,local,local,1,LocalAddedColdDamageUniqueStaff14
The Stormheart,Royal Staff,Staves,weapon,pc,explicitMods,Adds 28 to 50 Cold Damage,local,local,2,LocalAddedColdDamageUniqueStaff14;SynthesisImplicitLocalColdDamageTwoHand4
The Stormheart,Royal Staff,Staves,weapon,pc,explicitMods,Adds 4 to 73 Lightning Damage,local,local,2,LocalAddedLightningDamageUniqueStaff14;SynthesisImplicitLocalLightningDamage5
The Stormheart,Royal Staff,Staves,weapon,pc,explicitMods,Adds 9 to 87 Lightning Damage,local,local,1,LocalAddedLightningDamageUniqueStaff14
The Surging Thoughts,Legion Sword,One Hand Swords,weapon,pc,explicitMods,Adds 1 to 66 Lightning Damage,local,not captured,2,LocalAddedLightningDamageUnique__5;SynthesisImplicitLocalLightningDamageTwoHand2
The Tempest,Long Bow,Bows,weapon,pc,explicitMods,Adds 1 to 85 Lightning Damage,local,not captured,2,AddedLightningDamageUniqueBow8;LocalAddedLightningDamageUniqueStaff14
The Tempest,Long Bow,Bows,weapon,pc,explicitMods,Adds 1 to 85 Lightning Damage,local,not captured,2,AddedLightningDamageUniqueBow8;LocalAddedLightningDamageUniqueStaff14
The Tempest,Long Bow,Bows,weapon,pc,implicitMods,Adds 30 to 46 Fire Damage,local,not captured,2,SynthesisImplicitLocalFireDamage5;SynthesisImplicitLocalFireDamageTwoHand3
The Tempestuous Steel,War Sword,One Hand Swords,weapon,pc,explicitMods,Adds 6 to 18 Physical Damage,local,not captured,5,LocalAddedPhyiscalDamageUnique__43;LocalAddedPhysicalDamageUniqueClaw9;LocalAddedPhysicalDamageUniqueOneHandMace5;LocalAddedPhysicalDamageUniqueOneHandSword11;LocalAddedPhysicalDamageUnique__10
The Tempestuous Steel,War Sword,One Hand Swords,weapon,pc,explicitMods,Adds 7 to 16 Physical Damage,local,not captured,9,LocalAddedPhyiscalDamageUnique__43;LocalAddedPhysicalDamageUniqueOneHandAxe8;LocalAddedPhysicalDamageUniqueOneHandMace5;LocalAddedPhysicalDamageUniqueOneHandSword11;LocalAddedPhysicalDamageUniqueWand9;LocalAddedPhysicalDamageUnique__10;LocalAddedPhysicalDamageUnique__15Royale;LocalAddedPhysicalDamage__1;PhysicalDamageCrafted1
The Tempestuous Steel,War Sword,One Hand Swords,weapon,pc,explicitMods,Adds 7 to 19 Physical Damage,local,not captured,4,LocalAddedPhysicalDamageUniqueOneHandMace5;LocalAddedPhysicalDamageUniqueOneHandSword11;LocalAddedPhysicalDamageUnique__10;LocalAddedPhysicalDamage__1
Touch of Anguish,Imperial Claw,Claws,weapon,pc,explicitMods,Adds 45 to 148 Physical Damage,local,not captured,1,LocalAddedPhysicalDamageUnique__14
Twyzel,Sage Wand,Wands,weapon,pc,explicitMods,Adds 7 to 13 Physical Damage,local,local,6,LocalAddedPhyiscalDamageUnique__43;LocalAddedPhysicalDamageUniqueOneHandAxe8;LocalAddedPhysicalDamageUniqueOneHandSword11;LocalAddedPhysicalDamageUniqueOneHandSword13;LocalAddedPhysicalDamageUniqueWand9;LocalAddedPhysicalDamageUnique__15Royale
Twyzel,Sage Wand,Wands,weapon,pc,explicitMods,Adds 7 to 13 Physical Damage,local,local,6,LocalAddedPhyiscalDamageUnique__43;LocalAddedPhysicalDamageUniqueOneHandAxe8;LocalAddedPhysicalDamageUniqueOneHandSword11;LocalAddedPhysicalDamageUniqueOneHandSword13;LocalAddedPhysicalDamageUniqueWand9;LocalAddedPhysicalDamageUnique__15Royale
Twyzel,Sage Wand,Wands,weapon,pc,explicitMods,Adds 7 to 15 Physical Damage,local,local,9,LocalAddedPhyiscalDamageUnique__43;LocalAddedPhysicalDamageUniqueOneHandAxe8;LocalAddedPhysicalDamageUniqueOneHandMace5;LocalAddedPhysicalDamageUniqueOneHandSword11;LocalAddedPhysicalDamageUniqueWand9;LocalAddedPhysicalDamageUnique__10;LocalAddedPhysicalDamageUnique__15Royale;LocalAddedPhysicalDamage__1;PhysicalDamageCrafted1
Twyzel,Sage Wand,Wands,weapon,pc,explicitMods,Adds 8 to 14 Physical Damage,cannot say: the mods found say local and global,local,9,GlobalAddedPhysicalDamageUnique__2;GlobalAddedPhysicalDamageUnique__3;LocalAddedPhyiscalDamageUnique__43;LocalAddedPhysicalDamageUniqueOneHandAxe8;LocalAddedPhysicalDamageUniqueOneHandSword11;LocalAddedPhysicalDamageUniqueOneHandSword13;LocalAddedPhysicalDamageUniqueWand9;LocalAddedPhysicalDamageUnique__15Royale;PhysicalDamageCrafted1
Twyzel,Sage Wand,Wands,weapon,pc,explicitMods,Adds 8 to 14 Physical Damage,cannot say: the mods found say local and global,local,9,GlobalAddedPhysicalDamageUnique__2;GlobalAddedPhysicalDamageUnique__3;LocalAddedPhyiscalDamageUnique__43;LocalAddedPhysicalDamageUniqueOneHandAxe8;LocalAddedPhysicalDamageUniqueOneHandSword11;LocalAddedPhysicalDamageUniqueOneHandSword13;LocalAddedPhysicalDamageUniqueWand9;LocalAddedPhysicalDamageUnique__15Royale;PhysicalDamageCrafted1
Ungil's Gauche,Boot Knife,Rune Daggers,weapon,pc,explicitMods,Adds 3 to 30 Lightning Damage,local,local,1,AddedLightningDamageUniqueDagger3
Ungil's Gauche,Boot Knife,Rune Daggers,weapon,pc,explicitMods,Adds 3 to 30 Lightning Damage,local,local,1,AddedLightningDamageUniqueDagger3
Ungil's Gauche,Boot Knife,Rune Daggers,weapon,pc,explicitMods,Adds 3 to 30 Lightning Damage,local,local,1,AddedLightningDamageUniqueDagger3
Voltaxic Rift,Spine Bow,Bows,weapon,pc,explicitMods,Adds 1 to 305 Lightning Damage,cannot say: no unique mod's text holds the line at its numbers,not captured,0,
Vulconus,Demon Dagger,Rune Daggers,weapon,pc,explicitMods,Adds 103 to 149 Physical Damage,local,not captured,2,LocalAddedPhyiscalDamageUnique__39;LocalAddedPhysicalDamageUnique__21
Vulconus,Demon Dagger,Rune Daggers,weapon,pc,explicitMods,Adds 142 to 227 Fire Damage,local,not captured,1,LocalAddedFireDamageUnique__5__
White Wind,Imperial Skean,Rune Daggers,weapon,pc,explicitMods,Adds 166 to 285 Cold Damage,local,local,2,LocalAddedColdDamageUnique__11;LocalAddedColdDamageUnique__7
White Wind,Imperial Skean,Rune Daggers,weapon,pc,explicitMods,Adds 177 to 305 Cold Damage,local,local,2,LocalAddedColdDamageUnique__10;LocalAddedColdDamageUnique__7
White Wind,Imperial Skean,Rune Daggers,weapon,pc,explicitMods,Adds 180 to 293 Cold Damage,local,local,2,LocalAddedColdDamageUnique__11;LocalAddedColdDamageUnique__7
White Wind,Imperial Skean,Rune Daggers,weapon,pc,explicitMods,Adds 187 to 292 Cold Damage,local,local,2,LocalAddedColdDamageUnique__11;LocalAddedColdDamageUnique__7
White Wind,Imperial Skean,Rune Daggers,weapon,pc,explicitMods,Adds 189 to 305 Cold Damage,local,local,2,LocalAddedColdDamageUnique__10;LocalAddedColdDamageUnique__7
White Wind,Imperial Skean,Rune Daggers,weapon,pc,explicitMods,Adds 190 to 293 Cold Damage,local,local,2,LocalAddedColdDamageUnique__11;LocalAddedColdDamageUnique__7
White Wind,Imperial Skean,Rune Daggers,weapon,pc,implicitMods,Adds 21 to 35 Fire Damage,cannot say: the mods found say local and global,not captured,6,GlobalAddedFireDamageUnique__1;GlobalAddedFireDamageUnique__3_;LocalAddedFireDamageUniqueTwoHandAxe1;SynthesisImplicitLocalFireDamage4;SynthesisImplicitLocalFireDamageTwoHand2;VillageLocalFireDamage3
Widowmaker,Boot Blade,Rune Daggers,weapon,pc,explicitMods,Adds 35 to 55 Physical Damage,local,local,3,LocalAddedPhyiscalDamageUnique__38;LocalAddedPhysicalDamageUnique__13;LocalAddedPhysicalDamageUnique__8
Widowmaker,Boot Blade,Rune Daggers,weapon,pc,explicitMods,Adds 37 to 55 Physical Damage,local,local,1,LocalAddedPhysicalDamageUnique__8
Wildslash,Awl,Claws,weapon,pc,explicitMods,Adds 3 to 22 Physical Damage,local,local,1,LocalAddedPhysicalDamageUniqueClaw9
Wildslash,Awl,Claws,weapon,pc,explicitMods,Adds 5 to 21 Physical Damage,local,local,3,LocalAddedPhysicalDamageUniqueClaw9;LocalAddedPhysicalDamageUniqueOneHandAxe7;LocalAddedPhysicalDamageUniqueOneHandMace5
Windripper,Imperial Bow,Bows,weapon,pc,explicitMods,Adds 1 to 144 Lightning Damage,local,not captured,1,AddedLightningDamageUniqueBow9
Windripper,Imperial Bow,Bows,weapon,pc,explicitMods,Adds 51 to 76 Cold Damage,local,not captured,1,AddedColdDamageUniqueBow9
