# generated by scripts/ranged-census.py from ../item-facts/raw/m3/store/mock/GERWARIC_7694.db (read-only), crates/acquisition-search/reference/classes-v1.toml, ../repoe/data/class-to-trade-category.csv; templates as ../item-facts/data/mod-templates.csv spells them
template,class,weapon,realm,rarity,array,flags,lines,items
Adds # to # Chaos Damage,Amulets,not a weapon,pc,Unique,explicitMods,,2,2
Adds # to # Chaos Damage,Gloves,not a weapon,pc,Unique,explicitMods,,6,6
Adds # to # Chaos Damage,Rings,not a weapon,pc,Unique,explicitMods,,12,12
Adds # to # Chaos Damage,Bows,weapon,pc,Rare,explicitMods,,1,1
Adds # to # Chaos Damage,Claws,weapon,pc,Rare,explicitMods,,1,1
Adds # to # Chaos Damage,One Hand Maces,weapon,pc,Unique,explicitMods,,1,1
Adds # to # Chaos Damage,One Hand Swords,weapon,pc,Rare,explicitMods,,1,1
Adds # to # Chaos Damage,One Hand Swords,weapon,pc,Unique,explicitMods,,1,1
Adds # to # Chaos Damage,Rune Daggers,weapon,pc,Unique,explicitMods,,2,2
Adds # to # Chaos Damage,Sceptres,weapon,pc,Rare,explicitMods,,2,2
Adds # to # Chaos Damage,Thrusting One Hand Swords,weapon,pc,Rare,explicitMods,,3,3
Adds # to # Chaos Damage,Two Hand Axes,weapon,pc,Rare,explicitMods,,1,1
Adds # to # Chaos Damage,Two Hand Swords,weapon,pc,Magic,crucibleMods,,1,1
Adds # to # Chaos Damage,Two Hand Swords,weapon,pc,Unique,explicitMods,,2,2
Adds # to # Chaos Damage,Wands,weapon,pc,Rare,crucibleMods,,2,2
Adds # to # Chaos Damage,Wands,weapon,pc,Rare,explicitMods,,3,3
Adds # to # Cold Damage,Amulets,not a weapon,pc,Unique,explicitMods,,2,2
Adds # to # Cold Damage,Gloves,not a weapon,pc,Unique,explicitMods,,2,2
Adds # to # Cold Damage,Helmets,not a weapon,pc,Rare,implicitMods,,6,6
Adds # to # Cold Damage,Quivers,not a weapon,pc,Rare,explicitMods,,1,1
Adds # to # Cold Damage,Rings,not a weapon,pc,Rare,explicitMods,,2,2
Adds # to # Cold Damage,Rings,not a weapon,pc,Unique,explicitMods,,23,23
Adds # to # Cold Damage,Rings,not a weapon,pc,Unique,implicitMods,,1,1
Adds # to # Cold Damage,Bows,weapon,pc,Rare,crucibleMods,,1,1
Adds # to # Cold Damage,Bows,weapon,pc,Rare,explicitMods,,18,18
Adds # to # Cold Damage,Bows,weapon,pc,Rare,explicitMods,crafted,1,1
Adds # to # Cold Damage,Bows,weapon,pc,Rare,explicitMods,fractured,1,1
Adds # to # Cold Damage,Bows,weapon,pc,Unique,explicitMods,,2,2
Adds # to # Cold Damage,Bows,weapon,pc,Unique,implicitMods,,1,1
Adds # to # Cold Damage,Claws,weapon,pc,Rare,explicitMods,,14,14
Adds # to # Cold Damage,Daggers,weapon,pc,Rare,explicitMods,,3,3
Adds # to # Cold Damage,One Hand Axes,weapon,pc,Magic,explicitMods,,1,1
Adds # to # Cold Damage,One Hand Axes,weapon,pc,Rare,explicitMods,,1,1
Adds # to # Cold Damage,One Hand Maces,weapon,pc,Unique,explicitMods,,5,5
Adds # to # Cold Damage,One Hand Swords,weapon,pc,Rare,explicitMods,,2,2
Adds # to # Cold Damage,One Hand Swords,weapon,pc,Unique,explicitMods,,1,1
Adds # to # Cold Damage,Rune Daggers,weapon,pc,Magic,crucibleMods,,1,1
Adds # to # Cold Damage,Rune Daggers,weapon,pc,Rare,explicitMods,,3,3
Adds # to # Cold Damage,Rune Daggers,weapon,pc,Unique,explicitMods,,6,6
Adds # to # Cold Damage,Sceptres,weapon,pc,Rare,explicitMods,,3,3
Adds # to # Cold Damage,Staves,weapon,pc,Rare,explicitMods,,1,1
Adds # to # Cold Damage,Staves,weapon,pc,Unique,explicitMods,,2,2
Adds # to # Cold Damage,Thrusting One Hand Swords,weapon,pc,Rare,explicitMods,,3,3
Adds # to # Cold Damage,Thrusting One Hand Swords,weapon,pc,Unique,explicitMods,,7,7
Adds # to # Cold Damage,Two Hand Axes,weapon,pc,Rare,explicitMods,,3,3
Adds # to # Cold Damage,Two Hand Axes,weapon,pc,Unique,explicitMods,,2,2
Adds # to # Cold Damage,Two Hand Maces,weapon,pc,Rare,explicitMods,,3,3
Adds # to # Cold Damage,Two Hand Maces,weapon,pc,Unique,explicitMods,,1,1
Adds # to # Cold Damage,Two Hand Swords,weapon,pc,Rare,explicitMods,,3,3
Adds # to # Cold Damage,Two Hand Swords,weapon,pc,Unique,explicitMods,,3,3
Adds # to # Cold Damage,Wands,weapon,pc,Rare,crucibleMods,,1,1
Adds # to # Cold Damage,Wands,weapon,pc,Rare,explicitMods,,12,12
Adds # to # Cold Damage,Warstaves,weapon,pc,Rare,explicitMods,,1,1
Adds # to # Cold Damage,Warstaves,weapon,pc,Unique,explicitMods,,2,2
Adds # to # Fire Damage,poe2: no table,no class,poe2,Magic,explicitMods,,1,1
Adds # to # Fire Damage,Amulets,not a weapon,pc,Unique,explicitMods,,2,2
Adds # to # Fire Damage,Gloves,not a weapon,pc,Unique,explicitMods,,2,2
Adds # to # Fire Damage,Quivers,not a weapon,pc,Rare,explicitMods,,1,1
Adds # to # Fire Damage,Rings,not a weapon,pc,Rare,explicitMods,,1,1
Adds # to # Fire Damage,Rings,not a weapon,pc,Unique,explicitMods,,21,21
Adds # to # Fire Damage,Rings,not a weapon,pc,Unique,implicitMods,,1,1
Adds # to # Fire Damage,Bows,weapon,pc,Magic,crucibleMods,,1,1
Adds # to # Fire Damage,Bows,weapon,pc,Rare,crucibleMods,,5,5
Adds # to # Fire Damage,Bows,weapon,pc,Rare,explicitMods,,22,22
Adds # to # Fire Damage,Bows,weapon,pc,Unique,explicitMods,,1,1
Adds # to # Fire Damage,Bows,weapon,pc,Unique,implicitMods,,1,1
Adds # to # Fire Damage,Claws,weapon,pc,Rare,enchantMods,,1,1
Adds # to # Fire Damage,Claws,weapon,pc,Rare,explicitMods,,6,6
Adds # to # Fire Damage,Claws,weapon,pc,Unique,crucibleMods,,1,1
Adds # to # Fire Damage,Claws,weapon,pc,Unique,implicitMods,,2,2
Adds # to # Fire Damage,Daggers,weapon,pc,Rare,explicitMods,,1,1
Adds # to # Fire Damage,One Hand Axes,weapon,pc,Rare,explicitMods,,4,4
Adds # to # Fire Damage,One Hand Axes,weapon,pc,Unique,explicitMods,,2,2
Adds # to # Fire Damage,One Hand Swords,weapon,pc,Magic,explicitMods,,1,1
Adds # to # Fire Damage,One Hand Swords,weapon,pc,Rare,explicitMods,,5,5
Adds # to # Fire Damage,One Hand Swords,weapon,pc,Unique,explicitMods,,1,1
Adds # to # Fire Damage,Rune Daggers,weapon,pc,Rare,explicitMods,,5,5
Adds # to # Fire Damage,Rune Daggers,weapon,pc,Unique,explicitMods,,1,1
Adds # to # Fire Damage,Rune Daggers,weapon,pc,Unique,implicitMods,,1,1
Adds # to # Fire Damage,Sceptres,weapon,pc,Rare,explicitMods,,6,6
Adds # to # Fire Damage,Staves,weapon,pc,Rare,crucibleMods,,1,1
Adds # to # Fire Damage,Staves,weapon,pc,Rare,explicitMods,,3,3
Adds # to # Fire Damage,Staves,weapon,pc,Unique,crucibleMods,,1,1
Adds # to # Fire Damage,Thrusting One Hand Swords,weapon,pc,Magic,explicitMods,,1,1
Adds # to # Fire Damage,Thrusting One Hand Swords,weapon,pc,Rare,explicitMods,,5,5
Adds # to # Fire Damage,Two Hand Axes,weapon,pc,Rare,explicitMods,,7,7
Adds # to # Fire Damage,Two Hand Swords,weapon,pc,Magic,explicitMods,,1,1
Adds # to # Fire Damage,Two Hand Swords,weapon,pc,Normal,crucibleMods,,1,1
Adds # to # Fire Damage,Two Hand Swords,weapon,pc,Unique,explicitMods,,2,2
Adds # to # Fire Damage,Wands,weapon,pc,Rare,crucibleMods,,4,4
Adds # to # Fire Damage,Wands,weapon,pc,Rare,explicitMods,,5,5
Adds # to # Fire Damage,Wands,weapon,pc,Rare,explicitMods,fractured,1,1
Adds # to # Fire Damage,Wands,weapon,pc,Unique,explicitMods,,7,7
Adds # to # Fire Damage,Warstaves,weapon,pc,Rare,explicitMods,,3,3
Adds # to # Fire Damage,Warstaves,weapon,pc,Unique,explicitMods,,2,2
Adds # to # Lightning Damage,Amulets,not a weapon,pc,Unique,explicitMods,,1,1
Adds # to # Lightning Damage,Gloves,not a weapon,pc,Unique,explicitMods,,2,2
Adds # to # Lightning Damage,Quivers,not a weapon,pc,Rare,explicitMods,,2,2
Adds # to # Lightning Damage,Rings,not a weapon,pc,Rare,explicitMods,,1,1
Adds # to # Lightning Damage,Rings,not a weapon,pc,Unique,explicitMods,,16,16
Adds # to # Lightning Damage,Bows,weapon,pc,Magic,crucibleMods,,1,1
Adds # to # Lightning Damage,Bows,weapon,pc,Magic,explicitMods,fractured,1,1
Adds # to # Lightning Damage,Bows,weapon,pc,Rare,crucibleMods,,5,5
Adds # to # Lightning Damage,Bows,weapon,pc,Rare,explicitMods,,22,22
Adds # to # Lightning Damage,Bows,weapon,pc,Rare,explicitMods,fractured,1,1
Adds # to # Lightning Damage,Bows,weapon,pc,Unique,explicitMods,,6,6
Adds # to # Lightning Damage,Bows,weapon,pc,Unique,implicitMods,,1,1
Adds # to # Lightning Damage,Claws,weapon,pc,Rare,explicitMods,,12,12
Adds # to # Lightning Damage,Claws,weapon,pc,Rare,explicitMods,crafted,1,1
Adds # to # Lightning Damage,Claws,weapon,pc,Unique,explicitMods,,1,1
Adds # to # Lightning Damage,Daggers,weapon,pc,Rare,explicitMods,,3,3
Adds # to # Lightning Damage,Daggers,weapon,pc,Rare,explicitMods,crafted,1,1
Adds # to # Lightning Damage,One Hand Axes,weapon,pc,Rare,explicitMods,,1,1
Adds # to # Lightning Damage,One Hand Maces,weapon,pc,Rare,explicitMods,,2,2
Adds # to # Lightning Damage,One Hand Swords,weapon,pc,Rare,explicitMods,,3,3
Adds # to # Lightning Damage,One Hand Swords,weapon,pc,Unique,explicitMods,,8,8
Adds # to # Lightning Damage,Rune Daggers,weapon,pc,Rare,crucibleMods,,1,1
Adds # to # Lightning Damage,Rune Daggers,weapon,pc,Rare,explicitMods,,4,4
Adds # to # Lightning Damage,Rune Daggers,weapon,pc,Unique,explicitMods,,3,3
Adds # to # Lightning Damage,Sceptres,weapon,pc,Normal,crucibleMods,,1,1
Adds # to # Lightning Damage,Sceptres,weapon,pc,Rare,explicitMods,,6,6
Adds # to # Lightning Damage,Staves,weapon,pc,Rare,explicitMods,,1,1
Adds # to # Lightning Damage,Staves,weapon,pc,Unique,explicitMods,,2,2
Adds # to # Lightning Damage,Thrusting One Hand Swords,weapon,pc,Rare,explicitMods,,5,5
Adds # to # Lightning Damage,Thrusting One Hand Swords,weapon,pc,Unique,explicitMods,,5,5
Adds # to # Lightning Damage,Two Hand Axes,weapon,pc,Magic,explicitMods,,1,1
Adds # to # Lightning Damage,Two Hand Axes,weapon,pc,Rare,crucibleMods,,2,2
Adds # to # Lightning Damage,Two Hand Axes,weapon,pc,Rare,explicitMods,,6,6
Adds # to # Lightning Damage,Two Hand Maces,weapon,pc,Normal,crucibleMods,,1,1
Adds # to # Lightning Damage,Two Hand Maces,weapon,pc,Rare,explicitMods,,2,2
Adds # to # Lightning Damage,Two Hand Swords,weapon,pc,Rare,explicitMods,,3,3
Adds # to # Lightning Damage,Two Hand Swords,weapon,pc,Rare,implicitMods,,1,1
Adds # to # Lightning Damage,Wands,weapon,pc,Magic,crucibleMods,,1,1
Adds # to # Lightning Damage,Wands,weapon,pc,Magic,explicitMods,fractured,1,1
Adds # to # Lightning Damage,Wands,weapon,pc,Rare,crucibleMods,,2,2
Adds # to # Lightning Damage,Wands,weapon,pc,Rare,explicitMods,,11,11
Adds # to # Lightning Damage,Wands,weapon,pc,Rare,implicitMods,,1,1
Adds # to # Lightning Damage,Wands,weapon,pc,Unique,explicitMods,,5,5
Adds # to # Physical Damage,Rings,not a weapon,pc,Unique,explicitMods,,22,22
Adds # to # Physical Damage,Bows,weapon,pc,Magic,crucibleMods,,1,1
Adds # to # Physical Damage,Bows,weapon,pc,Magic,explicitMods,fractured,1,1
Adds # to # Physical Damage,Bows,weapon,pc,Normal,crucibleMods,,1,1
Adds # to # Physical Damage,Bows,weapon,pc,Rare,crucibleMods,,2,2
Adds # to # Physical Damage,Bows,weapon,pc,Rare,explicitMods,,8,8
Adds # to # Physical Damage,Bows,weapon,pc,Unique,crucibleMods,,1,1
Adds # to # Physical Damage,Bows,weapon,pc,Unique,explicitMods,,14,14
Adds # to # Physical Damage,Claws,weapon,pc,Rare,explicitMods,,6,6
Adds # to # Physical Damage,Claws,weapon,pc,Unique,explicitMods,,13,13
Adds # to # Physical Damage,Daggers,weapon,pc,Unique,explicitMods,,11,11
Adds # to # Physical Damage,One Hand Axes,weapon,pc,Unique,explicitMods,,12,12
Adds # to # Physical Damage,One Hand Maces,weapon,pc,Rare,explicitMods,,2,2
Adds # to # Physical Damage,One Hand Maces,weapon,pc,Unique,crucibleMods,,1,1
Adds # to # Physical Damage,One Hand Maces,weapon,pc,Unique,explicitMods,,17,17
Adds # to # Physical Damage,One Hand Maces,weapon,pc,Unique,implicitMods,,1,1
Adds # to # Physical Damage,One Hand Swords,weapon,pc,Rare,explicitMods,,1,1
Adds # to # Physical Damage,One Hand Swords,weapon,pc,Unique,explicitMods,,26,26
Adds # to # Physical Damage,Rune Daggers,weapon,pc,Magic,explicitMods,fractured,1,1
Adds # to # Physical Damage,Rune Daggers,weapon,pc,Rare,explicitMods,,3,3
Adds # to # Physical Damage,Rune Daggers,weapon,pc,Unique,explicitMods,,6,6
Adds # to # Physical Damage,Sceptres,weapon,pc,Magic,crucibleMods,,1,1
Adds # to # Physical Damage,Sceptres,weapon,pc,Rare,explicitMods,,4,4
Adds # to # Physical Damage,Sceptres,weapon,pc,Unique,explicitMods,,1,1
Adds # to # Physical Damage,Staves,weapon,pc,Rare,crucibleMods,,1,1
Adds # to # Physical Damage,Staves,weapon,pc,Rare,explicitMods,,1,1
Adds # to # Physical Damage,Staves,weapon,pc,Unique,explicitMods,,3,3
Adds # to # Physical Damage,Thrusting One Hand Swords,weapon,pc,Rare,explicitMods,,4,4
Adds # to # Physical Damage,Thrusting One Hand Swords,weapon,pc,Unique,explicitMods,,5,5
Adds # to # Physical Damage,Two Hand Axes,weapon,pc,Rare,explicitMods,,5,5
Adds # to # Physical Damage,Two Hand Axes,weapon,pc,Unique,explicitMods,,5,5
Adds # to # Physical Damage,Two Hand Maces,weapon,pc,Unique,explicitMods,,5,5
Adds # to # Physical Damage,Two Hand Swords,weapon,pc,Rare,explicitMods,,3,3
Adds # to # Physical Damage,Two Hand Swords,weapon,pc,Unique,explicitMods,,2,2
Adds # to # Physical Damage,Wands,weapon,pc,Magic,explicitMods,fractured,1,1
Adds # to # Physical Damage,Wands,weapon,pc,Rare,crucibleMods,,1,1
Adds # to # Physical Damage,Wands,weapon,pc,Rare,explicitMods,,17,17
Adds # to # Physical Damage,Wands,weapon,pc,Unique,explicitMods,,10,10
Adds # to # Physical Damage,Warstaves,weapon,pc,Rare,explicitMods,,2,2
