recording,at,call,row,status,response_bytes,items_asked,body
d-searches.har,2026-09-27T00:41:17.585Z,search,d01,200,533,,no
d-searches.har,2026-09-27T00:41:18.314Z,fetch,d01,200,3857,1,no
d-searches.har,2026-09-27T00:41:28.374Z,search,d02,200,7180,,no
d-searches.har,2026-09-27T00:41:29.125Z,fetch,d02,200,29336,10,no
d-searches.har,2026-09-27T00:41:37.433Z,search,d03,200,1565,,no
d-searches.har,2026-09-27T00:41:37.662Z,fetch,d03,200,35361,10,no
d-searches.har,2026-09-27T00:41:49.577Z,search,d04,200,347,,no
d-searches.har,2026-09-27T00:41:59.052Z,search,d05,200,7024,,no
d-searches.har,2026-09-27T00:41:59.185Z,fetch,d05,200,40308,10,no
d-searches.har,2026-09-27T00:42:07.905Z,search,d06,200,7031,,no
d-searches.har,2026-09-27T00:42:08.039Z,fetch,d06,200,48129,10,no
d-searches.har,2026-09-27T00:42:14.971Z,search,d07,200,6946,,no
d-searches.har,2026-09-27T00:42:15.095Z,fetch,d07,200,32253,10,no
d-searches.har,2026-09-27T00:42:21.470Z,search,d08,200,6956,,no
d-searches.har,2026-09-27T00:42:21.638Z,fetch,d08,200,33622,10,no
d-searches.har,2026-09-27T00:42:27.924Z,search,d09,200,6954,,no
d-searches.har,2026-09-27T00:42:28.072Z,fetch,d09,200,37559,10,no
d-searches.har,2026-09-27T00:42:36.659Z,search,d10,200,6939,,no
d-searches.har,2026-09-27T00:42:36.843Z,fetch,d10,200,34785,10,no
d-searches.har,2026-09-27T00:42:44.278Z,search,d11,200,6948,,no
d-searches.har,2026-09-27T00:42:44.407Z,fetch,d11,200,33571,10,no
d-searches.har,2026-09-27T00:42:52.978Z,search,d12,200,6947,,no
d-searches.har,2026-09-27T00:42:53.148Z,fetch,d12,200,37188,10,no
d-searches.har,2026-09-27T00:43:02.961Z,search,d13,200,346,,no
d-searches.har,2026-09-27T00:43:10.272Z,search,d14,200,7023,,no
d-searches.har,2026-09-27T00:43:10.417Z,fetch,d14,200,41268,10,no
d-searches.har,2026-09-27T00:43:16.495Z,search,d15,200,7031,,no
d-searches.har,2026-09-27T00:43:16.626Z,fetch,d15,200,46636,10,no
d-searches.har,2026-09-27T00:43:22.845Z,search,d16,200,354,,no
d-searches.har,2026-09-27T00:43:29.780Z,search,d17,200,7027,,no
d-searches.har,2026-09-27T00:43:29.920Z,fetch,d17,200,42438,10,no
d-searches.har,2026-09-27T00:43:35.408Z,search,d18,200,7040,,no
d-searches.har,2026-09-27T00:43:35.539Z,fetch,d18,200,42932,10,no
d-searches.har,2026-09-27T00:43:40.329Z,search,d19,200,330,,no
d-searches.har,2026-09-27T00:43:46.541Z,search,d20,200,7028,,no
d-searches.har,2026-09-27T00:43:46.702Z,fetch,d20,200,39359,10,no
d-searches.har,2026-09-27T00:44:00.217Z,search,d21,200,7014,,no
d-searches.har,2026-09-27T00:44:00.328Z,fetch,d21,200,38059,10,no
d-searches.har,2026-09-27T00:44:06.690Z,search,d22,200,326,,no
d-searches.har,2026-09-27T00:44:14.516Z,search,d23,200,7023,,no
d-searches.har,2026-09-27T00:44:14.650Z,fetch,d23,200,40201,10,no
d-searches.har,2026-09-27T00:44:20.816Z,search,d24,200,7001,,no
d-searches.har,2026-09-27T00:44:20.942Z,fetch,d24,200,33734,10,no
d-searches.har,2026-09-27T00:44:26.621Z,search,b1,200,253,,no
d-searches.har,2026-09-27T00:44:32.201Z,search,b2,200,6932,,no
d-searches.har,2026-09-27T00:44:32.275Z,fetch,b2,200,28402,10,no
