total,site_id,site_text,change,template,weight,twin_or_reads,evidence,status
every total,,,rule,"a total whose lines sum to nothing is absent, never 0",,,"c3, d01, e043: the site shows no total where the lines cancel. The owner: ""Yes, let's make it absent to match the site.""",
every total,,,rule,a ranged total is the average of a line's two numbers,,,round two: every reading of a ranged pseudo; the low number read instead disagrees on all,
total_cold_res,pseudo.pseudo_total_cold_resistance,+#% total to Cold Resistance,add row,#% to All Resistances,1,any,"e042, e044, e048: one item's `+13% to All Resistances` shows as 13 under the fire, lightning and chaos totals; this total by the same arithmetic, unseen",explained
total_cold_res,pseudo.pseudo_total_cold_resistance,+#% total to Cold Resistance,add row,"While a Unique Enemy is in your Presence, #% to Cold Resistance",1,any,"round three: the site counts a row's eldritch forms as the row The owner, 2026-09-26: ""include the eldritch mods""",explained
total_cold_res,pseudo.pseudo_total_cold_resistance,+#% total to Cold Resistance,add row,"While a Pinnacle Atlas Boss is in your Presence, #% to Cold Resistance",1,any,"round three: the site counts a row's eldritch forms as the row The owner, 2026-09-26: ""include the eldritch mods""",explained
total_cold_res,pseudo.pseudo_total_cold_resistance,+#% total to Cold Resistance,add row,"While a Unique Enemy is in your Presence, #% to all Elemental Resistances",1,any,"round three: the site counts a row's eldritch forms as the row The owner, 2026-09-26: ""include the eldritch mods""",explained
total_cold_res,pseudo.pseudo_total_cold_resistance,+#% total to Cold Resistance,add row,"While a Pinnacle Atlas Boss is in your Presence, #% to all Elemental Resistances",1,any,"round three: the site counts a row's eldritch forms as the row The owner, 2026-09-26: ""include the eldritch mods""",explained
total_fire_res,pseudo.pseudo_total_fire_resistance,+#% total to Fire Resistance,add row,#% to All Resistances,1,any,"e042, e044, e048: one item's `+13% to All Resistances` shows as 13 under the fire, lightning and chaos totals",explained
total_fire_res,pseudo.pseudo_total_fire_resistance,+#% total to Fire Resistance,add row,"While a Unique Enemy is in your Presence, #% to Fire Resistance",1,any,"round three: the site counts a row's eldritch forms as the row The owner, 2026-09-26: ""include the eldritch mods""",explained
total_fire_res,pseudo.pseudo_total_fire_resistance,+#% total to Fire Resistance,add row,"While a Pinnacle Atlas Boss is in your Presence, #% to Fire Resistance",1,any,"round three: the site counts a row's eldritch forms as the row The owner, 2026-09-26: ""include the eldritch mods""",explained
total_fire_res,pseudo.pseudo_total_fire_resistance,+#% total to Fire Resistance,add row,"While a Unique Enemy is in your Presence, #% to all Elemental Resistances",1,any,"round three: the site counts a row's eldritch forms as the row The owner, 2026-09-26: ""include the eldritch mods""",explained
total_fire_res,pseudo.pseudo_total_fire_resistance,+#% total to Fire Resistance,add row,"While a Pinnacle Atlas Boss is in your Presence, #% to all Elemental Resistances",1,any,"round three: the site counts a row's eldritch forms as the row The owner, 2026-09-26: ""include the eldritch mods""",explained
total_lightning_res,pseudo.pseudo_total_lightning_resistance,+#% total to Lightning Resistance,add row,#% to All Resistances,1,any,"e042, e044, e048: one item's `+13% to All Resistances` shows as 13 under the fire, lightning and chaos totals",explained
total_lightning_res,pseudo.pseudo_total_lightning_resistance,+#% total to Lightning Resistance,add row,"While a Unique Enemy is in your Presence, #% to Lightning Resistance",1,any,"round three: the site counts a row's eldritch forms as the row The owner, 2026-09-26: ""include the eldritch mods""",explained
total_lightning_res,pseudo.pseudo_total_lightning_resistance,+#% total to Lightning Resistance,add row,"While a Pinnacle Atlas Boss is in your Presence, #% to Lightning Resistance",1,any,"round three: the site counts a row's eldritch forms as the row The owner, 2026-09-26: ""include the eldritch mods""",explained
total_lightning_res,pseudo.pseudo_total_lightning_resistance,+#% total to Lightning Resistance,add row,"While a Unique Enemy is in your Presence, #% to all Elemental Resistances",1,any,"round three: the site counts a row's eldritch forms as the row The owner, 2026-09-26: ""include the eldritch mods""",explained
total_lightning_res,pseudo.pseudo_total_lightning_resistance,+#% total to Lightning Resistance,add row,"While a Pinnacle Atlas Boss is in your Presence, #% to all Elemental Resistances",1,any,"round three: the site counts a row's eldritch forms as the row The owner, 2026-09-26: ""include the eldritch mods""",explained
total_ele_res,pseudo.pseudo_total_elemental_resistance,+#% total Elemental Resistance,add row,#% to All Resistances,3,any,"e042, e044, e048: one item's `+13% to All Resistances` shows as 13 under the fire, lightning and chaos totals; this total by the same arithmetic, unseen",explained
total_ele_res,pseudo.pseudo_total_elemental_resistance,+#% total Elemental Resistance,add row,"While a Unique Enemy is in your Presence, #% to Fire Resistance",1,any,"round three: the site counts a row's eldritch forms as the row The owner, 2026-09-26: ""include the eldritch mods""",explained
total_ele_res,pseudo.pseudo_total_elemental_resistance,+#% total Elemental Resistance,add row,"While a Pinnacle Atlas Boss is in your Presence, #% to Fire Resistance",1,any,"round three: the site counts a row's eldritch forms as the row The owner, 2026-09-26: ""include the eldritch mods""",explained
total_ele_res,pseudo.pseudo_total_elemental_resistance,+#% total Elemental Resistance,add row,"While a Unique Enemy is in your Presence, #% to all Elemental Resistances",3,any,"round three: the site counts a row's eldritch forms as the row The owner, 2026-09-26: ""include the eldritch mods""",explained
total_ele_res,pseudo.pseudo_total_elemental_resistance,+#% total Elemental Resistance,add row,"While a Pinnacle Atlas Boss is in your Presence, #% to all Elemental Resistances",3,any,"round three: the site counts a row's eldritch forms as the row The owner, 2026-09-26: ""include the eldritch mods""",explained
total_ele_res,pseudo.pseudo_total_elemental_resistance,+#% total Elemental Resistance,add row,"While a Unique Enemy is in your Presence, #% to Cold Resistance",1,any,"round three: the site counts a row's eldritch forms as the row The owner, 2026-09-26: ""include the eldritch mods""",explained
total_ele_res,pseudo.pseudo_total_elemental_resistance,+#% total Elemental Resistance,add row,"While a Pinnacle Atlas Boss is in your Presence, #% to Cold Resistance",1,any,"round three: the site counts a row's eldritch forms as the row The owner, 2026-09-26: ""include the eldritch mods""",explained
total_ele_res,pseudo.pseudo_total_elemental_resistance,+#% total Elemental Resistance,add row,"While a Unique Enemy is in your Presence, #% to Lightning Resistance",1,any,"round three: the site counts a row's eldritch forms as the row The owner, 2026-09-26: ""include the eldritch mods""",explained
total_ele_res,pseudo.pseudo_total_elemental_resistance,+#% total Elemental Resistance,add row,"While a Pinnacle Atlas Boss is in your Presence, #% to Lightning Resistance",1,any,"round three: the site counts a row's eldritch forms as the row The owner, 2026-09-26: ""include the eldritch mods""",explained
total_chaos_res,pseudo.pseudo_total_chaos_resistance,+#% total to Chaos Resistance,add row,#% to All Resistances,1,any,"e042, e044, e048: one item's `+13% to All Resistances` shows as 13 under the fire, lightning and chaos totals",explained
total_chaos_res,pseudo.pseudo_total_chaos_resistance,+#% total to Chaos Resistance,add row,"While a Unique Enemy is in your Presence, #% to Chaos Resistance",1,any,"round three: the site counts a row's eldritch forms as the row The owner, 2026-09-26: ""include the eldritch mods""",explained
total_chaos_res,pseudo.pseudo_total_chaos_resistance,+#% total to Chaos Resistance,add row,"While a Pinnacle Atlas Boss is in your Presence, #% to Chaos Resistance",1,any,"round three: the site counts a row's eldritch forms as the row The owner, 2026-09-26: ""include the eldritch mods""",explained
total_res,pseudo.pseudo_total_resistance,+#% total Resistance,add row,#% to All Resistances,4,any,"e042, e044, e048: one item's `+13% to All Resistances` shows as 13 under the fire, lightning and chaos totals; this total by the same arithmetic, unseen",explained
total_res,pseudo.pseudo_total_resistance,+#% total Resistance,add row,"While a Unique Enemy is in your Presence, #% to Fire Resistance",1,any,"round three: the site counts a row's eldritch forms as the row The owner, 2026-09-26: ""include the eldritch mods""",explained
total_res,pseudo.pseudo_total_resistance,+#% total Resistance,add row,"While a Pinnacle Atlas Boss is in your Presence, #% to Fire Resistance",1,any,"round three: the site counts a row's eldritch forms as the row The owner, 2026-09-26: ""include the eldritch mods""",explained
total_res,pseudo.pseudo_total_resistance,+#% total Resistance,add row,"While a Unique Enemy is in your Presence, #% to all Elemental Resistances",3,any,"round three: the site counts a row's eldritch forms as the row The owner, 2026-09-26: ""include the eldritch mods""",explained
total_res,pseudo.pseudo_total_resistance,+#% total Resistance,add row,"While a Pinnacle Atlas Boss is in your Presence, #% to all Elemental Resistances",3,any,"round three: the site counts a row's eldritch forms as the row The owner, 2026-09-26: ""include the eldritch mods""",explained
total_res,pseudo.pseudo_total_resistance,+#% total Resistance,add row,"While a Unique Enemy is in your Presence, #% to Cold Resistance",1,any,"round three: the site counts a row's eldritch forms as the row The owner, 2026-09-26: ""include the eldritch mods""",explained
total_res,pseudo.pseudo_total_resistance,+#% total Resistance,add row,"While a Pinnacle Atlas Boss is in your Presence, #% to Cold Resistance",1,any,"round three: the site counts a row's eldritch forms as the row The owner, 2026-09-26: ""include the eldritch mods""",explained
total_res,pseudo.pseudo_total_resistance,+#% total Resistance,add row,"While a Unique Enemy is in your Presence, #% to Lightning Resistance",1,any,"round three: the site counts a row's eldritch forms as the row The owner, 2026-09-26: ""include the eldritch mods""",explained
total_res,pseudo.pseudo_total_resistance,+#% total Resistance,add row,"While a Pinnacle Atlas Boss is in your Presence, #% to Lightning Resistance",1,any,"round three: the site counts a row's eldritch forms as the row The owner, 2026-09-26: ""include the eldritch mods""",explained
total_res,pseudo.pseudo_total_resistance,+#% total Resistance,add row,"While a Unique Enemy is in your Presence, #% to Chaos Resistance",1,any,"round three: the site counts a row's eldritch forms as the row The owner, 2026-09-26: ""include the eldritch mods""",explained
total_res,pseudo.pseudo_total_resistance,+#% total Resistance,add row,"While a Pinnacle Atlas Boss is in your Presence, #% to Chaos Resistance",1,any,"round three: the site counts a row's eldritch forms as the row The owner, 2026-09-26: ""include the eldritch mods""",explained
total_str,pseudo.pseudo_total_strength,+# total to Strength,not mimicked,explicit.stat_2543977012,,,"the site leaves this id out; the search counts the line wherever it is displayed. The owner: ""I believe this is a bug. Let's count the mod""",closed
total_int,pseudo.pseudo_total_intelligence,+# total to Intelligence,not mimicked,explicit.stat_2543977012,,,"the site leaves this id out; the search counts the line wherever it is displayed. The owner: ""I believe this is a bug. Let's count the mod""",closed
total_attack_speed,pseudo.pseudo_total_attack_speed,+#% total Attack Speed,add row,"While a Unique Enemy is in your Presence, #% increased Attack Speed",1,any,"c6: ten items of ten show the total with this implicit as their one speed line The owner, 2026-09-26: ""include the eldritch mods""",explained
total_attack_speed,pseudo.pseudo_total_attack_speed,+#% total Attack Speed,add row,"While a Pinnacle Atlas Boss is in your Presence, #% increased Attack Speed",1,any,"d03: 18 found, the ten fetched each showing this implicit as the total The owner, 2026-09-26: ""include the eldritch mods""",explained
total_cast_speed,pseudo.pseudo_total_cast_speed,+#% total Cast Speed,add row,"While a Unique Enemy is in your Presence, #% increased Cast Speed",1,any,"round three: the site counts a row's eldritch forms as the row The owner, 2026-09-26: ""include the eldritch mods""",explained
total_cast_speed,pseudo.pseudo_total_cast_speed,+#% total Cast Speed,add row,"While a Pinnacle Atlas Boss is in your Presence, #% increased Cast Speed",1,any,"round three: the site counts a row's eldritch forms as the row The owner, 2026-09-26: ""include the eldritch mods""",explained
total_increased_phys,pseudo.pseudo_increased_physical_damage,#% total increased Physical Damage,add row,"While a Unique Enemy is in your Presence, #% increased Global Physical Damage",1,any,"round three: the site counts a row's eldritch forms as the row The owner, 2026-09-26: ""include the eldritch mods""",explained
total_increased_phys,pseudo.pseudo_increased_physical_damage,#% total increased Physical Damage,add row,"While a Pinnacle Atlas Boss is in your Presence, #% increased Global Physical Damage",1,any,"round three: the site counts a row's eldritch forms as the row The owner, 2026-09-26: ""include the eldritch mods""",explained
total_spell_crit,pseudo.pseudo_critical_strike_chance_for_spells,+#% total Critical Strike Chance for Spells,add row,"While a Unique Enemy is in your Presence, #% increased Spell Critical Strike Chance",1,any,"round three: the site counts a row's eldritch forms as the row The owner, 2026-09-26: ""include the eldritch mods""",explained
total_spell_crit,pseudo.pseudo_critical_strike_chance_for_spells,+#% total Critical Strike Chance for Spells,add row,"While a Pinnacle Atlas Boss is in your Presence, #% increased Spell Critical Strike Chance",1,any,"round three: the site counts a row's eldritch forms as the row The owner, 2026-09-26: ""include the eldritch mods""",explained
total_skill_gem_levels,pseudo.pseudo_total_additional_skill_gem_levels,+# total to Level of Socketed Skill Gems,not mimicked,# to Level of Socketed Skill Gems,1,any,"e103, f030, f031: the site leaves the pseudo's own text out of it. The owner, 2026-09-26: ""yes, include the socketed skill gems""",closed
adds_physical,pseudo.pseudo_adds_physical_damage,Adds # to # Physical Damage,new total,,,avg,no table ships it; 1 rows below,closed
adds_physical,pseudo.pseudo_adds_physical_damage,Adds # to # Physical Damage,twin,Adds # to # Physical Damage,1,global,"e016, e021, e027, e033: items carrying a weapon's own line show no plain pseudo; the plain pseudo counts the other twin alone",closed
adds_lightning,pseudo.pseudo_adds_lightning_damage,Adds # to # Lightning Damage,new total,,,avg,no table ships it; 1 rows below,closed
adds_lightning,pseudo.pseudo_adds_lightning_damage,Adds # to # Lightning Damage,twin,Adds # to # Lightning Damage,1,global,"e016, e021, e027, e033: items carrying a weapon's own line show no plain pseudo; the plain pseudo counts the other twin alone",closed
adds_cold,pseudo.pseudo_adds_cold_damage,Adds # to # Cold Damage,new total,,,avg,no table ships it; 1 rows below,closed
adds_cold,pseudo.pseudo_adds_cold_damage,Adds # to # Cold Damage,twin,Adds # to # Cold Damage,1,global,"e016, e021, e027, e033: items carrying a weapon's own line show no plain pseudo; the plain pseudo counts the other twin alone",closed
adds_fire,pseudo.pseudo_adds_fire_damage,Adds # to # Fire Damage,new total,,,avg,no table ships it; 1 rows below,closed
adds_fire,pseudo.pseudo_adds_fire_damage,Adds # to # Fire Damage,twin,Adds # to # Fire Damage,1,global,"e016, e021, e027, e033: items carrying a weapon's own line show no plain pseudo; the plain pseudo counts the other twin alone",closed
adds_chaos,pseudo.pseudo_adds_chaos_damage,Adds # to # Chaos Damage,new total,,,avg,no table ships it; 1 rows below,closed
adds_chaos,pseudo.pseudo_adds_chaos_damage,Adds # to # Chaos Damage,twin,Adds # to # Chaos Damage,1,global,"e016, e021, e027, e033: items carrying a weapon's own line show no plain pseudo; the plain pseudo counts the other twin alone",closed
adds_elemental,pseudo.pseudo_adds_elemental_damage,Adds # to # Elemental Damage,new total,,,avg,no table ships it; 3 rows below,closed
adds_elemental,pseudo.pseudo_adds_elemental_damage,Adds # to # Elemental Damage,twin,Adds # to # Fire Damage,1,global,"e016, e021, e027, e033: items carrying a weapon's own line show no plain pseudo; the plain pseudo counts the other twin alone",closed
adds_elemental,pseudo.pseudo_adds_elemental_damage,Adds # to # Elemental Damage,twin,Adds # to # Cold Damage,1,global,"e016, e021, e027, e033: items carrying a weapon's own line show no plain pseudo; the plain pseudo counts the other twin alone",closed
adds_elemental,pseudo.pseudo_adds_elemental_damage,Adds # to # Elemental Damage,twin,Adds # to # Lightning Damage,1,global,"e016, e021, e027, e033: items carrying a weapon's own line show no plain pseudo; the plain pseudo counts the other twin alone",closed
adds_damage,pseudo.pseudo_adds_damage,Adds # to # Damage,new total,,,avg,no table ships it; 5 rows below,closed
adds_damage,pseudo.pseudo_adds_damage,Adds # to # Damage,twin,Adds # to # Physical Damage,1,global,"e016, e021, e027, e033: items carrying a weapon's own line show no plain pseudo; the plain pseudo counts the other twin alone",closed
adds_damage,pseudo.pseudo_adds_damage,Adds # to # Damage,twin,Adds # to # Lightning Damage,1,global,"e016, e021, e027, e033: items carrying a weapon's own line show no plain pseudo; the plain pseudo counts the other twin alone",closed
adds_damage,pseudo.pseudo_adds_damage,Adds # to # Damage,twin,Adds # to # Cold Damage,1,global,"e016, e021, e027, e033: items carrying a weapon's own line show no plain pseudo; the plain pseudo counts the other twin alone",closed
adds_damage,pseudo.pseudo_adds_damage,Adds # to # Damage,twin,Adds # to # Fire Damage,1,global,"e016, e021, e027, e033: items carrying a weapon's own line show no plain pseudo; the plain pseudo counts the other twin alone",closed
adds_damage,pseudo.pseudo_adds_damage,Adds # to # Damage,twin,Adds # to # Chaos Damage,1,global,"e016, e021, e027, e033: items carrying a weapon's own line show no plain pseudo; the plain pseudo counts the other twin alone",closed
adds_physical_to_attacks,pseudo.pseudo_adds_physical_damage_to_attacks,Adds # to # Physical Damage to Attacks,new total,,,avg,no table ships it; 5 rows below,explained
adds_physical_to_attacks,pseudo.pseudo_adds_physical_damage_to_attacks,Adds # to # Physical Damage to Attacks,add row,Adds # to # Physical Damage to Attacks,1,any,the pseudo's own text; no source names a contributor,explained
adds_physical_to_attacks,pseudo.pseudo_adds_physical_damage_to_attacks,Adds # to # Physical Damage to Attacks,twin,Adds # to # Physical Damage,1,local,round two: the items fetched by this pseudo's complete check,explained
adds_physical_to_attacks,pseudo.pseudo_adds_physical_damage_to_attacks,Adds # to # Physical Damage to Attacks,twin,Adds # to # Physical Damage,1,global,round two: the items fetched by this pseudo's complete check,explained
adds_physical_to_attacks,pseudo.pseudo_adds_physical_damage_to_attacks,Adds # to # Physical Damage to Attacks,add row,"While a Unique Enemy is in your Presence, Adds # to # Physical Damage to Attacks",1,any,"round three: the site counts a row's eldritch forms as the row The owner, 2026-09-26: ""include the eldritch mods""",explained
adds_physical_to_attacks,pseudo.pseudo_adds_physical_damage_to_attacks,Adds # to # Physical Damage to Attacks,add row,"While a Pinnacle Atlas Boss is in your Presence, Adds # to # Physical Damage to Attacks",1,any,"round three: the site counts a row's eldritch forms as the row The owner, 2026-09-26: ""include the eldritch mods""",explained
adds_lightning_to_attacks,pseudo.pseudo_adds_lightning_damage_to_attacks,Adds # to # Lightning Damage to Attacks,new total,,,avg,no table ships it; 6 rows below,explained
adds_lightning_to_attacks,pseudo.pseudo_adds_lightning_damage_to_attacks,Adds # to # Lightning Damage to Attacks,add row,Adds # to # Lightning Damage to Attacks,1,any,the pseudo's own text; no source names a contributor,explained
adds_lightning_to_attacks,pseudo.pseudo_adds_lightning_damage_to_attacks,Adds # to # Lightning Damage to Attacks,twin,Adds # to # Lightning Damage,1,local,round two: the items fetched by this pseudo's complete check,explained
adds_lightning_to_attacks,pseudo.pseudo_adds_lightning_damage_to_attacks,Adds # to # Lightning Damage to Attacks,add row,Adds # to # Lightning Damage to Spells and Attacks,1,any,round two: the items fetched by this pseudo's complete check,explained
adds_lightning_to_attacks,pseudo.pseudo_adds_lightning_damage_to_attacks,Adds # to # Lightning Damage to Attacks,twin,Adds # to # Lightning Damage,1,global,round two: the items fetched by this pseudo's complete check,explained
adds_lightning_to_attacks,pseudo.pseudo_adds_lightning_damage_to_attacks,Adds # to # Lightning Damage to Attacks,add row,"While a Unique Enemy is in your Presence, Adds # to # Lightning Damage to Attacks",1,any,"round three: the site counts a row's eldritch forms as the row The owner, 2026-09-26: ""include the eldritch mods""",explained
adds_lightning_to_attacks,pseudo.pseudo_adds_lightning_damage_to_attacks,Adds # to # Lightning Damage to Attacks,add row,"While a Pinnacle Atlas Boss is in your Presence, Adds # to # Lightning Damage to Attacks",1,any,"round three: the site counts a row's eldritch forms as the row The owner, 2026-09-26: ""include the eldritch mods""",explained
adds_cold_to_attacks,pseudo.pseudo_adds_cold_damage_to_attacks,Adds # to # Cold Damage to Attacks,new total,,,avg,no table ships it; 6 rows below,explained
adds_cold_to_attacks,pseudo.pseudo_adds_cold_damage_to_attacks,Adds # to # Cold Damage to Attacks,add row,Adds # to # Cold Damage to Attacks,1,any,the pseudo's own text; no source names a contributor,explained
adds_cold_to_attacks,pseudo.pseudo_adds_cold_damage_to_attacks,Adds # to # Cold Damage to Attacks,twin,Adds # to # Cold Damage,1,local,round two: the items fetched by this pseudo's complete check,explained
adds_cold_to_attacks,pseudo.pseudo_adds_cold_damage_to_attacks,Adds # to # Cold Damage to Attacks,add row,Adds # to # Cold Damage to Spells and Attacks,1,any,round two: the items fetched by this pseudo's complete check,explained
adds_cold_to_attacks,pseudo.pseudo_adds_cold_damage_to_attacks,Adds # to # Cold Damage to Attacks,twin,Adds # to # Cold Damage,1,global,round two: the items fetched by this pseudo's complete check,explained
adds_cold_to_attacks,pseudo.pseudo_adds_cold_damage_to_attacks,Adds # to # Cold Damage to Attacks,add row,"While a Unique Enemy is in your Presence, Adds # to # Cold Damage to Attacks",1,any,"round three: the site counts a row's eldritch forms as the row The owner, 2026-09-26: ""include the eldritch mods""",explained
adds_cold_to_attacks,pseudo.pseudo_adds_cold_damage_to_attacks,Adds # to # Cold Damage to Attacks,add row,"While a Pinnacle Atlas Boss is in your Presence, Adds # to # Cold Damage to Attacks",1,any,"round three: the site counts a row's eldritch forms as the row The owner, 2026-09-26: ""include the eldritch mods""",explained
adds_fire_to_attacks,pseudo.pseudo_adds_fire_damage_to_attacks,Adds # to # Fire Damage to Attacks,new total,,,avg,no table ships it; 6 rows below,explained
adds_fire_to_attacks,pseudo.pseudo_adds_fire_damage_to_attacks,Adds # to # Fire Damage to Attacks,add row,Adds # to # Fire Damage to Attacks,1,any,the pseudo's own text; no source names a contributor,explained
adds_fire_to_attacks,pseudo.pseudo_adds_fire_damage_to_attacks,Adds # to # Fire Damage to Attacks,twin,Adds # to # Fire Damage,1,local,round two: the items fetched by this pseudo's complete check,explained
adds_fire_to_attacks,pseudo.pseudo_adds_fire_damage_to_attacks,Adds # to # Fire Damage to Attacks,add row,Adds # to # Fire Damage to Spells and Attacks,1,any,round two: the items fetched by this pseudo's complete check,explained
adds_fire_to_attacks,pseudo.pseudo_adds_fire_damage_to_attacks,Adds # to # Fire Damage to Attacks,twin,Adds # to # Fire Damage,1,global,round two: the items fetched by this pseudo's complete check,explained
adds_fire_to_attacks,pseudo.pseudo_adds_fire_damage_to_attacks,Adds # to # Fire Damage to Attacks,add row,"While a Unique Enemy is in your Presence, Adds # to # Fire Damage to Attacks",1,any,"round three: the site counts a row's eldritch forms as the row The owner, 2026-09-26: ""include the eldritch mods""",explained
adds_fire_to_attacks,pseudo.pseudo_adds_fire_damage_to_attacks,Adds # to # Fire Damage to Attacks,add row,"While a Pinnacle Atlas Boss is in your Presence, Adds # to # Fire Damage to Attacks",1,any,"round three: the site counts a row's eldritch forms as the row The owner, 2026-09-26: ""include the eldritch mods""",explained
adds_chaos_to_attacks,pseudo.pseudo_adds_chaos_damage_to_attacks,Adds # to # Chaos Damage to Attacks,new total,,,avg,no table ships it; 5 rows below,explained
adds_chaos_to_attacks,pseudo.pseudo_adds_chaos_damage_to_attacks,Adds # to # Chaos Damage to Attacks,add row,Adds # to # Chaos Damage to Attacks,1,any,the pseudo's own text; no source names a contributor,explained
adds_chaos_to_attacks,pseudo.pseudo_adds_chaos_damage_to_attacks,Adds # to # Chaos Damage to Attacks,twin,Adds # to # Chaos Damage,1,local,round two: the items fetched by this pseudo's complete check,explained
adds_chaos_to_attacks,pseudo.pseudo_adds_chaos_damage_to_attacks,Adds # to # Chaos Damage to Attacks,twin,Adds # to # Chaos Damage,1,global,round two: the items fetched by this pseudo's complete check,explained
adds_chaos_to_attacks,pseudo.pseudo_adds_chaos_damage_to_attacks,Adds # to # Chaos Damage to Attacks,add row,"While a Unique Enemy is in your Presence, Adds # to # Chaos Damage to Attacks",1,any,"round three: the site counts a row's eldritch forms as the row The owner, 2026-09-26: ""include the eldritch mods""",explained
adds_chaos_to_attacks,pseudo.pseudo_adds_chaos_damage_to_attacks,Adds # to # Chaos Damage to Attacks,add row,"While a Pinnacle Atlas Boss is in your Presence, Adds # to # Chaos Damage to Attacks",1,any,"round three: the site counts a row's eldritch forms as the row The owner, 2026-09-26: ""include the eldritch mods""",explained
adds_elemental_to_attacks,pseudo.pseudo_adds_elemental_damage_to_attacks,Adds # to # Elemental Damage to Attacks,new total,,,avg,no table ships it; 18 rows below,explained
adds_elemental_to_attacks,pseudo.pseudo_adds_elemental_damage_to_attacks,Adds # to # Elemental Damage to Attacks,add row,Adds # to # Fire Damage to Attacks,1,any,round two: an aggregate is its types' rows together,explained
adds_elemental_to_attacks,pseudo.pseudo_adds_elemental_damage_to_attacks,Adds # to # Elemental Damage to Attacks,twin,Adds # to # Fire Damage,1,local,round two: an aggregate is its types' rows together,explained
adds_elemental_to_attacks,pseudo.pseudo_adds_elemental_damage_to_attacks,Adds # to # Elemental Damage to Attacks,add row,Adds # to # Fire Damage to Spells and Attacks,1,any,round two: an aggregate is its types' rows together,explained
adds_elemental_to_attacks,pseudo.pseudo_adds_elemental_damage_to_attacks,Adds # to # Elemental Damage to Attacks,twin,Adds # to # Fire Damage,1,global,round two: an aggregate is its types' rows together,explained
adds_elemental_to_attacks,pseudo.pseudo_adds_elemental_damage_to_attacks,Adds # to # Elemental Damage to Attacks,add row,Adds # to # Cold Damage to Attacks,1,any,round two: an aggregate is its types' rows together,explained
adds_elemental_to_attacks,pseudo.pseudo_adds_elemental_damage_to_attacks,Adds # to # Elemental Damage to Attacks,twin,Adds # to # Cold Damage,1,local,round two: an aggregate is its types' rows together,explained
adds_elemental_to_attacks,pseudo.pseudo_adds_elemental_damage_to_attacks,Adds # to # Elemental Damage to Attacks,add row,Adds # to # Cold Damage to Spells and Attacks,1,any,round two: an aggregate is its types' rows together,explained
adds_elemental_to_attacks,pseudo.pseudo_adds_elemental_damage_to_attacks,Adds # to # Elemental Damage to Attacks,twin,Adds # to # Cold Damage,1,global,round two: an aggregate is its types' rows together,explained
adds_elemental_to_attacks,pseudo.pseudo_adds_elemental_damage_to_attacks,Adds # to # Elemental Damage to Attacks,add row,Adds # to # Lightning Damage to Attacks,1,any,round two: an aggregate is its types' rows together,explained
adds_elemental_to_attacks,pseudo.pseudo_adds_elemental_damage_to_attacks,Adds # to # Elemental Damage to Attacks,twin,Adds # to # Lightning Damage,1,local,round two: an aggregate is its types' rows together,explained
adds_elemental_to_attacks,pseudo.pseudo_adds_elemental_damage_to_attacks,Adds # to # Elemental Damage to Attacks,add row,Adds # to # Lightning Damage to Spells and Attacks,1,any,round two: an aggregate is its types' rows together,explained
adds_elemental_to_attacks,pseudo.pseudo_adds_elemental_damage_to_attacks,Adds # to # Elemental Damage to Attacks,twin,Adds # to # Lightning Damage,1,global,round two: an aggregate is its types' rows together,explained
adds_elemental_to_attacks,pseudo.pseudo_adds_elemental_damage_to_attacks,Adds # to # Elemental Damage to Attacks,add row,"While a Unique Enemy is in your Presence, Adds # to # Fire Damage to Attacks",1,any,"round three: the site counts a row's eldritch forms as the row The owner, 2026-09-26: ""include the eldritch mods""",explained
adds_elemental_to_attacks,pseudo.pseudo_adds_elemental_damage_to_attacks,Adds # to # Elemental Damage to Attacks,add row,"While a Pinnacle Atlas Boss is in your Presence, Adds # to # Fire Damage to Attacks",1,any,"round three: the site counts a row's eldritch forms as the row The owner, 2026-09-26: ""include the eldritch mods""",explained
adds_elemental_to_attacks,pseudo.pseudo_adds_elemental_damage_to_attacks,Adds # to # Elemental Damage to Attacks,add row,"While a Unique Enemy is in your Presence, Adds # to # Cold Damage to Attacks",1,any,"round three: the site counts a row's eldritch forms as the row The owner, 2026-09-26: ""include the eldritch mods""",explained
adds_elemental_to_attacks,pseudo.pseudo_adds_elemental_damage_to_attacks,Adds # to # Elemental Damage to Attacks,add row,"While a Pinnacle Atlas Boss is in your Presence, Adds # to # Cold Damage to Attacks",1,any,"round three: the site counts a row's eldritch forms as the row The owner, 2026-09-26: ""include the eldritch mods""",explained
adds_elemental_to_attacks,pseudo.pseudo_adds_elemental_damage_to_attacks,Adds # to # Elemental Damage to Attacks,add row,"While a Unique Enemy is in your Presence, Adds # to # Lightning Damage to Attacks",1,any,"round three: the site counts a row's eldritch forms as the row The owner, 2026-09-26: ""include the eldritch mods""",explained
adds_elemental_to_attacks,pseudo.pseudo_adds_elemental_damage_to_attacks,Adds # to # Elemental Damage to Attacks,add row,"While a Pinnacle Atlas Boss is in your Presence, Adds # to # Lightning Damage to Attacks",1,any,"round three: the site counts a row's eldritch forms as the row The owner, 2026-09-26: ""include the eldritch mods""",explained
adds_damage_to_attacks,pseudo.pseudo_adds_damage_to_attacks,Adds # to # Damage to Attacks,new total,,,avg,no table ships it; 28 rows below,explained
adds_damage_to_attacks,pseudo.pseudo_adds_damage_to_attacks,Adds # to # Damage to Attacks,add row,Adds # to # Physical Damage to Attacks,1,any,round two: an aggregate is its types' rows together,explained
adds_damage_to_attacks,pseudo.pseudo_adds_damage_to_attacks,Adds # to # Damage to Attacks,twin,Adds # to # Physical Damage,1,local,round two: an aggregate is its types' rows together,explained
adds_damage_to_attacks,pseudo.pseudo_adds_damage_to_attacks,Adds # to # Damage to Attacks,twin,Adds # to # Physical Damage,1,global,round two: an aggregate is its types' rows together,explained
adds_damage_to_attacks,pseudo.pseudo_adds_damage_to_attacks,Adds # to # Damage to Attacks,add row,Adds # to # Lightning Damage to Attacks,1,any,round two: an aggregate is its types' rows together,explained
adds_damage_to_attacks,pseudo.pseudo_adds_damage_to_attacks,Adds # to # Damage to Attacks,twin,Adds # to # Lightning Damage,1,local,round two: an aggregate is its types' rows together,explained
adds_damage_to_attacks,pseudo.pseudo_adds_damage_to_attacks,Adds # to # Damage to Attacks,add row,Adds # to # Lightning Damage to Spells and Attacks,1,any,round two: an aggregate is its types' rows together,explained
adds_damage_to_attacks,pseudo.pseudo_adds_damage_to_attacks,Adds # to # Damage to Attacks,twin,Adds # to # Lightning Damage,1,global,round two: an aggregate is its types' rows together,explained
adds_damage_to_attacks,pseudo.pseudo_adds_damage_to_attacks,Adds # to # Damage to Attacks,add row,Adds # to # Cold Damage to Attacks,1,any,round two: an aggregate is its types' rows together,explained
adds_damage_to_attacks,pseudo.pseudo_adds_damage_to_attacks,Adds # to # Damage to Attacks,twin,Adds # to # Cold Damage,1,local,round two: an aggregate is its types' rows together,explained
adds_damage_to_attacks,pseudo.pseudo_adds_damage_to_attacks,Adds # to # Damage to Attacks,add row,Adds # to # Cold Damage to Spells and Attacks,1,any,round two: an aggregate is its types' rows together,explained
adds_damage_to_attacks,pseudo.pseudo_adds_damage_to_attacks,Adds # to # Damage to Attacks,twin,Adds # to # Cold Damage,1,global,round two: an aggregate is its types' rows together,explained
adds_damage_to_attacks,pseudo.pseudo_adds_damage_to_attacks,Adds # to # Damage to Attacks,add row,Adds # to # Fire Damage to Attacks,1,any,round two: an aggregate is its types' rows together,explained
adds_damage_to_attacks,pseudo.pseudo_adds_damage_to_attacks,Adds # to # Damage to Attacks,twin,Adds # to # Fire Damage,1,local,round two: an aggregate is its types' rows together,explained
adds_damage_to_attacks,pseudo.pseudo_adds_damage_to_attacks,Adds # to # Damage to Attacks,add row,Adds # to # Fire Damage to Spells and Attacks,1,any,round two: an aggregate is its types' rows together,explained
adds_damage_to_attacks,pseudo.pseudo_adds_damage_to_attacks,Adds # to # Damage to Attacks,twin,Adds # to # Fire Damage,1,global,round two: an aggregate is its types' rows together,explained
adds_damage_to_attacks,pseudo.pseudo_adds_damage_to_attacks,Adds # to # Damage to Attacks,add row,Adds # to # Chaos Damage to Attacks,1,any,round two: an aggregate is its types' rows together,explained
adds_damage_to_attacks,pseudo.pseudo_adds_damage_to_attacks,Adds # to # Damage to Attacks,twin,Adds # to # Chaos Damage,1,local,round two: an aggregate is its types' rows together,explained
adds_damage_to_attacks,pseudo.pseudo_adds_damage_to_attacks,Adds # to # Damage to Attacks,twin,Adds # to # Chaos Damage,1,global,round two: an aggregate is its types' rows together,explained
adds_damage_to_attacks,pseudo.pseudo_adds_damage_to_attacks,Adds # to # Damage to Attacks,add row,"While a Unique Enemy is in your Presence, Adds # to # Physical Damage to Attacks",1,any,"round three: the site counts a row's eldritch forms as the row The owner, 2026-09-26: ""include the eldritch mods""",explained
adds_damage_to_attacks,pseudo.pseudo_adds_damage_to_attacks,Adds # to # Damage to Attacks,add row,"While a Pinnacle Atlas Boss is in your Presence, Adds # to # Physical Damage to Attacks",1,any,"round three: the site counts a row's eldritch forms as the row The owner, 2026-09-26: ""include the eldritch mods""",explained
adds_damage_to_attacks,pseudo.pseudo_adds_damage_to_attacks,Adds # to # Damage to Attacks,add row,"While a Unique Enemy is in your Presence, Adds # to # Lightning Damage to Attacks",1,any,"round three: the site counts a row's eldritch forms as the row The owner, 2026-09-26: ""include the eldritch mods""",explained
adds_damage_to_attacks,pseudo.pseudo_adds_damage_to_attacks,Adds # to # Damage to Attacks,add row,"While a Pinnacle Atlas Boss is in your Presence, Adds # to # Lightning Damage to Attacks",1,any,"round three: the site counts a row's eldritch forms as the row The owner, 2026-09-26: ""include the eldritch mods""",explained
adds_damage_to_attacks,pseudo.pseudo_adds_damage_to_attacks,Adds # to # Damage to Attacks,add row,"While a Unique Enemy is in your Presence, Adds # to # Cold Damage to Attacks",1,any,"round three: the site counts a row's eldritch forms as the row The owner, 2026-09-26: ""include the eldritch mods""",explained
adds_damage_to_attacks,pseudo.pseudo_adds_damage_to_attacks,Adds # to # Damage to Attacks,add row,"While a Pinnacle Atlas Boss is in your Presence, Adds # to # Cold Damage to Attacks",1,any,"round three: the site counts a row's eldritch forms as the row The owner, 2026-09-26: ""include the eldritch mods""",explained
adds_damage_to_attacks,pseudo.pseudo_adds_damage_to_attacks,Adds # to # Damage to Attacks,add row,"While a Unique Enemy is in your Presence, Adds # to # Fire Damage to Attacks",1,any,"round three: the site counts a row's eldritch forms as the row The owner, 2026-09-26: ""include the eldritch mods""",explained
adds_damage_to_attacks,pseudo.pseudo_adds_damage_to_attacks,Adds # to # Damage to Attacks,add row,"While a Pinnacle Atlas Boss is in your Presence, Adds # to # Fire Damage to Attacks",1,any,"round three: the site counts a row's eldritch forms as the row The owner, 2026-09-26: ""include the eldritch mods""",explained
adds_damage_to_attacks,pseudo.pseudo_adds_damage_to_attacks,Adds # to # Damage to Attacks,add row,"While a Unique Enemy is in your Presence, Adds # to # Chaos Damage to Attacks",1,any,"round three: the site counts a row's eldritch forms as the row The owner, 2026-09-26: ""include the eldritch mods""",explained
adds_damage_to_attacks,pseudo.pseudo_adds_damage_to_attacks,Adds # to # Damage to Attacks,add row,"While a Pinnacle Atlas Boss is in your Presence, Adds # to # Chaos Damage to Attacks",1,any,"round three: the site counts a row's eldritch forms as the row The owner, 2026-09-26: ""include the eldritch mods""",explained
adds_physical_to_spells,pseudo.pseudo_adds_physical_damage_to_spells,Adds # to # Physical Damage to Spells,new total,,,avg,no table ships it; 4 rows below,explained
adds_physical_to_spells,pseudo.pseudo_adds_physical_damage_to_spells,Adds # to # Physical Damage to Spells,add row,Adds # to # Physical Damage to Spells,1,any,the pseudo's own text; no source names a contributor,explained
adds_physical_to_spells,pseudo.pseudo_adds_physical_damage_to_spells,Adds # to # Physical Damage to Spells,twin,Adds # to # Physical Damage,1,global,round two: the items fetched by this pseudo's complete check,explained
adds_physical_to_spells,pseudo.pseudo_adds_physical_damage_to_spells,Adds # to # Physical Damage to Spells,add row,"While a Unique Enemy is in your Presence, Adds # to # Physical Damage to Spells",1,any,"round three: the site counts a row's eldritch forms as the row The owner, 2026-09-26: ""include the eldritch mods""",explained
adds_physical_to_spells,pseudo.pseudo_adds_physical_damage_to_spells,Adds # to # Physical Damage to Spells,add row,"While a Pinnacle Atlas Boss is in your Presence, Adds # to # Physical Damage to Spells",1,any,"round three: the site counts a row's eldritch forms as the row The owner, 2026-09-26: ""include the eldritch mods""",explained
adds_lightning_to_spells,pseudo.pseudo_adds_lightning_damage_to_spells,Adds # to # Lightning Damage to Spells,new total,,,avg,no table ships it; 5 rows below,explained
adds_lightning_to_spells,pseudo.pseudo_adds_lightning_damage_to_spells,Adds # to # Lightning Damage to Spells,add row,Adds # to # Lightning Damage to Spells,1,any,the pseudo's own text; no source names a contributor,explained
adds_lightning_to_spells,pseudo.pseudo_adds_lightning_damage_to_spells,Adds # to # Lightning Damage to Spells,twin,Adds # to # Lightning Damage,1,global,round two: the items fetched by this pseudo's complete check,explained
adds_lightning_to_spells,pseudo.pseudo_adds_lightning_damage_to_spells,Adds # to # Lightning Damage to Spells,add row,Adds # to # Lightning Damage to Spells and Attacks,1,any,round two: the items fetched by this pseudo's complete check,explained
adds_lightning_to_spells,pseudo.pseudo_adds_lightning_damage_to_spells,Adds # to # Lightning Damage to Spells,add row,"While a Unique Enemy is in your Presence, Adds # to # Lightning Damage to Spells",1,any,"round three: the site counts a row's eldritch forms as the row The owner, 2026-09-26: ""include the eldritch mods""",explained
adds_lightning_to_spells,pseudo.pseudo_adds_lightning_damage_to_spells,Adds # to # Lightning Damage to Spells,add row,"While a Pinnacle Atlas Boss is in your Presence, Adds # to # Lightning Damage to Spells",1,any,"round three: the site counts a row's eldritch forms as the row The owner, 2026-09-26: ""include the eldritch mods""",explained
adds_cold_to_spells,pseudo.pseudo_adds_cold_damage_to_spells,Adds # to # Cold Damage to Spells,new total,,,avg,no table ships it; 5 rows below,explained
adds_cold_to_spells,pseudo.pseudo_adds_cold_damage_to_spells,Adds # to # Cold Damage to Spells,add row,Adds # to # Cold Damage to Spells,1,any,the pseudo's own text; no source names a contributor,explained
adds_cold_to_spells,pseudo.pseudo_adds_cold_damage_to_spells,Adds # to # Cold Damage to Spells,twin,Adds # to # Cold Damage,1,global,round two: the items fetched by this pseudo's complete check,explained
adds_cold_to_spells,pseudo.pseudo_adds_cold_damage_to_spells,Adds # to # Cold Damage to Spells,add row,Adds # to # Cold Damage to Spells and Attacks,1,any,round two: the items fetched by this pseudo's complete check,explained
adds_cold_to_spells,pseudo.pseudo_adds_cold_damage_to_spells,Adds # to # Cold Damage to Spells,add row,"While a Unique Enemy is in your Presence, Adds # to # Cold Damage to Spells",1,any,"round three: the site counts a row's eldritch forms as the row The owner, 2026-09-26: ""include the eldritch mods""",explained
adds_cold_to_spells,pseudo.pseudo_adds_cold_damage_to_spells,Adds # to # Cold Damage to Spells,add row,"While a Pinnacle Atlas Boss is in your Presence, Adds # to # Cold Damage to Spells",1,any,"round three: the site counts a row's eldritch forms as the row The owner, 2026-09-26: ""include the eldritch mods""",explained
adds_fire_to_spells,pseudo.pseudo_adds_fire_damage_to_spells,Adds # to # Fire Damage to Spells,new total,,,avg,no table ships it; 5 rows below,explained
adds_fire_to_spells,pseudo.pseudo_adds_fire_damage_to_spells,Adds # to # Fire Damage to Spells,add row,Adds # to # Fire Damage to Spells,1,any,the pseudo's own text; no source names a contributor,explained
adds_fire_to_spells,pseudo.pseudo_adds_fire_damage_to_spells,Adds # to # Fire Damage to Spells,twin,Adds # to # Fire Damage,1,global,round two: the items fetched by this pseudo's complete check,explained
adds_fire_to_spells,pseudo.pseudo_adds_fire_damage_to_spells,Adds # to # Fire Damage to Spells,add row,Adds # to # Fire Damage to Spells and Attacks,1,any,round two: the items fetched by this pseudo's complete check,explained
adds_fire_to_spells,pseudo.pseudo_adds_fire_damage_to_spells,Adds # to # Fire Damage to Spells,add row,"While a Unique Enemy is in your Presence, Adds # to # Fire Damage to Spells",1,any,"round three: the site counts a row's eldritch forms as the row The owner, 2026-09-26: ""include the eldritch mods""",explained
adds_fire_to_spells,pseudo.pseudo_adds_fire_damage_to_spells,Adds # to # Fire Damage to Spells,add row,"While a Pinnacle Atlas Boss is in your Presence, Adds # to # Fire Damage to Spells",1,any,"round three: the site counts a row's eldritch forms as the row The owner, 2026-09-26: ""include the eldritch mods""",explained
adds_chaos_to_spells,pseudo.pseudo_adds_chaos_damage_to_spells,Adds # to # Chaos Damage to Spells,new total,,,avg,no table ships it; 4 rows below,explained
adds_chaos_to_spells,pseudo.pseudo_adds_chaos_damage_to_spells,Adds # to # Chaos Damage to Spells,add row,Adds # to # Chaos Damage to Spells,1,any,the pseudo's own text; no source names a contributor,explained
adds_chaos_to_spells,pseudo.pseudo_adds_chaos_damage_to_spells,Adds # to # Chaos Damage to Spells,twin,Adds # to # Chaos Damage,1,global,round two: the items fetched by this pseudo's complete check,explained
adds_chaos_to_spells,pseudo.pseudo_adds_chaos_damage_to_spells,Adds # to # Chaos Damage to Spells,add row,"While a Unique Enemy is in your Presence, Adds # to # Chaos Damage to Spells",1,any,"round three: the site counts a row's eldritch forms as the row The owner, 2026-09-26: ""include the eldritch mods""",explained
adds_chaos_to_spells,pseudo.pseudo_adds_chaos_damage_to_spells,Adds # to # Chaos Damage to Spells,add row,"While a Pinnacle Atlas Boss is in your Presence, Adds # to # Chaos Damage to Spells",1,any,"round three: the site counts a row's eldritch forms as the row The owner, 2026-09-26: ""include the eldritch mods""",explained
adds_elemental_to_spells,pseudo.pseudo_adds_elemental_damage_to_spells,Adds # to # Elemental Damage to Spells,new total,,,avg,no table ships it; 15 rows below,explained
adds_elemental_to_spells,pseudo.pseudo_adds_elemental_damage_to_spells,Adds # to # Elemental Damage to Spells,add row,Adds # to # Fire Damage to Spells,1,any,round two: an aggregate is its types' rows together,explained
adds_elemental_to_spells,pseudo.pseudo_adds_elemental_damage_to_spells,Adds # to # Elemental Damage to Spells,twin,Adds # to # Fire Damage,1,global,round two: an aggregate is its types' rows together,explained
adds_elemental_to_spells,pseudo.pseudo_adds_elemental_damage_to_spells,Adds # to # Elemental Damage to Spells,add row,Adds # to # Fire Damage to Spells and Attacks,1,any,round two: an aggregate is its types' rows together,explained
adds_elemental_to_spells,pseudo.pseudo_adds_elemental_damage_to_spells,Adds # to # Elemental Damage to Spells,add row,Adds # to # Cold Damage to Spells,1,any,round two: an aggregate is its types' rows together,explained
adds_elemental_to_spells,pseudo.pseudo_adds_elemental_damage_to_spells,Adds # to # Elemental Damage to Spells,twin,Adds # to # Cold Damage,1,global,round two: an aggregate is its types' rows together,explained
adds_elemental_to_spells,pseudo.pseudo_adds_elemental_damage_to_spells,Adds # to # Elemental Damage to Spells,add row,Adds # to # Cold Damage to Spells and Attacks,1,any,round two: an aggregate is its types' rows together,explained
adds_elemental_to_spells,pseudo.pseudo_adds_elemental_damage_to_spells,Adds # to # Elemental Damage to Spells,add row,Adds # to # Lightning Damage to Spells,1,any,round two: an aggregate is its types' rows together,explained
adds_elemental_to_spells,pseudo.pseudo_adds_elemental_damage_to_spells,Adds # to # Elemental Damage to Spells,twin,Adds # to # Lightning Damage,1,global,round two: an aggregate is its types' rows together,explained
adds_elemental_to_spells,pseudo.pseudo_adds_elemental_damage_to_spells,Adds # to # Elemental Damage to Spells,add row,Adds # to # Lightning Damage to Spells and Attacks,1,any,round two: an aggregate is its types' rows together,explained
adds_elemental_to_spells,pseudo.pseudo_adds_elemental_damage_to_spells,Adds # to # Elemental Damage to Spells,add row,"While a Unique Enemy is in your Presence, Adds # to # Fire Damage to Spells",1,any,"round three: the site counts a row's eldritch forms as the row The owner, 2026-09-26: ""include the eldritch mods""",explained
adds_elemental_to_spells,pseudo.pseudo_adds_elemental_damage_to_spells,Adds # to # Elemental Damage to Spells,add row,"While a Pinnacle Atlas Boss is in your Presence, Adds # to # Fire Damage to Spells",1,any,"round three: the site counts a row's eldritch forms as the row The owner, 2026-09-26: ""include the eldritch mods""",explained
adds_elemental_to_spells,pseudo.pseudo_adds_elemental_damage_to_spells,Adds # to # Elemental Damage to Spells,add row,"While a Unique Enemy is in your Presence, Adds # to # Cold Damage to Spells",1,any,"round three: the site counts a row's eldritch forms as the row The owner, 2026-09-26: ""include the eldritch mods""",explained
adds_elemental_to_spells,pseudo.pseudo_adds_elemental_damage_to_spells,Adds # to # Elemental Damage to Spells,add row,"While a Pinnacle Atlas Boss is in your Presence, Adds # to # Cold Damage to Spells",1,any,"round three: the site counts a row's eldritch forms as the row The owner, 2026-09-26: ""include the eldritch mods""",explained
adds_elemental_to_spells,pseudo.pseudo_adds_elemental_damage_to_spells,Adds # to # Elemental Damage to Spells,add row,"While a Unique Enemy is in your Presence, Adds # to # Lightning Damage to Spells",1,any,"round three: the site counts a row's eldritch forms as the row The owner, 2026-09-26: ""include the eldritch mods""",explained
adds_elemental_to_spells,pseudo.pseudo_adds_elemental_damage_to_spells,Adds # to # Elemental Damage to Spells,add row,"While a Pinnacle Atlas Boss is in your Presence, Adds # to # Lightning Damage to Spells",1,any,"round three: the site counts a row's eldritch forms as the row The owner, 2026-09-26: ""include the eldritch mods""",explained
adds_damage_to_spells,pseudo.pseudo_adds_damage_to_spells,Adds # to # Damage to Spells,new total,,,avg,no table ships it; 23 rows below,explained
adds_damage_to_spells,pseudo.pseudo_adds_damage_to_spells,Adds # to # Damage to Spells,add row,Adds # to # Physical Damage to Spells,1,any,round two: an aggregate is its types' rows together,explained
adds_damage_to_spells,pseudo.pseudo_adds_damage_to_spells,Adds # to # Damage to Spells,twin,Adds # to # Physical Damage,1,global,round two: an aggregate is its types' rows together,explained
adds_damage_to_spells,pseudo.pseudo_adds_damage_to_spells,Adds # to # Damage to Spells,add row,Adds # to # Lightning Damage to Spells,1,any,round two: an aggregate is its types' rows together,explained
adds_damage_to_spells,pseudo.pseudo_adds_damage_to_spells,Adds # to # Damage to Spells,twin,Adds # to # Lightning Damage,1,global,round two: an aggregate is its types' rows together,explained
adds_damage_to_spells,pseudo.pseudo_adds_damage_to_spells,Adds # to # Damage to Spells,add row,Adds # to # Lightning Damage to Spells and Attacks,1,any,round two: an aggregate is its types' rows together,explained
adds_damage_to_spells,pseudo.pseudo_adds_damage_to_spells,Adds # to # Damage to Spells,add row,Adds # to # Cold Damage to Spells,1,any,round two: an aggregate is its types' rows together,explained
adds_damage_to_spells,pseudo.pseudo_adds_damage_to_spells,Adds # to # Damage to Spells,twin,Adds # to # Cold Damage,1,global,round two: an aggregate is its types' rows together,explained
adds_damage_to_spells,pseudo.pseudo_adds_damage_to_spells,Adds # to # Damage to Spells,add row,Adds # to # Cold Damage to Spells and Attacks,1,any,round two: an aggregate is its types' rows together,explained
adds_damage_to_spells,pseudo.pseudo_adds_damage_to_spells,Adds # to # Damage to Spells,add row,Adds # to # Fire Damage to Spells,1,any,round two: an aggregate is its types' rows together,explained
adds_damage_to_spells,pseudo.pseudo_adds_damage_to_spells,Adds # to # Damage to Spells,twin,Adds # to # Fire Damage,1,global,round two: an aggregate is its types' rows together,explained
adds_damage_to_spells,pseudo.pseudo_adds_damage_to_spells,Adds # to # Damage to Spells,add row,Adds # to # Fire Damage to Spells and Attacks,1,any,round two: an aggregate is its types' rows together,explained
adds_damage_to_spells,pseudo.pseudo_adds_damage_to_spells,Adds # to # Damage to Spells,add row,Adds # to # Chaos Damage to Spells,1,any,round two: an aggregate is its types' rows together,explained
adds_damage_to_spells,pseudo.pseudo_adds_damage_to_spells,Adds # to # Damage to Spells,twin,Adds # to # Chaos Damage,1,global,round two: an aggregate is its types' rows together,explained
adds_damage_to_spells,pseudo.pseudo_adds_damage_to_spells,Adds # to # Damage to Spells,add row,"While a Unique Enemy is in your Presence, Adds # to # Physical Damage to Spells",1,any,"round three: the site counts a row's eldritch forms as the row The owner, 2026-09-26: ""include the eldritch mods""",explained
adds_damage_to_spells,pseudo.pseudo_adds_damage_to_spells,Adds # to # Damage to Spells,add row,"While a Pinnacle Atlas Boss is in your Presence, Adds # to # Physical Damage to Spells",1,any,"round three: the site counts a row's eldritch forms as the row The owner, 2026-09-26: ""include the eldritch mods""",explained
adds_damage_to_spells,pseudo.pseudo_adds_damage_to_spells,Adds # to # Damage to Spells,add row,"While a Unique Enemy is in your Presence, Adds # to # Lightning Damage to Spells",1,any,"round three: the site counts a row's eldritch forms as the row The owner, 2026-09-26: ""include the eldritch mods""",explained
adds_damage_to_spells,pseudo.pseudo_adds_damage_to_spells,Adds # to # Damage to Spells,add row,"While a Pinnacle Atlas Boss is in your Presence, Adds # to # Lightning Damage to Spells",1,any,"round three: the site counts a row's eldritch forms as the row The owner, 2026-09-26: ""include the eldritch mods""",explained
adds_damage_to_spells,pseudo.pseudo_adds_damage_to_spells,Adds # to # Damage to Spells,add row,"While a Unique Enemy is in your Presence, Adds # to # Cold Damage to Spells",1,any,"round three: the site counts a row's eldritch forms as the row The owner, 2026-09-26: ""include the eldritch mods""",explained
adds_damage_to_spells,pseudo.pseudo_adds_damage_to_spells,Adds # to # Damage to Spells,add row,"While a Pinnacle Atlas Boss is in your Presence, Adds # to # Cold Damage to Spells",1,any,"round three: the site counts a row's eldritch forms as the row The owner, 2026-09-26: ""include the eldritch mods""",explained
adds_damage_to_spells,pseudo.pseudo_adds_damage_to_spells,Adds # to # Damage to Spells,add row,"While a Unique Enemy is in your Presence, Adds # to # Fire Damage to Spells",1,any,"round three: the site counts a row's eldritch forms as the row The owner, 2026-09-26: ""include the eldritch mods""",explained
adds_damage_to_spells,pseudo.pseudo_adds_damage_to_spells,Adds # to # Damage to Spells,add row,"While a Pinnacle Atlas Boss is in your Presence, Adds # to # Fire Damage to Spells",1,any,"round three: the site counts a row's eldritch forms as the row The owner, 2026-09-26: ""include the eldritch mods""",explained
adds_damage_to_spells,pseudo.pseudo_adds_damage_to_spells,Adds # to # Damage to Spells,add row,"While a Unique Enemy is in your Presence, Adds # to # Chaos Damage to Spells",1,any,"round three: the site counts a row's eldritch forms as the row The owner, 2026-09-26: ""include the eldritch mods""",explained
adds_damage_to_spells,pseudo.pseudo_adds_damage_to_spells,Adds # to # Damage to Spells,add row,"While a Pinnacle Atlas Boss is in your Presence, Adds # to # Chaos Damage to Spells",1,any,"round three: the site counts a row's eldritch forms as the row The owner, 2026-09-26: ""include the eldritch mods""",explained
total_life,pseudo.pseudo_total_life,+# total maximum Life,new total,,,slot,no table ships it; 5 rows below,closed
total_life,pseudo.pseudo_total_life,+# total maximum Life,add row,# to maximum Life,1,any,"q4 (life, Strength); p1 (the hybrid attribute lines); c1 found no item outside them",closed
total_life,pseudo.pseudo_total_life,+# total maximum Life,add row,# to Strength,0.5,any,"q4 (life, Strength); p1 (the hybrid attribute lines); c1 found no item outside them",closed
total_life,pseudo.pseudo_total_life,+# total maximum Life,add row,# to Strength and Dexterity,0.5,any,"q4 (life, Strength); p1 (the hybrid attribute lines); c1 found no item outside them",closed
total_life,pseudo.pseudo_total_life,+# total maximum Life,add row,# to Strength and Intelligence,0.5,any,"q4 (life, Strength); p1 (the hybrid attribute lines); c1 found no item outside them",closed
total_life,pseudo.pseudo_total_life,+# total maximum Life,add row,# to all Attributes,0.5,any,"q4 (life, Strength); p1 (the hybrid attribute lines); c1 found no item outside them",closed
total_life,pseudo.pseudo_total_life,+# total maximum Life,not mimicked,explicit.stat_2543977012,,,"the site leaves this id out; the search counts the line wherever it is displayed. The owner: ""I believe this is a bug. Let's count the mod""",closed
