# generated by scripts/census.py from raw/spike-GERWARIC_7694-2026-09-13.db, raw/cpp-userstore-GERWARIC_7694-2026-09-13.db, ../trade-query/data/items-2026-09-12.json
frameTypeId,icon_dir,trade_category_by_baseType,items,example
Currency,Maps/UltimatumTrialBase,map,554, / Inscribed Ultimatum
Currency,Currency/Essence,currency,326, / Screaming Essence of Spite
Currency,Currency/Sanctum,sanctum,244, / Forbidden Tome
Currency,Currency/Scarabs,currency,165, / Veiled Scarab
Currency,Currency/Incubation,currency,105, / Foreboding Incubator
Currency,Currency/Azmeri,currency,86, / Omen of Amelioration
Currency,Currency/Delve,currency,70, / Pristine Fossil
Currency,Currency/Oils,currency,57, / Verdant Oil
Currency,Currency/Chayula,wombgift,50, / Ancient Wombgift
Currency,Currency/Ancestors,currency,44, / Tattoo of the Tukohama Shaman
Currency,Currency/CurrencyIdentification,currency,38, / Scroll of Wisdom
Currency,Currency/CurrencyPortal,currency,33, / Portal Scroll
Currency,Currency/Catalysts,currency,32, / Tainted Catalyst
Currency,Currency/Delirium,currency,32, / Jeweller's Delirium Orb
Currency,Currency/Atlas,currency,21, / Templar Astrolabe
Currency,Currency/Breach,currency,20, / Splinter of Tul
Currency,Currency/ScoutingReport,currency,20, / Influenced Scouting Report
Currency,Currency/Harvest,currency,19, / Vivid Crystallised Lifeforce
Currency,Currency/Heist,currency,13, / Rogue's Marker
Currency,Currency/Deepwater,currency,11, / Brinehook's Ducat
Currency,Currency/Hellscape,currency,11, / Tainted Chaos Orb
Currency,Currency/CurrencyRerollSocketLinks,currency,9, / Orb of Fusing
Currency,Currency/CurrencyUpgradeRandomly,currency,9, / Orb of Chance
Currency,Currency/CurrencyRerollSocketColours,currency,8, / Chromatic Orb
Currency,Currency/CurrencyRerollSocketNumbers,currency,8, / Jeweller's Orb
Currency,Currency/CurrencyUpgradeToMagic,currency,8, / Orb of Transmutation
Currency,Currency/CurrencyAddModToMagic,currency,7, / Orb of Augmentation
Currency,Currency/CurrencyRerollMagic,currency,7, / Orb of Alteration
Currency,Currency/CurrencyRerollRare,currency,7, / Chaos Orb
Currency,Currency/CurrencyVaal,currency,7, / Vaal Orb
Currency,Currency/Settlers,currency,7, / Runegraft of Blasphemy
Currency,Currency/CurrencyIdentificationFragment,currency,6, / Scroll Fragment
Currency,Currency/CurrencyRerollMagicShard,currency,6, / Alteration Shard
Currency,Currency/CurrencyWeaponQuality,currency,6, / Blacksmith's Whetstone
Currency,Currency/Expedition,currency,6, / Instilling Orb
Currency,Currency/SecretsoftheAtlas,currency,6, / Orb of Unravelling
Currency,Currency/AnnullOrb,currency,5, / Orb of Annulment
Currency,Currency/BindingOrb,currency,5, / Orb of Binding
Currency,Currency/CurrencyArmourQuality,currency,5, / Armourer's Scrap
Currency,Currency/CurrencyImplicitMod,currency,5, / Blessed Orb
Currency,Currency/CurrencyUpgradeToMagicShard,currency,5, / Transmutation Shard
Currency,Currency/CurrencyUpgradeToRareShard,currency,5, / Alchemy Shard
Currency,Currency/Influence Exalts,currency,5, / Hunter's Exalted Orb
Currency,Currency/Ritual,currency,5, / Ritual Vessel
Currency,Currency/ChaosShard,currency,4, / Chaos Shard
Currency,Currency/CurrencyAddModToRare,currency,4, / Exalted Orb
Currency,Currency/CurrencyConvertToNormal,currency,4, / Orb of Scouring
Currency,Currency/CurrencyFlaskQuality,currency,4, / Glassblower's Bauble
Currency,Currency/CurrencyGemQuality,currency,4, / Gemcutter's Prism
Currency,Currency/CurrencyPassiveSkillRefund,currency,4, / Orb of Regret
Currency,Currency/CurrencyUpgradeMagicToRare,currency,4, / Regal Orb
Currency,Currency/CurrencyUpgradeToRare,currency,4, / Orb of Alchemy
Currency,Currency/ValdosPuzzleBox,currency,4, / Valdo's Puzzle Box
Currency,Maps/DeliriumSplinter,currency,4, / Simulacrum Splinter
Currency,Maps/EternalEmpireShard,currency,4, / Timeless Eternal Empire Splinter
Currency,Maps/KaruiShard,currency,4, / Timeless Karui Splinter
Currency,Maps/TemplarShard,currency,4, / Timeless Templar Splinter
Currency,Maps/VaalShard,currency,4, / Timeless Vaal Splinter
Currency,Currency/AncientOrb,currency,3, / Ancient Orb
Currency,Currency/AnnullShard,currency,3, / Annulment Shard
Currency,Currency/CleansingFireOrbRank1,currency,3, / Lesser Eldritch Ember
Currency,Currency/CleansingFireOrbRank3,currency,3, / Grand Eldritch Ember
Currency,Currency/CurrencyCoin,currency,3, / Perandus Coin
Currency,Currency/CurrencyMapQuality,currency,3, / Cartographer's Chisel
Currency,Currency/CurrencyModValues,currency,3, / Divine Orb
Currency,Currency/EngineersOrb,currency,3, / Engineer's Orb
Currency,Currency/ExaltedShard,currency,3, / Exalted Shard
Currency,Currency/Faridun,currency,3, / Coin of Desecration
Currency,Currency/MavenChisel1,currency,3, / Maven's Chisel of Procurement
Currency,Currency/MavenChisel2,currency,3, / Maven's Chisel of Proliferation
Currency,Currency/MavenChisel4,currency,3, / Maven's Chisel of Avarice
Currency,Currency/RegalShard,currency,3, / Regal Shard
Currency,Currency/RegretOrb,currency,3, / Orb of Unmaking
Currency,Currency/TangleOrbRank1,currency,3, / Lesser Eldritch Ichor
Currency,Currency/VeiledExaltedOrb,currency,3, / Veiled Exalted Orb
Currency,Divination/Deck,currency,3, / Stacked Deck
Currency,Maps/CosmicCoreSupporterVaultKey,map,3, / Voidborn Reliquary Key
Currency,Maps/MarakethShard,currency,3, / Timeless Maraketh Splinter
Currency,Maps/TempleMap,map,3, / Chronicle of Atzoatl
Currency,Currency/Chayula,currency,2, / Foulborn Orb of Augmentation
Currency,Currency/CleansingFireOrbRank2,currency,2, / Greater Eldritch Ember
Currency,Currency/CleansingFireOrbRank4,currency,2, / Exceptional Eldritch Ember
Currency,Currency/ConflictOrbRank1,currency,2, / Orb of Conflict
Currency,Currency/DivineEnchantWeaponCurrency,currency,2, / Tailoring Orb
Currency,Currency/EldritchAnnulmentOrb,currency,2, / Eldritch Orb of Annulment
Currency,Currency/FracturingOrbCombined,currency,2, / Fracturing Orb
Currency,Currency/FracturingOrbShard,currency,2, / Fracturing Shard
Currency,Currency/HarbingerOrb,currency,2, / Harbinger's Orb
Currency,Currency/HorizonOrb,currency,2, / Orb of Horizons
Currency,Currency/MavenChisel3,currency,2, / Maven's Chisel of Scarabs
Currency,Currency/MavenChisel5,currency,2, / Maven's Chisel of Divination
Currency,Currency/MavenOrb,currency,2, / Orb of Dominance
Currency,Currency/TangleOrbRank2,currency,2, / Greater Eldritch Ichor
Currency,Currency/TangleOrbRank3,currency,2, / Grand Eldritch Ichor
Currency,Currency/TangleOrbRank4,currency,2, / Exceptional Eldritch Ichor
Currency,Currency/VeiledChaosOrb,currency,2, / Veiled Chaos Orb
Currency,Currency/Azmeri,corpse,1, / Warlord
Currency,Currency/CurrencyDuplicate,currency,1, / Mirror of Kalandra
Currency,Currency/CurrencyGemExperience,currency,1, / Facetor's Lens
Currency,Currency/CurrencyWishSupportGemBlue,currency,1, / Coin of Knowledge
Currency,Currency/CurrencyWishSupportGemGreen,currency,1, / Coin of Skill
Currency,Currency/CurrencyWishSupportGemRed,currency,1, / Coin of Power
Currency,Currency/EldritchChaosOrb,currency,1, / Eldritch Chaos Orb
Currency,Currency/EldritchExaltedOrb,currency,1, / Eldritch Exalted Orb
Currency,Currency/InfusedEngineersOrb,currency,1, / Infused Engineer's Orb
Currency,Currency/MirrorShard,currency,1, / Mirror Shard
Currency,Currency/Runes,-,1, / Desert Rune
Currency,Currency/SacredOrb,currency,1, / Sacred Orb
Currency,Currency/TransferOrb,currency,1, / Awakener's Orb
Currency,Currency/VialArchitectsHand,currency,1, / Vial of Dominance
Currency,Currency/VialDanceOffered,currency,1, / Vial of the Ritual
Currency,Currency/VialStoryVaal,currency,1, / Vial of Fate
Currency,Currency/VolatileVaalOrb,currency,1, / Volatile Vaal Orb
Currency,Effects/WrappingPaper,enshrouded,1, / Enshrouded Boots
Currency,QuestItems/Heist,currency,1, / Incense of Keth
DivinationCard,Divination/InventoryIcon,card,884, / The Tower
Gem,Gems/Support,gem,2483, / Enlighten Support
Gem,Gems/VaalGems,gem,540, / Vaal Discipline
Gem,Gems/FlameDash,gem,89, / Flame Dash
Gem,Gems/Portal,gem,78, / Portal
Gem,Gems/AccuracyandCriticalChanceAura,gem,56, / Precision
Gem,Gems/Determination,gem,56, / Determination
Gem,Gems/ShieldCharge,gem,49, / Shield Charge
Gem,Gems/FrostblinkSkillGem,gem,47, / Frostblink
Gem,Gems/Vitality,gem,47, / Vitality
Gem,Gems/Grace,gem,46, / Grace
Gem,Gems/Purity,gem,43, / Purity of Elements
Gem,Gems/SkitterbotSkillGem,gem,40, / Summon Skitterbots
Gem,Gems/QuickGuardGem,gem,38, / Steelskin
Gem,Gems/Clarity,gem,37, / Clarity
Gem,Gems/DeliriumGem,gem,37, / Malevolence
Gem,Gems/BloodRage,gem,36, / Blood Rage
Gem,Gems/MoltenShell,gem,36, / Molten Shell
Gem,Gems/QuickDashGem,gem,36, / Dash
Gem,Gems/RockGolem,gem,35, / Summon Stone Golem
Gem,Gems/Flammability,gem,32, / Flammability
Gem,Gems/LeapSlam,gem,31, / Leap Slam
Gem,Gems/BloodSandArmourGem,gem,29, / Flesh and Stone
Gem,Gems/Desecrate,gem,29, / Desecrate
Gem,Gems/FrostBomb,gem,28, / Frost Bomb
Gem,Gems/Haste,gem,28, / Haste
Gem,Gems/HeraldOfAgonyGem,gem,28, / Herald of Agony
Gem,Gems/New,-,28, / Bow Shot
Gem,Gems/SpellDamageGem,gem,27, / Zealotry
Gem,Gems/WitheringStepGem,gem,27, / Withering Step
Gem,Gems/Wrath,gem,27, / Wrath
Gem,Gems/Purge,gem,26, / Wave of Conviction
Gem,Gems/ArcanistBrandGem,gem,25, / Arcanist Brand Support
Gem,Gems/Despair,gem,25, / Despair
Gem,Gems/Hatred,gem,25, / Hatred
Gem,Gems/HeraldOfLight Gem,gem,25, / Herald of Purity
Gem,Gems/ImmortalCall,gem,25, / Immortal Call
Gem,Gems/MirrorArrow,gem,25, / Mirror Arrow
Gem,Gems/ProjectileWeakness,gem,25, / Sniper's Mark
Gem,Gems/SiphonGem,gem,25, / Essence Drain
Gem,Gems/TempestShield,gem,25, / Tempest Shield
Gem,Gems/DreadBanner,gem,24, / Dread Banner
Gem,Gems/HeraldofAsh,gem,24, / Herald of Ash
Gem,Gems/RaiseZombie,gem,24, / Raise Zombie
Gem,Gems/EnduringCry,gem,23, / Enduring Cry
Gem,Gems/FireResistAura,gem,23, / Purity of Fire
Gem,Gems/HeraldofIce,gem,23, / Herald of Ice
Gem,Gems/TemporalChains,gem,23, / Temporal Chains
Gem,Gems/AutoCastInstantSkills,gem,22, / Automation Support
Gem,Gems/FrostVortex,gem,22, / Vortex
Gem,Gems/FrostBite,gem,21, / Frostbite
Gem,Gems/RaiseSpectre,gem,21, / Raise Spectre
Gem,Gems/ArmourandEvasionBanner,gem,20, / Defiance Banner
Gem,Gems/BloodTendrilsSkillGem,gem,20, / Exsanguinate
Gem,Gems/ElementalWeakness,gem,20, / Elemental Weakness
Gem,Gems/Frenzy,gem,20, / Frenzy
Gem,Gems/PhaseRun,gem,20, / Phase Run
Gem,Gems/Punishment,gem,20, / Punishment
Gem,Gems/Anger,gem,19, / Anger
Gem,Gems/ChaosElementalSummon,gem,19, / Summon Chaos Golem
Gem,Gems/Conductivity,gem,19, / Conductivity
Gem,Gems/LightningGolem,gem,19, / Summon Lightning Golem
Gem,Gems/SmokeBomb,gem,19, / Smoke Mine
Gem,Gems/BloodSandStanceGem,gem,18, / Blood and Sand
Gem,Gems/ConvocationWhite,gem,18, / Convocation
Gem,Gems/HolyRelic,gem,18, / Summon Holy Relic
Gem,Gems/RainofSporesGem,gem,18, / Toxic Rain
Gem,Gems/RighteousFire,gem,18, / Righteous Fire
Gem,Gems/ArcaneCloak,gem,17, / Arcane Cloak
Gem,Gems/BeserkGem,gem,17, / Berserk
Gem,Gems/PlagueBearerGem,gem,17, / Plague Bearer
Gem,Gems/PrideAuraGem,gem,17, / Pride
Gem,Gems/PoisonousConcoction,gem,16, / Poisonous Concoction
Gem,Gems/Spellslinger,gem,16, / Spellslinger Support
Gem,Gems/WhirlingBlades,gem,16, / Whirling Blades
Gem,Gems/AnimateArmour,gem,15, / Animate Guardian
Gem,Gems/AssassinsMark,gem,15, / Assassin's Mark
Gem,Gems/Cyclone,gem,15, / Cyclone
Gem,Gems/DecoyTotem,gem,15, / Decoy Totem
Gem,Gems/DevouringTotem,gem,15, / Devouring Totem
Gem,Gems/DoubleSlash,gem,15, / Lacerate
Gem,Gems/Enfeeble,gem,15, / Enfeeble
Gem,Gems/FlameTotem,gem,15, / Holy Flame Totem
Gem,Gems/FleshOffering,gem,15, / Flesh Offering
Gem,Gems/FreezingPulse,gem,15, / Freezing Pulse
Gem,Gems/HeraldofThunder,gem,15, / Herald of Thunder
Gem,Gems/LightningExplosionMineSkillGem,gem,15, / Stormblast Mine
Gem,Gems/PoachersMark,gem,15, / Poacher's Mark
Gem,Gems/PoisonArrow,gem,15, / Caustic Arrow
Gem,Gems/SummonCarrionGolemGem,gem,15, / Summon Carrion Golem
Gem,Gems/SummonSkeletons,gem,15, / Summon Skeletons
Gem,Gems/BallLightning,gem,14, / Ball Lightning
Gem,Gems/BladeBurst,gem,14, / Blade Blast
Gem,Gems/CircleofPowerSkillGem,gem,14, / Sigil of Power
Gem,Gems/FrostGlobe,gem,14, / Frost Shield
Gem,Gems/FrostblinkSkillGem,-,14, / Frostblink of Wintry Blast
Gem,Gems/IceElementalSummon,gem,14, / Summon Ice Golem
Gem,Gems/New,gem,14, / Lightning Arrow
Gem,Gems/PenanceBrandGem,gem,14, / Penance Brand
Gem,Gems/SeismicCrySkillGem,gem,14, / Seismic Cry
Gem,Gems/ShockwaveSlam,gem,14, / Sunder
Gem,Gems/ShrapnelTrap,gem,14, / Explosive Trap
Gem,Gems/StaticGem,gem,14, / Static Strike
Gem,Gems/SubterraneanTrap,gem,14, / Seismic Trap
Gem,Gems/ArmageddonBrand,gem,13, / Armageddon Brand
Gem,Gems/BoneOffering,gem,13, / Bone Offering
Gem,Gems/ConduitSigil,gem,13, / Storm Brand
Gem,Gems/CorpseEruption,gem,13, / Cremation
Gem,Gems/DarkRitualGem,gem,13, / Bane
Gem,Gems/EtherealKnives,gem,13, / Ethereal Knives
Gem,Gems/FireMortarBarrageMineSkillGem,gem,13, / Pyroclast Mine
Gem,Gems/FireTrap,gem,13, / Fire Trap
Gem,Gems/IceNova,gem,13, / Ice Nova
Gem,Gems/IntimidatingCry,gem,13, / Intimidating Cry
Gem,Gems/LightningResistAura,gem,13, / Purity of Lightning
Gem,Gems/SpinningEtherealBladesGem,gem,13, / Blade Vortex
Gem,Gems/SpiritOffering,gem,13, / Spirit Offering
Gem,Gems/Warbanner,gem,13, / War Banner
Gem,Gems/ColdResistAura,gem,12, / Purity of Ice
Gem,Gems/Discipline,gem,12, / Discipline
Gem,Gems/Firewall,gem,12, / Flame Wall
Gem,Gems/IceCrashGem,gem,12, / Ice Crash
Gem,Gems/IceShield,gem,12, / Arctic Armour
Gem,Gems/IceStrike,gem,12, / Frost Blades
Gem,Gems/LightningStrike,gem,12, / Lightning Strike
Gem,Gems/PetrifiedBloodGem,gem,12, / Petrified Blood
Gem,Gems/SummonElemental,gem,12, / Summon Raging Spirit
Gem,Gems/BearTrap,gem,11, / Bear Trap
Gem,Gems/CorruptedBloodStream,gem,11, / Corrupting Fever
Gem,Gems/CrossBowTotemGem,gem,11, / Siege Ballista
Gem,Gems/DominatingBlow,gem,11, / Dominating Blow
Gem,Gems/DoomBlastSkillGem,gem,11, / Hexblast
Gem,Gems/FireBeam,gem,11, / Scorching Ray
Gem,Gems/FrostBolt,gem,11, / Frostbolt
Gem,Gems/FrostWall,gem,11, / Frost Wall
Gem,Gems/LightningSpire,gem,11, / Lightning Spire Trap
Gem,Gems/LightningWarp,gem,11, / Lightning Warp
Gem,Gems/ShatteringSteel,gem,11, / Shattering Steel
Gem,Gems/SmiteGem,gem,11, / Smite
Gem,Gems/Spark,gem,11, / Spark
Gem,Gems/StormBladeGem,gem|weapon,11, / Energy Blade
Gem,Gems/StormBurst,gem,11, / Storm Burst
Gem,Gems/StormCloudGem,gem,11, / Orb of Storms
Gem,Gems/WitherGem,gem,11, / Wither
Gem,Gems/Arc,gem,10, / Arc
Gem,Gems/ColdProjectileMineSkillGem,gem,10, / Icicle Mine
Gem,Gems/Ember,gem,10, / Blazing Salvo
Gem,Gems/ExplosiveArrow,gem,10, / Explosive Arrow
Gem,Gems/FireElementalSummon,gem,10, / Summon Flame Golem
Gem,Gems/FireMortar,gem,10, / Rolling Magma
Gem,Gems/Firestorm,gem,10, / Firestorm
Gem,Gems/IceSpear,gem,10, / Ice Spear
Gem,Gems/IceTrapRune,gem,10, / Ice Trap
Gem,Gems/LancingSteel,gem,10, / Lancing Steel
Gem,Gems/PurifyingFlame,gem,10, / Purifying Flame
Gem,Gems/QuakeSlam,gem,10, / Earthquake
Gem,Gems/SpectralSpiralGem,gem,10, / Spectral Helix
Gem,Gems/BlinkArrow,gem,9, / Blink Arrow
Gem,Gems/ColdSnap,gem,9, / Cold Snap
Gem,Gems/DetonateDead,gem,9, / Detonate Dead
Gem,Gems/Flamewhip,gem,9, / Flame Surge
Gem,Gems/FlickerStrike,gem,9, / Flicker Strike
Gem,Gems/IceWavesSkill,gem,9, / Glacial Shield Swipe
Gem,Gems/MortarTotemBowSkillGem,gem,9, / Artillery Ballista
Gem,Gems/RejuvinationTotem,gem,9, / Rejuvenation Totem
Gem,Gems/SearingBond,gem,9, / Searing Bond
Gem,Gems/ShockwaveTotem,gem,9, / Shockwave Totem
Gem,Gems/SoulfeastGem,gem,9, / Forbidden Rite
Gem,Gems/ViperStrike,gem,9, / Viper Strike
Gem,Gems/Vulnerability,gem,9, / Vulnerability
Gem,Gems/ZigZagWandSkill,-,9, / Kinetic Bolt of Fragmentation
Gem,Gems/AncestralCry,gem,8, / Ancestral Cry
Gem,Gems/BlightGem,-,8, / Blight of Contagion
Gem,Gems/BlockLinkGem,gem,8, / Protective Link
Gem,Gems/BurningArrow,gem,8, / Burning Arrow
Gem,Gems/ChargedAttack,gem,8, / Blade Flurry
Gem,Gems/Chronomancer,gem,8, / Temporal Rift
Gem,Gems/ContagionGem,gem,8, / Contagion
Gem,Gems/CorpseWarp,gem,8, / Bodyswap
Gem,Gems/Fireball,gem,8, / Fireball
Gem,Gems/Firestorm,-,8, / Firestorm of Pelting
Gem,Gems/FrostFury,gem,8, / Winter Orb
Gem,Gems/LighteningTouch,-,8, / Lightning Tendrils of Eccentricity
Gem,Gems/LightningArrow,gem,8, / Lightning Arrow
Gem,Gems/PowerSiphon,gem,8, / Power Siphon
Gem,Gems/RageVortex,gem,8, / Rage Vortex
Gem,Gems/RallyingCrySkillGem,gem,8, / Rallying Cry
Gem,Gems/ShieldCrush,gem,8, / Shield Crush
Gem,Gems/SoulLinkGem,gem,8, / Soul Link
Gem,Gems/SpikeSlamGem,gem,8, / Earthshatter
Gem,Gems/VigilantStrikeGem,gem,8, / Vigilant Strike
Gem,Gems/WarlordsMark,gem,8, / Warlord's Mark
Gem,Gems/WeaponStormSkill,gem,8, / Swordstorm
Gem,Gems/ArcticBreath,gem,7, / Creeping Frost
Gem,Gems/Barrage,gem,7, / Barrage
Gem,Gems/BoneLance,gem,7, / Unearth
Gem,Gems/ChainStrikeGem,gem,7, / Chain Hook
Gem,Gems/ClusterBurst,gem,7, / Kinetic Blast
Gem,Gems/FrozenLegionSkillGem,gem,7, / Frozen Sweep
Gem,Gems/GlacialHammer,gem,7, / Glacial Hammer
Gem,Gems/HeavyStrike,gem,7, / Heavy Strike
Gem,Gems/ImpactingSteelGem,gem,7, / Splitting Steel
Gem,Gems/LightningTrap,gem,7, / Lightning Trap
Gem,Gems/PenanceBrandGem,-,7, / Penance Brand of Dissipation
Gem,Gems/Puncture,gem,7, / Puncture
Gem,Gems/Soulrend,-,7, / Soulrend of Reaping
Gem,Gems/SplitArrow,gem,7, / Split Arrow
Gem,Gems/AbsolutionBlastGem,gem,6, / Absolution
Gem,Gems/AlchemistsMarkSkillGem,gem,6, / Alchemist's Mark
Gem,Gems/BlackHole,gem,6, / Void Sphere
Gem,Gems/BladeTrapSkillGem,gem,6, / Blade Trap
Gem,Gems/BladestormGem,gem,6, / Bladestorm
Gem,Gems/BlinkArrow,-,6, / Blink Arrow of Prismatic Clones
Gem,Gems/Cleave,gem,6, / Cleave
Gem,Gems/ConduitSigil,-,6, / Storm Brand of Indecision
Gem,Gems/CriticalLinkGem,gem,6, / Destructive Link
Gem,Gems/DetonateMines,gem,6, / Detonate Mines
Gem,Gems/Discharge,gem,6, / Discharge
Gem,Gems/DoubleStrike,gem,6, / Double Strike
Gem,Gems/ElementalStrike,gem,6, / Wild Strike
Gem,Gems/EnsnaringArrow,gem,6, / Ensnaring Arrow
Gem,Gems/GeneralsCry,gem,6, / General's Cry Support
Gem,Gems/GhostlyThrow,gem,6, / Spectral Throw
Gem,Gems/IceNova,-,6, / Ice Nova of Frostbolts
Gem,Gems/InfernalCry,gem,6, / Combust
Gem,Gems/LeechLinkGem,gem,6, / Vampiric Link
Gem,Gems/RainOfBlades,gem,6, / Bladefall
Gem,Gems/ThrownShield,gem,6, / Spectral Shield Throw
Gem,Gems/TornadoGem,gem,6, / Tornado
Gem,Gems/AnimateWeapon,gem,5, / Animate Weapon
Gem,Gems/ArmageddonBrand,-,5, / Armageddon Brand of Recall
Gem,Gems/AutoCastInstantWarcry,gem,5, / Autoexertion Support
Gem,Gems/BallLightning,-,5, / Ball Lightning of Orbiting
Gem,Gems/BoneshatterSkillGem,gem,5, / Boneshatter
Gem,Gems/CorpseWarp,-,5, / Bodyswap of Sacrifice
Gem,Gems/DivineTempest,gem,5, / Divine Ire
Gem,Gems/DualStrike,gem,5, / Dual Strike
Gem,Gems/EnergyReleaseSkillGem,gem,5, / Lightning Conduit
Gem,Gems/Flamethrower,gem,5, / Incinerate
Gem,Gems/FrozenSphereSkillGem,gem,5, / Eye of Winter
Gem,Gems/HolyPathGem,gem,5, / Consecrated Path
Gem,Gems/Hydrosphere,gem,5, / Hydrosphere
Gem,Gems/KineticFullisadeSkillGem,gem,5, / Kinetic Fusillade
Gem,Gems/MambaStrike,gem,5, / Pestilent Strike
Gem,Gems/MoltenStrike,gem,5, / Molten Strike
Gem,Gems/PrismaticRain,gem,5, / Storm Rain
Gem,Gems/RainOfBlades,-,5, / Bladefall of Trarthus
Gem,Gems/RainofArrows,gem,5, / Rain of Arrows
Gem,Gems/RaiseZombie,-,5, / Raise Zombie of Falling
Gem,Gems/RecallSigil,gem,5, / Brand Recall
Gem,Gems/ShrapnelShot,gem,5, / Galvanic Arrow
Gem,Gems/SkeletalChains,gem,5, / Dark Bargain
Gem,Gems/Spark,-,5, / Spark of the Nova
Gem,Gems/Stormcall,gem,5, / Storm Call
Gem,Gems/Upheaval,gem,5, / Glacial Cascade
Gem,Gems/VirulentArrow,gem,5, / Scourge Arrow
Gem,Gems/WintertideBrandGem,gem,5, / Wintertide Brand
Gem,Gems/Arc,-,4, / Arc of Oscillating
Gem,Gems/BloodSandSpearsSkillGem,gem,4, / Perforate
Gem,Gems/BoneshatterSkillGem,-,4, / Boneshatter of Complex Trauma
Gem,Gems/ChargedBlast,-,4, / Flameblast of Celerity
Gem,Gems/ChargedDashGem,gem,4, / Charged Dash
Gem,Gems/CobraLash,gem,4, / Cobra Lash
Gem,Gems/ColdProjectileMineSkillGem,-,4, / Icicle Mine of Fanning
Gem,Gems/DisentegrateGem,-,4, / Crackling Lance of Disintegration
Gem,Gems/Elementalhit,gem,4, / Elemental Hit
Gem,Gems/Flamethrower,-,4, / Incinerate of Venting
Gem,Gems/FlamethrowerTrap,gem,4, / Flamethrower Trap
Gem,Gems/ManaVoidGem,gem,4, / Manabond
Gem,Gems/PactofLycia,gem,4, / Heaven's Scourge
Gem,Gems/Reave,gem,4, / Reave
Gem,Gems/RetaliationHolySpellSkill,gem,4, / Divine Retribution
Gem,Gems/StormbindSkillGem,gem,4, / Rune Blast
Gem,Gems/SummonSkeletons,-,4, / Summon Skeletons of Archers
Gem,Gems/TornadoShot,gem,4, / Tornado Shot
Gem,Gems/TriggerLinkGem,gem,4, / Intuitive Link Support
Gem,Gems/VoidburstSkillGem,gem,4, / Voltaxic Burst
Gem,Gems/VolatileDead,gem,4, / Volatile Dead
Gem,Gems/ZigZagWandSkill,gem,4, / Kinetic Bolt
Gem,Gems/BlastRainGem,gem,3, / Blast Rain
Gem,Gems/BloodreapGem,gem,3, / Reap
Gem,Gems/ChargedBlast,gem,3, / Flameblast
Gem,Gems/ClusterBurst,-,3, / Kinetic Blast of Clustering
Gem,Gems/CorpseEruption,-,3, / Cremation of the Volcano
Gem,Gems/DetonateDead,-,3, / Detonate Dead of Scavenging
Gem,Gems/DisentegrateGem,gem,3, / Crackling Lance
Gem,Gems/DivineCryGem,gem,3, / Battlemage's Cry Support
Gem,Gems/ExplosiveFlaskSkillGem,gem,3, / Explosive Concoction
Gem,Gems/FlameLinkGem,gem,3, / Flame Link
Gem,Gems/FrozenSphereSkillGem,-,3, / Eye of Winter of Transience
Gem,Gems/GhostlyThrow,-,3, / Spectral Throw of Trarthus
Gem,Gems/Groundslam,gem,3, / Ground Slam
Gem,Gems/HexSpreadingSupport,gem,3, / Hex Bloom Support
Gem,Gems/HolyRelic,-,3, / Summon Holy Relic of Conviction
Gem,Gems/IceShot,gem,3, / Ice Shot
Gem,Gems/IceSiphon,gem,3, / Siphoning Trap
Gem,Gems/InfernalBlow,gem,3, / Infernal Blow
Gem,Gems/LancingSteel,-,3, / Lancing Steel of Spraying
Gem,Gems/LighteningTouch,gem,3, / Lightning Tendrils
Gem,Gems/LightningGolem,-,3, / Summon Lightning Golem of Hordes
Gem,Gems/MirrorArrow,-,3, / Mirror Arrow of Bombarding Clones
Gem,Gems/RockGolem,-,3, / Summon Stone Golem of Safeguarding
Gem,Gems/SnappingAdder,gem,3, / Venom Gyre
Gem,Gems/Soulrend,gem,3, / Soulrend
Gem,Gems/Sweep,gem,3, / Holy Sweep
Gem,Gems/TectonicSlam,gem,3, / Tectonic Slam
Gem,Gems/ThrownShield,-,3, / Spectral Shield Throw of Trarthus
Gem,Gems/VolcanicFissureSkillGem,gem,3, / Volcanic Fissure
Gem,Gems/AmbushSkillGem,gem,2, / Ambush
Gem,Gems/AnimateWeapon,-,2, / Animate Weapon of Ranged Arms
Gem,Gems/BlightGem,gem,2, / Blight
Gem,Gems/BloodTendrilsSkillGem,-,2, / Exsanguinate of Transmission
Gem,Gems/ConversionTrap,gem,2, / Conversion Trap
Gem,Gems/CrushingFistSkillGem,gem,2, / Crushing Fist
Gem,Gems/DivineTempest,-,2, / Divine Ire of Holy Lightning
Gem,Gems/EnergyReleaseSkillGem,-,2, / Lightning Conduit of the Heavens
Gem,Gems/EtherealKnives,-,2, / Ethereal Knives of the Massacre
Gem,Gems/Flamewhip,-,2, / Flame Surge of Combusting
Gem,Gems/FrostVortex,-,2, / Vortex of Projection
Gem,Gems/GlacialHammer,-,2, / Glacial Hammer of Shattering
Gem,Gems/IceSpear,-,2, / Ice Spear of Splitting
Gem,Gems/KineticRainSkillGem,gem,2, / Kinetic Anomaly
Gem,Gems/KineticShellSkillGem,gem,2, / Somatic Shell
Gem,Gems/PoisonArrow,-,2, / Caustic Arrow of Poison
Gem,Gems/PoisonousConcoction,-,2, / Poisonous Concoction of Bouncing
Gem,Gems/PrismaticRain,-,2, / Storm Rain of the Fence
Gem,Gems/Purge,-,2, / Wave of Conviction of Trarthus
Gem,Gems/RageVortex,-,2, / Rage Vortex of Berserking
Gem,Gems/RetaliationRageWarecryWarcry,gem,2, / Vengeful Cry
Gem,Gems/RighteousFire,-,2, / Righteous Fire of Arcane Devotion
Gem,Gems/ShockNova,gem,2, / Shock Nova
Gem,Gems/SniperSkillGem,gem,2, / Snipe Support
Gem,Gems/SpectralSpiralGem,-,2, / Spectral Helix of Trarthus
Gem,Gems/StormBurst,-,2, / Storm Burst of Repulsion
Gem,Gems/SummonElemental,-,2, / Summon Raging Spirit of Enormity
Gem,Gems/VolatileDead,-,2, / Volatile Dead of Seething
Gem,Gems/1HandShieldCounterattackSkillGem,gem,1, / Eviscerate
Gem,Gems/BlackHole,-,1, / Void Sphere of Rending
Gem,Gems/BladeBurst,-,1, / Blade Blast of Dagger Detonation
Gem,Gems/BladeTrapSkillGem,-,1, / Blade Trap of Greatswords
Gem,Gems/BladestormGem,-,1, / Bladestorm of Uncertainty
Gem,Gems/ChaosElementalSummon,-,1, / Summon Chaos Golem of the Maelström
Gem,Gems/ConflagrationSkillGem,gem,1, / Conflagration
Gem,Gems/CrossBowTotemGem,-,1, / Siege Ballista of Trarthus
Gem,Gems/DoomBlastSkillGem,-,1, / Hexblast of Havoc
Gem,Gems/DoubleSlash,-,1, / Lacerate of Butchering
Gem,Gems/Elementalhit,-,1, / Elemental Hit of the Spectrum
Gem,Gems/FireBeam,-,1, / Scorching Ray of Immolation
Gem,Gems/FireMortarBarrageMineSkillGem,-,1, / Pyroclast Mine of Sabotage
Gem,Gems/FlameDash,-,1, / Flame Dash of Return
Gem,Gems/FlameTotem,-,1, / Holy Flame Totem of Ire
Gem,Gems/FrostBomb,-,1, / Frost Bomb of Instability
Gem,Gems/GalvanicFieldSkillGem,gem,1, / Galvanic Field
Gem,Gems/Groundslam,-,1, / Ground Slam of Earthshaking
Gem,Gems/HolyPathGem,-,1, / Consecrated Path of Endurance
Gem,Gems/IceElementalSummon,-,1, / Summon Ice Golem of Hordes
Gem,Gems/IceShot,-,1, / Ice Shot of Penetration
Gem,Gems/IceStrike,-,1, / Frost Blades of Katabasis
Gem,Gems/InfernalBlow,-,1, / Infernal Blow of Immolation
Gem,Gems/KineticRainSkillGem,-,1, / Kinetic Rain of Impact
Gem,Gems/LeapSlam,-,1, / Leap Slam of Groundbreaking
Gem,Gems/LightningSpire,-,1, / Lightning Spire Trap of Overloading
Gem,Gems/LightningStrike,-,1, / Lightning Strike of Arcing
Gem,Gems/PurifyingFlame,-,1, / Purifying Flame of Revelations
Gem,Gems/ShockwaveTotem,-,1, / Shockwave Totem of Authority
Gem,Gems/ShotgunTotemBowSkillGem,gem,1, / Shrapnel Ballista
Gem,Gems/ShrapnelTrap,-,1, / Explosive Trap of Shrapnel
Gem,Gems/SkeletalChains,-,1, / Dark Bargain of Trarthus
Gem,Gems/SoulfeastGem,-,1, / Forbidden Rite of Soul Sacrifice
Gem,Gems/StaticGem,-,1, / Static Strike of Gathering Lightning
Gem,Gems/StormbindSkillGem,-,1, / Rune Blast of Teleportation
Gem,Gems/Stormcall,-,1, / Storm Call of Trarthus
Gem,Gems/SummonCarrionGolemGem,-,1, / Summon Carrion Golem of Scavenging
Gem,Gems/SummonReaperSkillGem,gem,1, / Summon Reaper
Gem,Gems/TectonicSlam,-,1, / Tectonic Slam of Cataclysm
Gem,Gems/VirulentArrow,-,1, / Scourge Arrow of Menace
Gem,Gems/VolcanicFissureSkillGem,-,1, / Volcanic Fissure of Snaking
Gem,Gems/WallofForceSkillGem,gem,1, / Wall of Force
Gem,Gems/WindstormSkillGem,gem,1, / Thunderburst
Magic,Maps/Atlas2Maps,-,828, / Ceremonial Map (Tier 16)
Magic,Currency/Heist,heistmission,535, / Antagonist's Blueprint: Smuggler's Den of Proximity
Magic,Flasks/sprint,flask,165, / Scholar's Quicksilver Flask of Turf Moss
Magic,Flasks/granite,flask,108, / Alchemist's Granite Flask of Craft
Magic,Flasks/lifeflask11,flask,105, / Sapping Divine Life Flask
Magic,Flasks/stone,flask,98, / Basalt Flask of Staunching
Magic,Currency/Heist,heistequipment,97, / Tresspassing Torn Cloak of Power
Magic,Flasks/evasionflask01,flask,92, / Delinquent's Jade Flask of the Gazelle
Magic,Flasks/phaseflask01,flask,89, / Wide Quartz Flask of Curing
Magic,Flasks/gold,flask,81, / Sulphur Flask of Warding
Magic,Flasks/silver,flask,80, / Apprentice's Silver Flask of Warding
Magic,Flasks/Amethyst,flask,78, / Amethyst Flask of Warding
Magic,Flasks/diamond,flask,77, / Wide Diamond Flask of Staunching
Magic,Flasks/manaflask12,flask,73, / Enduring Eternal Mana Flask of Warding
Magic,Flasks/stibnite,flask,66, / Delinquent's Stibnite Flask of Grounding
Magic,Flasks/sapphire,flask,63, / Sapphire Flask of the Skink
Magic,Weapons/OneHandWeapons,weapon,62, / Frigid Sage Wand of Craft
Magic,Flasks/bismuth,flask,57, / Constant Bismuth Flask of the Plover
Magic,Flasks/ruby,flask,55, / Examiner's Ruby Flask of Tapping
Magic,Flasks/lifeflask12,flask,48, / Brewer's Eternal Life Flask of the Antitoxin
Magic,Flasks/topaz,flask,45, / Practitioner's Topaz Flask of the Mockingbird
Magic,Jewels/NewGemBase2,jewel,45, / Potent Medium Cluster Jewel
Magic,Flasks/aquamarine,flask,37, / Aquamarine Flask of Heat
Magic,Jewels/NewGemBase3,jewel,33, / Glimmering Large Cluster Jewel of the Cloud
Magic,Flasks/lifeflask9,flask,29, / Hallowed Life Flask of Curing
Magic,Flasks/lifeflask10,flask,28, / Constant Sanctified Life Flask of Heat
Magic,Jewels/NewGemBase1,jewel,27, / Notable Small Cluster Jewel of the Inuit
Magic,Weapons/TwoHandWeapons,weapon,27, / Humming Labrys of the Squall
Magic,Armours/Helmets,armour,25, / Royal Burgonet of the Marksman
Magic,Flasks/AntiStunFlask,flask,25, / Corundum Flask of the Sable
Magic,Armours/Boots,armour,24, / Runner's Rawhide Boots of the Newt
Magic,Armours/BodyArmours,armour,21, / Vigorous Devout Chainmail
Magic,Flasks/GoldFlask,flask,16, / Gold Flask of the Pangolin
Magic,Flasks/hybridflask4,flask,16, / Wide Hallowed Hybrid Flask of Warding
Magic,Flasks/manaflask11,flask,16, / Enduring Divine Mana Flask of the Abalone
Magic,Armours/Gloves,armour,15, / Hale Goliath Gauntlets of the Seal
Magic,Jewels/basicstr,jewel,12, / Charging Crimson Jewel of Stemming
Magic,Flasks/lifeflask7,flask,9, / Colossal Life Flask of Staunching
Magic,Flasks/manaflask10,flask,9, / Bountiful Sanctified Mana Flask
Magic,Jewels/RivetedEye,jewel,9, / Cobalt Hypnotic Eye Jewel of Dexterity
Magic,Armours/Shields,armour,8, / Layered Kite Shield of Joy
Magic,Flasks/manaflask8,flask,8, / Transgressor's Sacred Mana Flask of Movement
Magic,Jewels/basicdex,jewel,8, / Vivid Viridian Jewel of Exsanguinating
Magic,Relics/RelicBase3x1,sanctum,8, / Plentiful Tome Relic
Magic,Jewels/GhastlyEye,jewel,7, / Discharging Ghastly Eye Jewel of Authority
Magic,Relics/RelicBase2x1,sanctum,7, / Steadfast Urn Relic of Illumination
Magic,Flasks/lifeflask6,flask,6, / Giant Life Flask of Dousing
Magic,Flasks/lifeflask8,flask,6, / Physician's Sacred Life Flask of Sealing
Magic,Flasks/manaflask9,flask,6, / Hallowed Mana Flask of Staunching
Magic,Flasks/Basetypes,flask,5, / Medium Life Flask of the Wide
Magic,Flasks/manaflask7,flask,5, / Colossal Mana Flask of Quashing
Magic,Jewels/SearchingEye,jewel,5, / Hale Searching Eye Jewel of the Inquisitor
Magic,Relics/RelicBase1x2,sanctum,5, / Invigorating Censer Relic of Illumination
Magic,Rings/Ring6,accessory,5, / Glimmering Sapphire Ring of the Squall
Magic,Jewels/basicint,jewel,4, / Vivid Cobalt Jewel of Combusting
Magic,Relics/AtlasRelic2x1,idol,4, / Blighted Noble Idol of Ultimatum
Magic,Relics/RelicBase1x3,sanctum,4, / Cornucopic Processional Relic
Magic,Rings/CeruleanRing,accessory,4, / Resplendent Cerulean Ring of Light
Magic,Rings/VermillionRing,accessory,4, / Vermillion Ring of Excitement
Magic,Amulets/Amulet7,accessory,3, / Beryl Onyx Amulet
Magic,Armours/BodyArmours,-,3, / Fur Plate of the Brute
Magic,Belts/Basetypes,-,3, / Linen Belt of Sipping
Magic,Flasks/PrismaticSap,tincture,3, / Prismatic Tincture of Melting
Magic,Rings/TopazRuby,accessory,3, / Sanguine Two-Stone Ring of the Panther
Magic,Rings/TopazSapphire,accessory,3, / Two-Stone Ring
Magic,Amulets/Amulet1,accessory,2, / Hale Paua Amulet of the Salamander
Magic,Amulets/Amulet2,accessory,2, / Coral Amulet of Craft
Magic,Amulets/Amulet4,accessory,2, / Jade Amulet of Craft
Magic,Armours/Gloves,-,2, / Stout Stitched Gloves of the Thirsty
Magic,Flasks/manaflask4,flask,2, / Constant Greater Mana Flask
Magic,Jewels/MurderousEye,jewel,2, / Frozen Murderous Eye Jewel of Readiness
Magic,Offhand/Foci,-,2, / Beryl Woven Focus of the Mage
Magic,Relics/AtlasRelic1x1,idol,2, / Minor Idol of Scouting
Magic,Relics/AtlasRelic1x2,idol,2, / Corrupting Kamasan Idol of Ultimatum
Magic,Rings/Basetypes,accessory,2, / Frosted Iron Ring of the Brute
Magic,Rings/DiamondRing,accessory,2, / Zaffre Diamond Ring
Magic,Rings/Ring5,accessory,2, / Acrobat's Topaz Ring of Plunder
Magic,Rings/SapphireRuby,accessory,2, / Two-Stone Ring
Magic,Amulets/Amulet5,accessory,1, / Xopec's Lapis Amulet
Magic,Amulets/BluePearlAmulet,accessory,1, / Blue Pearl Amulet of the Goliath
Magic,Amulets/CitrineAmulet,accessory,1, / Icy Citrine Amulet of the Storm
Magic,Amulets/TurquoiseAmulet,accessory,1, / Turquoise Amulet of the Wrestler
Magic,Armours/Boots,-,1, / Runner's Frayed Shoes of the Lizard
Magic,Belts/Belt1,accessory,1, / Rustic Sash of Craft
Magic,Belts/Belt2,accessory,1, / Chain Belt of the Pugilist
Magic,Belts/Belt4,accessory,1, / Glittering Cloth Belt of the Brute
Magic,Belts/Belt5,accessory,1, / Heavy Belt of Sipping
Magic,Belts/CrystalBelt,accessory,1, / Crystal Belt of the Bear
Magic,Charms/Basetypes,-,1, / Soaked Ruby Charm of the Constant
Magic,Flasks/Basetypes,-,1, / Lesser Life Flask of the Wide
Magic,Flasks/CullingStrikeSap,tincture,1, / Medicinal Rosethorn Tincture of the Untamed
Magic,Flasks/PoisonSap,tincture,1, / Potent Poisonberry Tincture of Ease
Magic,Flasks/StunSap,tincture,1, / Persistent Ironwood Tincture of Rejuvenation
Magic,Flasks/lifeflask4,flask,1, / Constant Greater Life Flask
Magic,Flasks/lifeflask5,flask,1, / Medic's Grand Life Flask of the Antitoxin
Magic,Flasks/manaflask5,flask,1, / Scholar's Grand Mana Flask of the Remedy
Magic,Flasks/manaflask6,flask,1, / Giant Mana Flask of the Crystal
Magic,Quivers/Basetypes,-,1, / Precise Broadhead Quiver of Skill
Magic,Relics/RelicBase2x2,sanctum,1, / Punishing Coffer Relic of Convalescence
Magic,Relics/RelicBase4x1,sanctum,1, / Papyrus Relic of Convalescence
Magic,Rings/AmethystRing,accessory,1, / Amethyst Ring of the Gorilla
Magic,Rings/Basetypes,-,1, / Reliable Lazuli Ring of Excitement
Magic,Rings/ChaosDmgRing,accessory,1, / Burning Iolite Ring of the Gorilla
Magic,Rings/Empty-Socket,accessory,1, / Xopec's Unset Ring
Magic,Rings/HeistRing2Dark,accessory,1, / The Shaper's Manifold Ring
Magic,Rings/OpalRing,accessory,1, / Opal Ring of the Clouds
Magic,Rings/Ring1,accessory,1, / Cobalt Iron Ring
Magic,Rings/Ring3,accessory,1, / Hale Paua Ring of the Mongoose
Magic,Rings/Ring4,accessory,1, / Gold Ring of Excavation
Magic,Rings/Ring7,accessory,1, / Ruby Ring of Absorption
Magic,Weapons/OneHandWeapons,-,1, / Heated Smithing Hammer of the Brute
Normal,Maps/Atlas2Maps,-,4720, / Map (Tier 1)
Normal,Currency/Heist,heistmission,935, / Contract: Laboratory
Normal,Currency/Scarabs,map,398, / Incursion Scarab of Invasion
Normal,Flasks/sprint,flask,145, / Quicksilver Flask
Normal,QuestItems/CleansingFireOrbQuest0,map,81, / Polaric Invitation
Normal,Flasks/diamond,flask,80, / Diamond Flask
Normal,Flasks/bismuth,flask,73, / Bismuth Flask
Normal,Flasks/stibnite,flask,73, / Stibnite Flask
Normal,Flasks/Amethyst,flask,71, / Amethyst Flask
Normal,Flasks/topaz,flask,71, / Topaz Flask
Normal,Flasks/granite,flask,68, / Granite Flask
Normal,Flasks/gold,flask,67, / Sulphur Flask
Normal,Flasks/stone,flask,67, / Basalt Flask
Normal,Flasks/lifeflask12,flask,57, / Eternal Life Flask
Normal,Flasks/phaseflask01,flask,57, / Quartz Flask
Normal,Flasks/sapphire,flask,57, / Sapphire Flask
Normal,Weapons/OneHandWeapons,weapon,57, / Somatic Wand
Normal,Flasks/silver,flask,55, / Silver Flask
Normal,Flasks/evasionflask01,flask,54, / Jade Flask
Normal,Flasks/ruby,flask,54, / Ruby Flask
Normal,Flasks/lifeflask11,flask,52, / Divine Life Flask
Normal,Currency/Heist,heistequipment,49, / Torn Cloak
Normal,Flasks/manaflask12,flask,43, / Eternal Mana Flask
Normal,QuestItems/CleansingFireOrbQuest5,map,42, / Incandescent Invitation
Normal,Flasks/aquamarine,flask,38, / Aquamarine Flask
Normal,Flasks/AntiStunFlask,flask,36, / Corundum Flask
Normal,Jewels/NewGemBase2,jewel,30, / Medium Cluster Jewel
Normal,Jewels/NewGemBase3,jewel,25, / Large Cluster Jewel
Normal,QuestItems/TangledOrbQuest0,map,24, / Writhing Invitation
Normal,Flasks/lifeflask10,flask,23, / Superior Sanctified Life Flask
Normal,Armours/Gloves,armour,22, / Spiked Gloves
Normal,Weapons/TwoHandWeapons,weapon,22, / Superior Vaal Greatsword
Normal,Flasks/manaflask11,flask,20, / Divine Mana Flask
Normal,Armours/Helmets,armour,18, / Magistrate Crown
Normal,Flasks/hybridflask4,flask,17, / Superior Hallowed Hybrid Flask
Normal,Jewels/NewGemBase1,jewel,17, / Small Cluster Jewel
Normal,QuestItems/TangledOrbQuest5,map,17, / Screaming Invitation
Normal,Currency/Necropolis,map,15, / Allflame Ember of Flesh
Normal,Armours/Boots,armour,13, / Hydrascale Boots
Normal,Currency/Breach,map,13, / Esh's Breachstone
Normal,Flasks/lifeflask9,flask,11, / Superior Hallowed Life Flask
Normal,QuestItems/BossEntranceKeyMurderous,map,11, / Zorath's Eye of Malevolence
Normal,Armours/Shields,armour,10, / Yew Spirit Shield
Normal,Armours/BodyArmours,armour,9, / Astral Plate
Normal,Flasks/GoldFlask,flask,9, / Gold Flask
Normal,Flasks/manaflask9,flask,9, / Hallowed Mana Flask
Normal,Rings/Ring6,accessory,9, / Sapphire Ring
Normal,Flasks/lifeflask7,flask,8, / Colossal Life Flask
Normal,Flasks/manaflask10,flask,8, / Superior Sanctified Mana Flask
Normal,Maps/AtlasMaps,map,8, / Fragment of the Minotaur
Normal,Maps/DeliriumFragment,map,7, / Simulacrum
Normal,Currency/Ritual,map,5, / Blood-filled Vessel
Normal,Flasks/manaflask6,flask,5, / Giant Mana Flask
Normal,Maps/Labyrinth,map,5, / Offering to the Goddess
Normal,Maps/SinFlaskEmpty,map,5, / Divine Vessel
Normal,Maps/Vaal02,map,5, / Sacrifice at Dawn
Normal,Maps/Vaal04,map,5, / Sacrifice at Dusk
Normal,Rings/TopazSapphire,accessory,5, / Two-Stone Ring
Normal,Amulets/BluePearlAmulet,accessory,4, / Blue Pearl Amulet
Normal,Belts/Belt1,accessory,4, / Rustic Sash
Normal,Flasks/lifeflask4,flask,4, / Superior Greater Life Flask
Normal,Maps/Vaal01,map,4, / Sacrifice at Midnight
Normal,Maps/Vaal03,map,4, / Sacrifice at Noon
Normal,Amulets/Amulet4,accessory,3, / Jade Amulet
Normal,Currency/Atlas,map,3, / The Maven's Writ
Normal,Flasks/Basetypes,flask,3, / Medium Mana Flask
Normal,Flasks/manaflask8,flask,3, / Sacred Mana Flask
Normal,Maps/AtlasMapGuardianChaos,map,3, / Fragment of Purification
Normal,Maps/BossKeyBrequel,map,3, / Hivebrain Gland
Normal,Maps/EternalEmpireFragment,map,3, / Timeless Eternal Emblem
Normal,Maps/RedeemerFragment,map,3, / Veritania's Crest
Normal,Maps/UberBossKeyEaterOfWorlds,map,3, / Devouring Fragment
Normal,Maps/UberElder02,map,3, / Fragment of Emptiness
Normal,Maps/UberVaal01,map,3, / Mortal Rage
Normal,Rings/AmethystRing,accessory,3, / Amethyst Ring
Normal,Rings/DiamondRing,accessory,3, / Diamond Ring
Normal,Amulets/Amulet7,accessory,2, / Onyx Amulet
Normal,Amulets/CrescentAmulet,accessory,2, / Seaglass Amulet
Normal,Amulets/MarbleAmulet,accessory,2, / Marble Amulet
Normal,Belts/Basetypes,-,2, / Rawhide Belt
Normal,Belts/CrystalBelt,accessory,2, / Crystal Belt
Normal,Charms/Basetypes,-,2, / Topaz Charm
Normal,Currency/Bestiary,map,2, / Saqawine Lure
Normal,Currency/MercenaryWarrant,map,2, / Mercenary Warrant
Normal,Flasks/lifeflask1,flask,2, / Small Life Flask
Normal,Flasks/lifeflask8,flask,2, / Superior Sacred Life Flask
Normal,Flasks/manaflask5,flask,2, / Grand Mana Flask
Normal,Maps/AngerBossMemoryKey,map,2, / Echo of Trauma
Normal,Maps/AtlasMapGuardianFire,map,2, / Fragment of Enslavement
Normal,Maps/AtlasMapGuardianHoly,map,2, / Fragment of Constriction
Normal,Maps/AtlasMapGuardianLightning,map,2, / Fragment of Eradication
Normal,Maps/BenevolenceBossMemoryKey,map,2, / Echo of Reverence
Normal,Maps/CrusaderFragment,map,2, / Baran's Crest
Normal,Maps/HunterFragment,map,2, / Al-Hezmin's Crest
Normal,Maps/IgnoranceBossMemoryKey,map,2, / Echo of Loneliness
Normal,Maps/KaruiFragment,map,2, / Timeless Karui Emblem
Normal,Maps/LabyrinthHarvest,map,2, / Tribute to the Goddess
Normal,Maps/OshabiMap,map,2, / Sacred Blossom
Normal,Maps/UberBossKeyCortex,map,2, / Synthesising Fragment
Normal,Maps/UberBossKeyElder,map,2, / Decaying Fragment
Normal,Maps/UberBossKeyIncarnationOfDread,map,2, / Reverent Fragment
Normal,Maps/UberBossKeyIncarnationOfNeglect,map,2, / Lonely Fragment
Normal,Maps/UberBossKeyMaven,map,2, / Reality Fragment
Normal,Maps/UberBossKeyShaper,map,2, / Cosmic Fragment
Normal,Maps/UberBossKeySirus,map,2, / Awakening Fragment
Normal,Maps/UberElder03,map,2, / Fragment of Shape
Normal,Maps/UberVaal02,map,2, / Mortal Hope
Normal,Maps/UberVaal03,map,2, / Mortal Ignorance
Normal,Maps/UberVaal04,map,2, / Mortal Grief
Normal,Maps/WarlordFragment,map,2, / Drox's Crest
Normal,QuestItems/BossEntranceKeySearching,map,2, / Zorath's Eye of Authority
Normal,Rings/AdamantineRing,accessory,2, / Steel Ring
Normal,Rings/SapphireRuby,accessory,2, / Two-Stone Ring
Normal,Amulets/Amulet1,accessory,1, / Paua Amulet
Normal,Amulets/Amulet3,accessory,1, / Amber Amulet
Normal,Amulets/Amulet5,accessory,1, / Lapis Amulet
Normal,Amulets/Basetypes,-,1, / Azure Amulet
Normal,Amulets/CitrineAmulet,accessory,1, / Citrine Amulet
Normal,Armours/Boots,-,1, / Rough Greaves
Normal,Armours/Gloves,-,1, / Stocky Mitts
Normal,Armours/Helmets,-,1, / Rusted Greathelm
Normal,Belts/Belt3,accessory,1, / Leather Belt
Normal,Belts/Belt6,accessory,1, / Studded Belt
Normal,Currency/Azmeri,map,1, / An Audience With The King
Normal,Currency/Sanctum,sanctum,1, / Sanctum Vaults Research
Normal,Currency/Scarabs,-,1, / Abyss Scarab of Edifice
Normal,Flasks/Basetypes,-,1, / Lesser Mana Flask
Normal,Flasks/CriticalStrikeSap,tincture,1, / Oakbranch Tincture
Normal,Flasks/CullingStrikeSap,tincture,1, / Rosethorn Tincture
Normal,Flasks/SporebloomSap,tincture,1, / Sporebloom Tincture
Normal,Flasks/StunSap,tincture,1, / Ironwood Tincture
Normal,Flasks/lifeflask6,flask,1, / Giant Life Flask
Normal,Flasks/manaflask1,flask,1, / Small Mana Flask
Normal,Flasks/manaflask2,flask,1, / Medium Mana Flask
Normal,Flasks/manaflask7,flask,1, / Colossal Mana Flask
Normal,Maps/Atlas2Maps,map,1, / Shaper Guardian Map
Normal,Maps/CatarinaToken,map,1, / Syndicate Medallion
Normal,Maps/LabyrinthHarvestInfused1,map,1, / Gift to the Goddess
Normal,Maps/LabyrinthHarvestInfused2,map,1, / Dedication to the Goddess
Normal,Maps/MarakethFragment,map,1, / Timeless Maraketh Emblem
Normal,Maps/TemplarFragment,map,1, / Timeless Templar Emblem
Normal,Maps/UberBossKeyIncarnationOfFear,map,1, / Traumatic Fragment
Normal,Maps/UberBossKeySearingExarch,map,1, / Blazing Fragment
Normal,Maps/UberElder01,map,1, / Fragment of Terror
Normal,Maps/UberElder04,map,1, / Fragment of Knowledge
Normal,Maps/VaalFragment,map,1, / Timeless Vaal Emblem
Normal,Offhand/Shields,armour,1, / Splintered Tower Shield
Normal,QuestItems/BossEntranceKeyRiveted,map,1, / Zorath's Eye of the Inevitable
Normal,Quivers/QuiverBlunt,armour,1, / Heavy Arrow Quiver
Normal,Quivers/RikerRinQuiver,armour,1, / Primal Arrow Quiver
Normal,Rings/CeruleanRing,accessory,1, / Cerulean Ring
Normal,Rings/ChaosDmgRing,accessory,1, / Iolite Ring
Normal,Rings/Ring1,accessory,1, / Iron Ring
Normal,Rings/Ring5,accessory,1, / Topaz Ring
Normal,Rings/TopazRuby,accessory,1, / Two-Stone Ring
Normal,Rings/VermillionRing,accessory,1, / Vermillion Ring
Quest,Currency/Heist,-,2, / Contract: Follow the Paper Trail
Rare,Maps/Atlas2Maps,-,1611,Cinder Abyss / Map (Tier 16)
Rare,Currency/Heist,heistmission,1296,Brimstone Bond / Contract: Smuggler's Den
Rare,Armours/Helmets,armour,496,Armageddon Halo / Noble Tricorne
Rare,Weapons/OneHandWeapons,weapon,428,Doom Star / Opal Sceptre
Rare,Armours/BodyArmours,armour,337, / Triumphant Lamellar
Rare,Armours/Boots,armour,333,Rune Goad / Legion Boots
Rare,Armours/Gloves,armour,311,Storm Fingers / Sorcerer Gloves
Rare,Rings/BreachRing,accessory,268,Beast Grasp / Breach Ring
Rare,Armours/Shields,armour,211,Rune Bastion / Colossal Tower Shield
Rare,Weapons/TwoHandWeapons,weapon,200, / Imperial Maul
Rare,Jewels/NewGemBase2,jewel,171,Rapture Bliss / Medium Cluster Jewel
Rare,Maps/Atlas2Maps,map,164,Morbid Lands / Nightmare Map
Rare,Currency/BestiaryOrbFull,monster,158,Paingnaw / Shackled Hellion
Rare,Jewels/NewGemBase3,jewel,133,Honour Cut / Large Cluster Jewel
Rare,Jewels/basicstr,jewel,92,Entropy Essence / Crimson Jewel
Rare,Jewels/basicint,jewel,88,Kraken Dew / Cobalt Jewel
Rare,Rings/AmethystRing,accessory,84,Eagle Twirl / Amethyst Ring
Rare,Jewels/basicdex,jewel,83,Luminous Stinger / Viridian Jewel
Rare,Jewels/NewGemBase1,jewel,76,Pandemonium Hope / Small Cluster Jewel
Rare,Rings/SapphireRuby,accessory,76,Storm Band / Two-Stone Ring
Rare,Rings/TopazRuby,accessory,73,Brood Coil / Two-Stone Ring
Rare,Jewels/GhastlyEye,jewel,68,Ancient Orb / Ghastly Eye Jewel
Rare,Rings/TopazSapphire,accessory,68,Corpse Band / Two-Stone Ring
Rare,Belts/AbyssBelt,accessory,67,Victory Buckle / Stygian Vise
Rare,Amulets/Amulet7,accessory,58,Rage Collar / Synthesised Onyx Amulet
Rare,Belts/Belt3,accessory,57,Empyrean Clasp / Leather Belt
Rare,Rings/Ring6,accessory,54,Torment Grasp / Sapphire Ring
Rare,Currency/Heist,heistequipment,53,Demon Gorget / Silver Brooch
Rare,Amulets/CitrineAmulet,accessory,52,Rune Medallion / Citrine Amulet
Rare,Belts/Belt1,accessory,45,Chimeric Buckle / Rustic Sash
Rare,Amulets/AgateAmulet,accessory,44,Blight Rosary / Agate Amulet
Rare,Belts/Belt5,accessory,44,Dread Shackle / Heavy Belt
Rare,Rings/Ring5,accessory,43,Cataclysm Eye / Topaz Ring
Rare,Jewels/RivetedEye,jewel,42,Hollow Portent / Hypnotic Eye Jewel
Rare,Jewels/SearchingEye,jewel,41,Enthralling Lens / Searching Eye Jewel
Rare,Rings/Empty-Socket,accessory,41,Death Circle / Unset Ring
Rare,Rings/MoonstoneRing,accessory,41,Morbid Knot / Moonstone Ring
Rare,Rings/Ring7,accessory,41,Dire Twirl / Ruby Ring
Rare,Belts/Belt2,accessory,39,Brimstone Snare / Chain Belt
Rare,Amulets/TurquoiseAmulet,accessory,37,Viper Scarab / Turquoise Amulet
Rare,Jewels/MurderousEye,jewel,36,Foul Lens / Murderous Eye Jewel
Rare,Rings/Ring2,accessory,36,Rift Knot / Coral Ring
Rare,Amulets/Amulet4,accessory,34,Behemoth Locket / Jade Amulet
Rare,Rings/DiamondRing,accessory,32,Skull Knot / Diamond Ring
Rare,Rings/Ring1,accessory,30,Victory Twirl / Iron Ring
Rare,Amulets/Amulet3,accessory,28,Viper Heart / Amber Amulet
Rare,Amulets/Amulet5,accessory,27,Viper Torc / Lapis Amulet
Rare,Belts/Belt4,accessory,24, / Cloth Belt
Rare,Belts/Belt6,accessory,23,Wrath Bind / Studded Belt
Rare,Rings/BoneRing,accessory,21,Empyrean Nail / Bone Ring
Rare,Rings/Ring4,accessory,21,Sorrow Spiral / Synthesised Gold Ring
Rare,Amulets/Amulet1,accessory,20,Soul Locket / Paua Amulet
Rare,Amulets/Amulet2,accessory,20,Phoenix Clasp / Coral Amulet
Rare,Rings/Ring3,accessory,20,Woe Band / Paua Ring
Rare,Amulets/Amulet6,accessory,17,Storm Locket / Gold Amulet
Rare,Amulets/TalismanWhite5,accessory,17,Doom Idol / Deep One Talisman
Rare,Amulets/TalismanWhite3,accessory,15,Sol Choker / Black Maw Talisman
Rare,Amulets/TalismanWhite8,accessory,15,Rune Gorget / Ashscale Talisman
Rare,Currency/Heist,accessory,15,Spirit Bead / Thief's Trinket
Rare,Amulets/NewTalisman3,accessory,14,Damnation Choker / Sand Spitter Talisman
Rare,Amulets/TalismanWhite6,accessory,14,Brimstone Heart / Undying Flesh Talisman
Rare,Quivers/QuiverPenetrating,armour,13,Pandemonium Barb / Penetrating Arrow Quiver
Rare,Amulets/BluePearlAmulet,accessory,12,Maelström Choker / Blue Pearl Amulet
Rare,Quivers/RikerRinQuiver,armour,12,Maelström Shot / Primal Arrow Quiver
Rare,Amulets/TalismanWhite1,accessory,11,Cataclysm Clasp / Breakrib Talisman
Rare,Quivers/QuiverBroadhead,armour,11,Cataclysm Needle / Broadhead Arrow Quiver
Rare,Amulets/TalismanBlack3,accessory,10,Death Gorget / Clutching Talisman
Rare,Belts/CrystalBelt,accessory,10,Anarchy Buckle / Crystal Belt
Rare,Rings/VermillionRing,accessory,10,Wrath Coil / Vermillion Ring
Rare,Amulets/TalismanBlack6,accessory,9,Carrion Idol / Rhoa Talisman
Rare,Amulets/TalismanWhite2,accessory,9,Gale Charm / Lone Antler Talisman
Rare,Quivers/QuiverFire,armour,9, / Blazing Arrow Quiver
Rare,Quivers/QuiverSpike-Point,armour,9,Honour Spear / Spike-Point Arrow Quiver
Rare,Amulets/NewTalisman,accessory,8,Mind Medallion / Mandible Talisman
Rare,Amulets/TalismanWhite4,accessory,8,Woe Braid / Deadhand Talisman
Rare,Amulets/TalismanWhite7,accessory,8,Storm Beads / Bonespire Talisman
Rare,Relics/AtlasRelic1x1,idol,8,Foe Cut / Minor Idol
Rare,Amulets/TalismanBlack2,accessory,7,Fate Idol / Avian Twins Talisman
Rare,Amulets/TalismanBlack5,accessory,7,Empyrean Noose / Fangjaw Talisman
Rare,Rings/CeruleanRing,accessory,7,Dusk Knuckle / Cerulean Ring
Rare,Amulets/NewTalisman2,accessory,6,Vortex Heart / Chrysalis Talisman
Rare,Quivers/QuiverBlunt,armour,6,Hypnotic Shot / Blunt Arrow Quiver
Rare,Quivers/QuiverTwo-Point,armour,6,Gloom Brand / Two-Point Arrow Quiver
Rare,Quivers/VileArrowQuiver,armour,6,Mind Barb / Vile Arrow Quiver
Rare,Rings/OpalRing,accessory,6,Woe Grasp / Opal Ring
Rare,Amulets/MarbleAmulet,accessory,5,Gale Scarab / Marble Amulet
Rare,Amulets/NewTalisman7,accessory,5,Torment Torc / Horned Talisman
Rare,Amulets/TalismanBlack4,accessory,5,Rage Medallion / Splitnewt Talisman
Rare,Amulets/TalismanRed3,accessory,5,Grim Heart / Spinefuse Talisman
Rare,Amulets/TalismanRed6,accessory,5,Dragon Beads / Monkey Twins Talisman
Rare,Quivers/QuiverSerrated,armour,5,Ghoul Brand / Serrated Arrow Quiver
Rare,Rings/AdamantineRing,accessory,5,Soul Turn / Steel Ring
Rare,Rings/ChaosDmgRing,accessory,5,Onslaught Hold / Iolite Ring
Rare,Amulets/DireClawTalisman,accessory,4,Vengeance Collar / Wereclaw Talisman
Rare,Amulets/MonkeyPawTalisman,accessory,4,Ghoul Locket / Monkey Paw Talisman
Rare,Amulets/TalismanRed1,accessory,4,Cataclysm Scarab / Rotfeather Talisman
Rare,Amulets/TalismanRed4,accessory,4,Grim Rosary / Longtooth Talisman
Rare,Amulets/CrescentAmulet,accessory,3,Oblivion Braid / Seaglass Amulet
Rare,Amulets/TalismanRed7,accessory,3,Mind Gorget / Three Rat Talisman
Rare,Amulets/TalismanRed8,accessory,3,Dread Locket / Three Hands Talisman
Rare,Armours/Helmets,-,3,Viper Veil / Cultist Crown
Rare,Belts/Belt7,accessory,3, / Vanguard Belt
Rare,Quivers/ChiselQuiver,armour,3,Chimeric Spire / Artillery Quiver
Rare,Quivers/FeatheredArrowQuiver,armour,3, / Feathered Arrow Quiver
Rare,Quivers/QuiverSharktooth,armour,3,Gloom Spike / Sharktooth Arrow Quiver
Rare,Relics/AtlasRelic2x1,idol,3,Dragon Cut / Noble Idol
Rare,Rings/RitualRing,accessory,3,Mind Spiral / Nameless Ring
Rare,Weapons/OneHandWeapons,-,3,Blight Star / Rattling Sceptre
Rare,Amulets/TalismanBlack7,accessory,2,Dread Charm / Primal Skull Talisman
Rare,Armours/BodyArmours,-,2,Blood Ward / Shrouded Vest
Rare,Armours/Boots,-,2,Sol Slippers / Secured Leggings
Rare,QuestItems/TangledOrbQuest0,map,2,Planar Instigation / Writhing Invitation
Rare,Relics/AtlasRelic1x2,idol,2,Cataclysm Creed / Kamasan Idol
Rare,Rings/Basetypes,accessory,2,Tempest Loop / Sapphire Ring
Rare,Rings/BreachlordRing_UulNetol,accessory,2, / Organic Ring
Rare,Rings/LakeRing1,accessory,2,Brimstone Hold / Dusk Ring
Rare,Amulets/Basetypes,accessory,1,Tempest Locket / Jade Amulet
Rare,Armours/Gloves,-,1,Brood Nails / Sombre Gloves
Rare,Belts/HeistBelt1,accessory,1,Sol Snare / Micro-Distillery Belt
Rare,Belts/ImmortalFlesh,accessory,1,Torment Clasp / Leather Belt
Rare,Belts/SoulcordBelt,accessory,1,Skull Bond / Cord Belt
Rare,Jewels/BlueJewel5,jewel,1,Maelström Sliver / Cobalt Jewel
Rare,Jewels/CallofSteelFreq,jewel,1,Bramble Razor / Viridian Jewel
Rare,Jewels/DEXtoINT,jewel,1,Damnation Wisdom / Cobalt Jewel
Rare,Jewels/IceShotThreshold,jewel,1,Chimeric Delirium / Viridian Jewel
Rare,Jewels/unique2,jewel,1,Plague Cut / Viridian Jewel
Rare,Maps/AtlasMaps,map,1,Foul Secrets / Vaal Temple Map
Rare,Offhand/Foci,-,1,Brood Ward / Antler Focus
Rare,Quivers/PrismaticGleam,armour,1,Corruption Skewer / Primal Arrow Quiver
Rare,Rings/Basetypes,-,1,Horror Coil / Lazuli Ring
Rare,Rings/BreachlordRing_Chayula,accessory,1, / Fugitive Ring
Rare,Rings/BreachlordRing_Xoph,accessory,1, / Enthalpic Ring
Rare,Rings/HeistRing1Silver,accessory,1,Sol Hold / Ratcheting Ring
Rare,Rings/Ring12,accessory,1,Tempest Eye / Prismatic Ring
Rare,Rings/unused4,accessory,1,Corpse Finger / Unset Ring
SupporterFoil,Armours/Gloves,armour,2,Architect's Hand / Ambush Mitts
SupporterFoil,Amulets/MasterOfGems,accessory,1,Ashes of the Stars / Onyx Amulet
SupporterFoil,Armours/BodyArmours,armour,1,Incandescent Heart / Saintly Chainmail
SupporterFoil,Belts/BuckledBeltUnique2,accessory,1,Perandus Blazon / Cloth Belt
SupporterFoil,Jewels/PuzzlePieceJewel_CleansingFire,jewel,1,Forbidden Flame / Crimson Jewel
SupporterFoil,Maps/Atlas2Maps,map,1,Ancient Refuge / Valdo Map
Unique,Weapons/OneHandWeapons,weapon,754,Storm Prison / Carved Wand
Unique,Armours/Helmets,armour,554,Willclash / Golden Mask
Unique,Weapons/TwoHandWeapons,weapon,456,Quecholli / Jagged Maul
Unique,Armours/BodyArmours,armour,376,Ghostwrithe / Silken Vest
Unique,Armours/Boots,armour,336,Ralakesh's Impatience / Riveted Boots
Unique,Armours/Gloves,armour,307,The Embalmer / Carnal Mitts
Unique,Armours/Shields,armour,268,Malachai's Loop / Harmonic Spirit Shield
Unique,Currency/Heist,heistmission,182,Contract: Breaking the Unbreakable / Preventative Contract
Unique,Maps/UniqueMapEye,-,59,Whakawairua Tuahu / Map (Tier 15)
Unique,Jewels/PuzzlePieceJewel_GreatTangle,jewel,45,Forbidden Flesh / Cobalt Jewel
Unique,Jewels/PuzzlePieceJewel_CleansingFire,jewel,44,Forbidden Flame / Crimson Jewel
Unique,Flasks/OverflowingChalice,flask,43,The Overflowing Chalice / Sulphur Flask
Unique,Flasks/KiarasDetermination,flask,36,Kiara's Determination / Silver Flask
Unique,Rings/SynthesisPhysical2,accessory,36,Circle of Guilt / Synthesised Iron Ring
Unique,Maps/olmec,-,35,Olmec's Sanctum / Map (Tier 16)
Unique,Rings/SynthesisLightning,accessory,35,Circle of Regret / Synthesised Topaz Ring
Unique,Rings/SynthesisCold,accessory,34, / Synthesised Sapphire Ring
Unique,Flasks/PhantomBlood,flask,32,Forbidden Taste / Quartz Flask
Unique,Flasks/SorrowOfTheDivine,flask,30,The Sorrow of the Divine / Sulphur Flask
Unique,Maps/PillarsOfVastiri,-,30, / Map (Tier 16)
Unique,Rings/SynthesisFire,accessory,30,Circle of Anguish / Synthesised Ruby Ring
Unique,Maps/FairgravesMap01,-,26,Mao Kun / Map (Tier 16)
Unique,Maps/musicbox,-,25,Acton's Nightmare / Map (Tier 16)
Unique,Rings/SynthesisPhysical,accessory,25,Circle of Nostalgia / Synthesised Amethyst Ring
Unique,Flasks/yFlask4,flask,24,Doedre's Elixir / Greater Mana Flask
Unique,Maps/MaelstromofChaos,-,23,Maelström of Chaos / Map (Tier 16)
Unique,Maps/WolfMap,-,22,"Caer Blaidd, Wolfpack's Den / Map (Tier 16)"
Unique,Flasks/VialofUnlife,flask,21,Cinderswallow Urn / Silver Flask
Unique,Amulets/Amulet4Unique,accessory,20,Karui Ward / Jade Amulet
Unique,Flasks/BlockFlask,flask,20,Rumi's Concoction / Granite Flask
Unique,Flasks/yFlask5,flask,20,Lion's Roar / Granite Flask
Unique,Rings/Ring2Unique,accessory,20,Kaom's Sign / Coral Ring
Unique,Jewels/ElderJewel,jewel,19,Watcher's Eye / Prismatic Jewel
Unique,Rings/BloodBoil,accessory,19,Winterweave / Coral Ring
Unique,Rings/Kikazaru,accessory,19,Kikazaru / Topaz Ring
Unique,Rings/Leheupofall,accessory,19,Foulborn Le Heup of All / Iron Ring
Unique,Rings/Ring3Unique,accessory,19,Doedre's Damning / Paua Ring
Unique,Belts/BatedBreath,accessory,18,Bated Breath / Chain Belt
Unique,Belts/BeltOfTheDeciever,accessory,18,Belt of the Deceiver / Heavy Belt
Unique,Maps/oba,-,18,Oba's Cursed Trove / Map (Tier 16)
Unique,Belts/DarknessEnthroned,accessory,17,Darkness Enthroned / Stygian Vise
Unique,Jewels/UniqueJewelBase2,jewel,17,Megalomaniac / Medium Cluster Jewel
Unique,Maps/PoorjoysAsylum,-,17,Poorjoy's Asylum / Map (Tier 16)
Unique,Flasks/WitchFireBrew,flask,16,Witchfire Brew / Stibnite Flask
Unique,Maps/HallowedGround,-,16, / Map (Tier 16)
Unique,Quivers/HryyisBite,armour,16,Hyrri's Bite / Sharktooth Arrow Quiver
Unique,Amulets/Amulet1Unique,accessory,15,Sidhebreath / Paua Amulet
Unique,Belts/Belt7Unique,accessory,15,Meginord's Girdle / Heavy Belt
Unique,Belts/BuckledBeltUnique2,accessory,15,Perandus Blazon / Cloth Belt
Unique,Flasks/TheWiseOak,flask,15,The Wise Oak / Bismuth Flask
Unique,Maps/HallOfGrandmasters,-,15,Hall of Grandmasters / Map (Tier 16)
Unique,Rings/DieOfDestiny,accessory,15,Ventor's Gamble / Gold Ring
Unique,Amulets/Amulet37,accessory,14,Carnage Heart / Onyx Amulet
Unique,Amulets/Malachai's BrillianceAmulet,accessory,14,Replica Dragonfang's Flight / Onyx Amulet
Unique,Armours/Shields,currency,14,Third Piece of Focus / Archon Kite Shield Piece
Unique,Jewels/ConnectedJewel,jewel,14,Thread of Hope / Crimson Jewel
Unique,Jewels/GolemTempest,jewel,14,Primordial Harmony / Cobalt Jewel
Unique,Jewels/HighQuestRewardRed,jewel,14,Conqueror's Efficiency / Crimson Jewel
Unique,Maps/SynthesisBossGuardianMap,-,14,Cortex / Map (Tier 16)
Unique,Quivers/QuiverUnique1,armour,14,Blackgleam / Blazing Arrow Quiver
Unique,Amulets/Amulet36,accessory,13,Astramentis / Onyx Amulet
Unique,Belts/Belt6Unique,accessory,13,Wurm's Molt / Leather Belt
Unique,Flasks/Rotgut,flask,13,Rotgut / Quicksilver Flask
Unique,Rings/Praxis,accessory,13,Praxis / Paua Ring
Unique,Flasks/WrithingJar,flask,12,The Writhing Jar / Hallowed Hybrid Flask
Unique,Jewels/TemplarCivilization,jewel,12,Militant Faith / Timeless Jewel
Unique,Maps/DeathandTaxes,-,12,Death and Taxes / Map (Tier 1)
Unique,Quivers/QuiverUnique4,armour,12,Craghead / Serrated Arrow Quiver
Unique,Rings/LorisLantern,accessory,12,Lori's Lantern / Prismatic Ring
Unique,Rings/Ring1Unique,accessory,12,Blackheart / Iron Ring
Unique,Amulets/UngilsHarmony,accessory,11,Ungil's Harmony / Turquoise Amulet
Unique,Belts/ImmortalFlesh,accessory,11,Immortal Flesh / Leather Belt
Unique,Belts/MotherDyadus,accessory,11,Dyadian Dawn / Heavy Belt
Unique,Flasks/AtzirisPromise,flask,11,Atziri's Promise / Amethyst Flask
Unique,Jewels/KaruiCivilization,jewel,11,Lethal Pride / Timeless Jewel
Unique,Jewels/MarakethCivilization,jewel,11,Brutal Restraint / Timeless Jewel
Unique,Jewels/MidQuestRewardGreen,jewel,11,Poacher's Aim / Viridian Jewel
Unique,Rings/Timeclasp,accessory,11,Timeclasp / Moonstone Ring
Unique,Amulets/Amulet2Unique,accessory,10,Araku Tiki / Coral Amulet
Unique,Amulets/Anvil,accessory,10,The Anvil / Amber Amulet
Unique,Amulets/MasterOfGems,accessory,10,Ashes of the Stars / Onyx Amulet
Unique,Amulets/SharedUnsight,accessory,10,Retaliation Charm / Citrine Amulet
Unique,Amulets/WinterHeartALT,accessory,10,Winterheart / Gold Amulet
Unique,Belts/Prismweave,accessory,10,Prismweave / Rustic Sash
Unique,Flasks/GorgonsFlask,flask,10,Coralito's Signature / Diamond Flask
Unique,Flasks/LaviangasOil,flask,10,Lavianga's Spirit / Sanctified Mana Flask
Unique,Flasks/VinktarFlask,flask,10,Vessel of Vinktar / Topaz Flask
Unique,Jewels/GreenCorrupt5,jewel,10,Self-Flagellation / Viridian Jewel
Unique,Quivers/AsphyxiasWrath,armour,10,Asphyxia's Wrath / Feathered Arrow Quiver
Unique,Rings/BanditRing,accessory,10,The Highwayman / Gold Ring
Unique,Rings/EssenceWorm,accessory,10,Essence Worm / Unset Ring
Unique,Rings/MokousEmbrace,accessory,10,Mokou's Embrace / Ruby Ring
Unique,Rings/RomirasBanquet,accessory,10,Foulborn Romira's Banquet / Diamond Ring
Unique,Amulets/Amulet6Unique,accessory,9,The Ignomon / Gold Amulet
Unique,Amulets/Amulet7Unique,accessory,9,Eye of Chayula / Onyx Amulet
Unique,Amulets/ShapersSeed,accessory,9,Shaper's Seed / Agate Amulet
Unique,Belts/Perserverance,accessory,9,Perseverance / Vanguard Belt
Unique,Jewels/BlightThreshold,jewel,9,Spreading Rot / Cobalt Jewel
Unique,Jewels/MidQuestRewardBlue,jewel,9,Assassin's Haste / Cobalt Jewel
Unique,Jewels/RedJewel2,jewel,9,Immutable Force / Crimson Jewel
Unique,Maps/UndeadSiege,-,9,The Coward's Trial / Map (Tier 14)
Unique,Rings/HeartboundRing,accessory,9,Heartbound Loop / Moonstone Ring
Unique,Rings/TasaliosSign,accessory,9,Tasalio's Sign / Sapphire Ring
Unique,Amulets/Amulet15,accessory,8,Maligaro's Cruelty / Turquoise Amulet
Unique,Amulets/Amulet5Unique,accessory,8,Stone of Lazhwar / Lapis Amulet
Unique,Amulets/PerquilsToe,accessory,8,Perquil's Toe / Gold Amulet
Unique,Amulets/TearOfPurity,accessory,8,Tear of Purity / Lapis Amulet
Unique,Amulets/TurquoiseAmuletUnique,accessory,8,Victario's Acuity / Turquoise Amulet
Unique,Flasks/BloodOfTheKarui,flask,8,Blood of the Karui / Sanctified Life Flask
Unique,Flasks/yFlasks17,flask,8,Divination Distillate / Large Hybrid Flask
Unique,Jewels/GolemArctic,jewel,8,Primordial Eminence / Viridian Jewel
Unique,Jewels/unique12,jewel,8,Survival Secrets / Cobalt Jewel
Unique,Maps/UniqueMap1,-,8,Vaults of Atziri / Map (Tier 16)
Unique,Quivers/TheSkirmish,armour,8,Skirmish / Two-Point Arrow Quiver
Unique,Rings/MalachaisArtifice,accessory,8,Malachai's Artifice / Unset Ring
Unique,Rings/MingsHeart,accessory,8,Ming's Heart / Amethyst Ring
Unique,Rings/RedBrandRing,accessory,8,Mark of Submission / Unset Ring
Unique,Rings/TheWardensBand,accessory,8,The Warden's Brand / Iron Ring
Unique,Amulets/VoidcoreAmulet,accessory,7,The Eternal Struggle / Onyx Amulet
Unique,Amulets/Xedralyas,accessory,7,The Aylardex / Agate Amulet
Unique,Belts/Belt8,accessory,7,Sunblast / Cloth Belt
Unique,Belts/Gluttony,accessory,7,Gluttony / Leather Belt
Unique,Belts/TheDruggery,accessory,7,The Druggery / Cloth Belt
Unique,Flasks/TasteOfHate,flask,7,Taste of Hate / Sapphire Flask
Unique,Jewels/EternalEmpireCivilization,jewel,7,Elegant Hubris / Timeless Jewel
Unique,Jewels/RedKarui,jewel,7,Rain of Splinters / Crimson Jewel
Unique,Jewels/unique2,jewel,7,Survival Instincts / Viridian Jewel
Unique,Quivers/BloodSandQuiver,armour,7,Scorpion's Call / Heavy Arrow Quiver
Unique,Rings/AltBreach,accessory,7,Ixchel's Temptation / Gold Ring
Unique,Rings/BereksPass,accessory,7,Berek's Pass / Two-Stone Ring
Unique,Rings/LadyRing,accessory,7,Perandus Signet / Paua Ring
Unique,Rings/NgamahusSign,accessory,7,Ngamahu's Sign / Ruby Ring
Unique,Rings/ThunderLoop,accessory,7,Storm Secret / Topaz Ring
Unique,Amulets/BloodSoaked_Medallion,accessory,6,Bloodsoaked Medallion / Amber Amulet
Unique,Amulets/MetamorphosisAmulet,accessory,6,Fury Valve / Turquoise Amulet
Unique,Amulets/PresenceOfChayula,accessory,6,Presence of Chayula / Onyx Amulet
Unique,Amulets/Quid,accessory,6,Atziri's Foible / Paua Amulet
Unique,Amulets/StarlightMark,accessory,6,Willowgift / Jade Amulet
Unique,Amulets/SynthesisAccuracyAmulet,accessory,6,Hyrri's Truth / Jade Amulet
Unique,Amulets/TaintedSprings,accessory,6,Blightwell / Clutching Talisman
Unique,Belts/BiscosLeash,accessory,6,Bisco's Leash / Heavy Belt
Unique,Belts/Soulthirst,accessory,6,Soulthirst / Cloth Belt
Unique,Belts/String_of_Servitude,accessory,6,String of Servitude / Heavy Belt
Unique,Jewels/FreezingPulseThreshold,jewel,6,First Snow / Cobalt Jewel
Unique,Jewels/GreenJewel2,jewel,6,Stormshroud / Viridian Jewel
Unique,Jewels/INTtoDEX,jewel,6,Careful Planning / Viridian Jewel
Unique,Jewels/MoltenStrikeThreshold,jewel,6,Wildfire / Crimson Jewel
Unique,Jewels/RedJewel5,jewel,6,Energised Armour / Crimson Jewel
Unique,Jewels/SparkThreshold,jewel,6,Hazardous Research / Cobalt Jewel
Unique,Jewels/VaalCivilization,jewel,6,Glorious Vanity / Timeless Jewel
Unique,Quivers/MaloneysNightfall,armour,6,Maloney's Nightfall / Blunt Arrow Quiver
Unique,Quivers/Rearguard,armour,6,Rearguard / Blunt Arrow Quiver
Unique,Relics/RelicUnique1x2,sanctum,6,The Hour of Divinity / Censer Relic
Unique,Rings/AmethystRingUnique,accessory,6,Death Rush / Amethyst Ring
Unique,Rings/BereksGrip,accessory,6,Berek's Grip / Two-Stone Ring
Unique,Rings/ThiefsTorment,accessory,6,Thief's Torment / Prismatic Ring
Unique,Rings/Valyrium,accessory,6,Valyrium / Moonstone Ring
Unique,Weapons/OneHandWeapons,currency,6,First Piece of the Arcane / Legion Sword Piece
Unique,Amulets/IkiahoAmulet,accessory,5,Ikiaho's Promise / Coral Amulet
Unique,Amulets/MarylenesFallacy,accessory,5,Marylene's Fallacy / Lapis Amulet
Unique,Amulets/ThePrimordialChain,accessory,5,The Primordial Chain / Coral Amulet
Unique,Amulets/WarpedTimepiece,accessory,5,Foulborn Warped Timepiece / Turquoise Amulet
Unique,Armours/Helmets,currency,5,Second Piece of Storms / Callous Mask Piece
Unique,Belts/85482,accessory,5,Siegebreaker / Heavy Belt
Unique,Belts/ElderBelt,accessory,5,Cyclopean Coil / Leather Belt
Unique,Belts/Faminebind,accessory,5,Faminebind / Rustic Sash
Unique,Belts/MaligarosRestraint,accessory,5,Maligaro's Restraint / Chain Belt
Unique,Belts/Shards,currency,5,First Piece of Time / Cloth Belt Piece
Unique,Effects/Hats,armour,5,Ancient Skull / Bone Helmet
Unique,Flasks/CorusElixir,flask,5,Coruscating Elixir / Ruby Flask
Unique,Jewels/BlueCorrupt5,jewel,5,Brittle Barrier / Cobalt Jewel
Unique,Jewels/BlueJewel6,jewel,5,Energy From Within / Cobalt Jewel
Unique,Jewels/DEXtoINT,jewel,5,Fertile Mind / Cobalt Jewel
Unique,Jewels/EtherealKnivesThreshold,jewel,5,Ring of Blades / Viridian Jewel
Unique,Jewels/GreenCorrupt6,jewel,5,Pacifism / Viridian Jewel
Unique,Jewels/GreenGrandSpectrum,jewel,5,Grand Spectrum / Viridian Jewel
Unique,Jewels/GroundSlamModifier,jewel,5,Rapid Expansion / Crimson Jewel
Unique,Jewels/HighQuestRewardBlue,jewel,5,Conqueror's Potency / Cobalt Jewel
Unique,Jewels/IgnorePain,jewel,5,Bloodnotch / Crimson Jewel
Unique,Jewels/TheRedDream,jewel,5,Foulborn The Red Dream / Crimson Jewel
Unique,Jewels/TranscendentGreen,jewel,5,Transcendent Spirit / Viridian Jewel
Unique,Jewels/UniqueJewelBase3,jewel,5,Voices / Large Cluster Jewel
Unique,Jewels/unique6,jewel,5,Intuitive Leap / Viridian Jewel
Unique,Maps/Celestial,-,5, / Map (Tier 16)
Unique,Maps/SynthesisGolemGuardianMap,-,5,Rewritten Distant Memory / Map (Tier 16)
Unique,Quivers/Drillneck,armour,5,Drillneck / Penetrating Arrow Quiver
Unique,Quivers/SeamusGift,armour,5,Saemus' Gift / Feathered Arrow Quiver
Unique,Quivers/Soulstrike,armour,5,Soul Strike / Spike-Point Arrow Quiver
Unique,Rings/Brotherhood,accessory,5,Call of the Brotherhood / Two-Stone Ring
Unique,Rings/Cherufe,accessory,5,Pyre / Sapphire Ring
Unique,Rings/DiamondRingUnique,accessory,5,Gifts from Above / Diamond Ring
Unique,Rings/Ring10,accessory,5,Replica Emberwake / Ruby Ring
Unique,Rings/Ring4Unique,accessory,5,Andvarius / Gold Ring
Unique,Rings/SibylsLament,accessory,5,Sibyl's Lament / Coral Ring
Unique,Rings/TawhanukuRing,accessory,5,Tawhanuku's Timing / Moonstone Ring
Unique,Rings/UberShaperRing,accessory,5,Mark of the Shaper / Opal Ring
Unique,Amulets/CitrineAmuletUnique,accessory,4,Daresso's Salute / Citrine Amulet
Unique,Amulets/ExtractorMentis,accessory,4,Extractor Mentis / Agate Amulet
Unique,Amulets/JujusSoul,accessory,4,The Jinxed Juju / Citrine Amulet
Unique,Amulets/SocketedTalisman,accessory,4,Night's Hold / Black Maw Talisman
Unique,Belts/BuckledBeltUnique,accessory,4,The Magnate / Studded Belt
Unique,Belts/Coward's Legacy,accessory,4,Coward's Legacy / Chain Belt
Unique,Belts/Feastbind,accessory,4,Feastbind / Rustic Sash
Unique,Belts/Headhunter,accessory,4,Headhunter / Leather Belt
Unique,Belts/PyroshockClasp,accessory,4,Pyroshock Clasp / Leather Belt
Unique,Belts/SirusBelt,accessory,4,The Burden of Truth / Crystal Belt
Unique,Belts/SoulTether,accessory,4,Replica Soul Tether / Cloth Belt
Unique,Belts/TheBitingBraid,accessory,4,Foulborn Saresh's Darkness / Chain Belt
Unique,Flasks/ShapersFlask,flask,4,Dying Sun / Ruby Flask
Unique,Jewels/DualStrikeThreshold,jewel,4,Might and Influence / Viridian Jewel
Unique,Jewels/FrostboltThreshold,jewel,4,Frozen Trail / Cobalt Jewel
Unique,Jewels/PoisonDamageModifier,jewel,4,Growing Agony / Viridian Jewel
Unique,Jewels/PureTalent,jewel,4,Pure Talent / Viridian Jewel
Unique,Jewels/RedJewel10,jewel,4,Coated Shrapnel / Crimson Jewel
Unique,Jewels/STRtoDEX,jewel,4,Fluid Motion / Viridian Jewel
Unique,Jewels/UniqueJewelBase1,jewel,4,Split Personality / Crimson Jewel
Unique,Jewels/unique7,jewel,4,Inspired Learning / Crimson Jewel
Unique,Maps/SynthesisColdGuardianMap,-,4, / Map (Tier 10)
Unique,Maps/SynthesisFireGuardianMap,-,4, / Map (Tier 16)
Unique,Quivers/AhuanaQuiver,armour,4,Ahuana's Bite / Sharktooth Arrow Quiver
Unique,Quivers/HarbingerQuiver,armour,4,The Fracturing Spinner / Blunt Arrow Quiver
Unique,Quivers/PrismaticGleam,armour,4,The Poised Prism / Primal Arrow Quiver
Unique,Quivers/Shards,currency,4,Third Piece of Directions / Blunt Arrow Quiver Piece
Unique,Quivers/TriggerQuiverBase,armour,4,Maloney's Mechanism / Ornate Quiver
Unique,Rings/BereksRespite,accessory,4,Berek's Respite / Two-Stone Ring
Unique,Rings/GrattusRing,accessory,4,Grattus Signet / Diamond Ring
Unique,Rings/IcefangOrbit,accessory,4,Icefang Orbit / Iron Ring
Unique,Amulets/AssassinUnique,accessory,3,Foulborn Badge of the Brotherhood / Turquoise Amulet
Unique,Amulets/Charge Amplifier,accessory,3,The Ephemeral Bond / Lapis Amulet
Unique,Amulets/Deathward,accessory,3,Bonemeld / Marble Amulet
Unique,Amulets/HinekorasSight,accessory,3,Hinekora's Sight / Onyx Amulet
Unique,Amulets/RashkaldorsPatience,accessory,3,Rashkaldor's Patience / Jade Amulet
Unique,Amulets/YokeOfSuffering,accessory,3,Yoke of Suffering / Onyx Amulet
Unique,Belts/AltChargeStr,accessory,3,Arn's Anguish / Cloth Belt
Unique,Belts/HarbingerBelt,accessory,3,The Flow Untethered / Cloth Belt
Unique,Belts/InjectorBelt,accessory,3,Mageblood / Heavy Belt
Unique,Belts/LeashOfOblation,accessory,3,Leash of Oblation / Leather Belt
Unique,Belts/TinkerersTools,accessory,3,The Arkhon's Tools / Cloth Belt
Unique,Flasks/Sin,flask,3,Sin's Rebirth / Stibnite Flask
Unique,Flasks/UniquePrismatic,tincture,3,Sap of the Seasons / Prismatic Tincture
Unique,Flasks/UniqueSporebloom,tincture,3,Grasping Nightshade / Sporebloom Tincture
Unique,Jewels/AdditionalSkeletonMagesModifier,jewel,3,Dead Reckoning / Cobalt Jewel
Unique,Jewels/AnimateWeaponModifier,jewel,3,Spirit Guards / Viridian Jewel
Unique,Jewels/BarrageModifier,jewel,3,Volley Fire / Viridian Jewel
Unique,Jewels/BlueJewel3,jewel,3,Malicious Intent / Cobalt Jewel
Unique,Jewels/BlueJewel4,jewel,3,Fortress Covenant / Cobalt Jewel
Unique,Jewels/BlueJewel7,jewel,3,Healthy Mind / Cobalt Jewel
Unique,Jewels/CleaveThreshold,jewel,3,Overwhelming Odds / Crimson Jewel
Unique,Jewels/DEXtoSTR,jewel,3,Inertia / Crimson Jewel
Unique,Jewels/FrostBladesThreshold,jewel,3,Fight for Survival / Viridian Jewel
Unique,Jewels/GhastlyEyeUnique,jewel,3,Amanamu's Gaze / Ghastly Eye Jewel
Unique,Jewels/GolemInfernal,jewel,3,Primordial Might / Crimson Jewel
Unique,Jewels/HypnoticEyeUnique,jewel,3, / Hypnotic Eye Jewel
Unique,Jewels/INTtoSTR,jewel,3,Efficient Training / Crimson Jewel
Unique,Jewels/IceShotThreshold,jewel,3,Omen on the Winds / Viridian Jewel
Unique,Jewels/LioneyesFall,jewel,3,Lioneye's Fall / Viridian Jewel
Unique,Jewels/LoneMessengerJewel,jewel,3,Calamitous Visions / Small Cluster Jewel
Unique,Jewels/MurderousEyeUnique,jewel,3, / Murderous Eye Jewel
Unique,Jewels/SecretsOfAgonyJewel,jewel,3,The Interrogation / Small Cluster Jewel
Unique,Jewels/SpectralThrowThreshold,jewel,3,Seething Fury / Viridian Jewel
Unique,Jewels/unique14,jewel,3,Hotheaded / Viridian Jewel
Unique,Jewels/unique20,jewel,3,Fragile Bloom / Crimson Jewel
Unique,Jewels/unique4,jewel,3,Survival Skills / Crimson Jewel
Unique,Maps/PutridCloister,-,3,The Putrid Cloister / Map (Tier 16)
Unique,Rings/AshAndFrost,accessory,3,Polaric Devastation / Opal Ring
Unique,Rings/Bloodfreeze,accessory,3,Venopuncture / Iron Ring
Unique,Rings/Ring6Unique,accessory,3,Dream Fragments / Sapphire Ring
Unique,Rings/ValakosSign,accessory,3,Valako's Sign / Topaz Ring
Unique,Rings/unused4,accessory,3,Voideye / Unset Ring
Unique,Weapons/TwoHandWeapons,currency,3,Second Piece of Brutality / Imperial Staff Piece
Unique,Amulets/AscendanceAmulet,accessory,2,Crystallised Omniscience / Onyx Amulet
Unique,Amulets/BloodAmulet,accessory,2,Bloodgrip / Marble Amulet
Unique,Amulets/DoedresTongue,accessory,2,Doedre's Tongue / Lapis Amulet
Unique,Amulets/ElderChaos,accessory,2,Impresence / Onyx Amulet
Unique,Amulets/EyeOfInnocence,accessory,2,Eye of Innocence / Citrine Amulet
Unique,Amulets/GlacierCacoonUpgrade,accessory,2,Foulborn The Pandemonius / Jade Amulet
Unique,Amulets/ShapersPresence,accessory,2,Solstice Vigil / Onyx Amulet
Unique,Amulets/WhispersofInfinity,accessory,2,Whispers of Infinity / Seaglass Amulet
Unique,Belts/AltChargeInt,accessory,2,Graven's Secret / Cloth Belt
Unique,Belts/Auxium,accessory,2,Auxium / Crystal Belt
Unique,Belts/HinekoraBelt,accessory,2,Bound Fate / Cloth Belt
Unique,Belts/KaomBelt,accessory,2,Kaom's Binding / Heavy Belt
Unique,Belts/LinkmastersCoil,accessory,2,Ceinture of Benevolence / Cloth Belt
Unique,Belts/MothersEmbrace,accessory,2,Mother's Embrace / Heavy Belt
Unique,Belts/NevaliusBelt,accessory,2,Nevalius Inheritance / Cloth Belt
Unique,Belts/Turncoatsfortune,accessory,2,Ascent From Flesh / Chain Belt
Unique,Belts/UmbilicusImmortalis,accessory,2,Umbilicus Immortalis / Leather Belt
Unique,Belts/UnhealthyBurden,accessory,2,Chain of Endurance / Chain Belt
Unique,Flasks/BottledPurity,flask,2,Bottled Faith / Sulphur Flask
Unique,Flasks/SoulCatcher,flask,2,Soul Catcher / Quartz Flask
Unique,Flasks/UberMavenFlask,flask,2,Progenesis / Amethyst Flask
Unique,Flasks/UniqueAshbark,tincture,2,Wildfire Phloem / Ashbark Tincture
Unique,Jewels/AfflictionJewel,jewel,2,The Light of Meaning / Prismatic Jewel
Unique,Jewels/BlueCorrupt4,jewel,2,Fevered Mind / Cobalt Jewel
Unique,Jewels/BlueCorrupt6,jewel,2,Powerlessness / Cobalt Jewel
Unique,Jewels/BlueJewel1,jewel,2,Unstable Payload / Cobalt Jewel
Unique,Jewels/BlueJewel5,jewel,2,Anatomical Knowledge / Cobalt Jewel
Unique,Jewels/CallofSteelArea,jewel,2,Lord of Steel / Viridian Jewel
Unique,Jewels/CallofSteelDmg,jewel,2,Lord of Steel / Viridian Jewel
Unique,Jewels/CallofSteelFreq,jewel,2,Lord of Steel / Viridian Jewel
Unique,Jewels/DiscipleOfKitavaJewel,jewel,2,Kitava's Teachings / Small Cluster Jewel
Unique,Jewels/DoubleDamageModifier,jewel,2,Weight of the Empire / Crimson Jewel
Unique,Jewels/ElementalHitLightening,jewel,2,Combat Focus / Viridian Jewel
Unique,Jewels/EntangledElementsJewel,jewel,2,Melding of the Flesh / Cobalt Jewel
Unique,Jewels/FireballModifier,jewel,2,Rolling Flames / Cobalt Jewel
Unique,Jewels/GolemChaos,jewel,2,The Anima Stone / Prismatic Jewel
Unique,Jewels/HighQuestRewardGreen,jewel,2,Conqueror's Longevity / Viridian Jewel
Unique,Jewels/PotencyOfTheUnremarkable,jewel,2,Might of the Meek / Crimson Jewel
Unique,Jewels/PristineConditioning,jewel,2,Ancestral Vision / Viridian Jewel
Unique,Jewels/RecklessDefense,jewel,2,Replica Reckless Defence / Cobalt Jewel
Unique,Jewels/RedCorrupt5,jewel,2,Blood Sacrifice / Crimson Jewel
Unique,Jewels/SoulsWick,jewel,2,Soul's Wick / Cobalt Jewel
Unique,Jewels/TemperedBlue,jewel,2,Tempered Mind / Cobalt Jewel
Unique,Jewels/TheBlueDream,jewel,2,Foulborn The Blue Dream / Cobalt Jewel
Unique,Jewels/TheGreenDreamUpgrade,jewel,2,The Green Nightmare / Viridian Jewel
Unique,Jewels/TranscendentBlue,jewel,2,Transcendent Mind / Cobalt Jewel
Unique,Jewels/UnnaturalInstinct,jewel,2,Unnatural Instinct / Viridian Jewel
Unique,Jewels/VigilanteModifier,jewel,2,The Vigil / Crimson Jewel
Unique,Jewels/unique10,jewel,2,Quickening Covenant / Viridian Jewel
Unique,Jewels/unique16,jewel,2,Mantra of Flames / Crimson Jewel
Unique,Jewels/unique5,jewel,2,Martial Artistry / Crimson Jewel
Unique,Maps/SynthesisLightningGuardianMap,-,2,Twisted Distant Memory / Map (Tier 16)
Unique,Quivers/EldarQuiver,armour,2,Voidfletcher / Primal Arrow Quiver
Unique,Relics/RelicUnique1x4,sanctum,2, / Candlestick Relic
Unique,Relics/RelicUnique2x1,sanctum,2,The Night Lamp / Urn Relic
Unique,Rings/CursedEye,accessory,2,Rotblood Promise / Unset Ring
Unique,Rings/EnmitysEmbrace,accessory,2,Enmity's Embrace / Vermillion Ring
Unique,Rings/Mutewind,accessory,2,Mutewind Seal / Unset Ring
Unique,Rings/Redblade,accessory,2,Redblade Band / Unset Ring
Unique,Rings/RitualPhantasmRing,accessory,2,The Hateful Accuser / Nameless Ring
Unique,Rings/Serpentseed,accessory,2,Snakepit / Sapphire Ring
Unique,Rings/ShieldBand,accessory,2,Prospero's Protection / Iron Ring
Unique,Rings/StormFire,accessory,2,Stormfire / Opal Ring
Unique,Rings/TheHungryLoop,accessory,2,The Hungry Loop / Unset Ring
Unique,Rings/TheTaming,accessory,2,The Taming / Prismatic Ring
Unique,Rings/UniqueCurseRing,accessory,2,Anathema / Moonstone Ring
Unique,Rings/WrithingLoop,accessory,2,Squirming Terror / Unset Ring
Unique,Amulets/BiscosCollar,accessory,1,Bisco's Collar / Gold Amulet
Unique,Amulets/DirgeOfVictory,accessory,1,Star of Wraeclast / Ruby Amulet
Unique,Amulets/ElderCold,accessory,1,Impresence / Onyx Amulet
Unique,Amulets/ElderFire,accessory,1,Impresence / Onyx Amulet
Unique,Amulets/HinekoraAmulet,accessory,1,Defiance of Destiny / Paua Amulet
Unique,Amulets/KuraisMastery,accessory,1,Leadership's Price / Onyx Amulet
Unique,Amulets/PinnacleFragmentEater,currency,1,Curio of Consumption / Primordial Fragment
Unique,Amulets/PinnacleFragmentExarch,currency,1,Curio of Absorption / Primordial Fragment
Unique,Amulets/RigwaldsTalisman,accessory,1,Eyes of the Greatwolf / Greatwolf Talisman
Unique,Amulets/SabertoothsPendant,accessory,1,The Felbog Fang / Citrine Amulet
Unique,Amulets/Sacrificial_Heart,accessory,1,Sacrificial Heart / Paua Amulet
Unique,Amulets/ShadowRay,accessory,1,Gloomfang / Blue Pearl Amulet
Unique,Amulets/TaintedPact,accessory,1,Tainted Pact / Coral Amulet
Unique,Amulets/TalismanUnique2,accessory,1,Natural Hierarchy / Rotfeather Talisman
Unique,Amulets/Tavukai,accessory,1,Tavukai / Coral Amulet
Unique,Amulets/Uniques,accessory,1,Surefooted Sigil / Jade Amulet
Unique,Amulets/VenariusAstrolabe,accessory,1,Venarius' Astrolabe / Astrolabe Amulet
Unique,Amulets/VoiceOfTheStorm,accessory,1,Voice of the Storm / Lapis Amulet
Unique,Amulets/VoiceOfTheStormUpgrade,accessory,1,Foulborn Choir of the Storm / Lapis Amulet
Unique,Belts/AltChargeDex,accessory,1,Olesya's Delight / Cloth Belt
Unique,Belts/Betrayal_Unique_Transport_Belt,accessory,1,Hyperboreus / Leather Belt
Unique,Belts/HarbingerBeltUpgraded,accessory,1,The Torrent's Reclamation / Cloth Belt
Unique,Belts/ImbalancedCord,accessory,1,Survivor's Guilt / Heavy Belt
Unique,Belts/KalguuranWardBelt,accessory,1,Ynda's Stand / Studded Belt
Unique,Belts/TheRetch,accessory,1,The Retch / Rustic Sash
Unique,Belts/UberShaperBelt,accessory,1,The Tides of Time / Vanguard Belt
Unique,Flasks/AdaptationFlask03,flask,1,Vorana's Preparation / Iron Flask
Unique,Flasks/UniqueIronwood,tincture,1,Mightblood Ire / Ironwood Tincture
Unique,Jewels/BlueCorrupt2,jewel,1,Mutated Growth / Cobalt Jewel
Unique,Jewels/BoundByDestiny,jewel,1,Bound By Destiny / Prismatic Jewel
Unique,Jewels/DischargeThresholdJewel,jewel,1,Endless Misery / Cobalt Jewel
Unique,Jewels/DragonStyleJewel,jewel,1,One With Nothing / Small Cluster Jewel
Unique,Jewels/ElementalHitCold,jewel,1,Combat Focus / Crimson Jewel
Unique,Jewels/GlacialHammerModifier,jewel,1,Shattered Chains / Crimson Jewel
Unique,Jewels/GlacialHammerThreshold,jewel,1,Winter Burial / Crimson Jewel
Unique,Jewels/GreenCorrupt1,jewel,1,Sacrificial Harvest / Viridian Jewel
Unique,Jewels/GreenJewel1,jewel,1,Cheap Construction / Viridian Jewel
Unique,Jewels/GreenJewel7,jewel,1,Static Electricity / Viridian Jewel
Unique,Jewels/InspiringCryModifier,jewel,1,Spirited Response / Cobalt Jewel
Unique,Jewels/KineticismJewel,jewel,1,The Siege / Small Cluster Jewel
Unique,Jewels/MagmaOrbThreshold,jewel,1,Inevitability / Cobalt Jewel
Unique,Jewels/MidQuestRewardRed,jewel,1,Warlord's Reach / Crimson Jewel
Unique,Jewels/MindborePearl,jewel,1,Impossible Escape / Viridian Jewel
Unique,Jewels/NaturesPatienceJewel,jewel,1,Natural Affinity / Small Cluster Jewel
Unique,Jewels/RedCorrupt6,jewel,1,Fragility / Crimson Jewel
Unique,Jewels/RedJewel6,jewel,1,Fireborn / Crimson Jewel
Unique,Jewels/RedKarui2,jewel,1,Spire of Stone / Crimson Jewel
Unique,Jewels/ReservedBloodJewel,jewel,1,Dissolution of the Flesh / Crimson Jewel
Unique,Jewels/STRtoINT,jewel,1,Brute Force Solution / Cobalt Jewel
Unique,Jewels/SpectralThrowModifier,jewel,1,Steel Spirit / Viridian Jewel
Unique,Jewels/TemperedGreen,jewel,1,Tempered Spirit / Viridian Jewel
Unique,Jewels/TemperedRed,jewel,1,Tempered Flesh / Crimson Jewel
Unique,Jewels/TheGoldenRule,jewel,1,The Golden Rule / Viridian Jewel
Unique,Jewels/UberCortexJewel,jewel,1,Rational Doctrine / Synthesised Cobalt Jewel
Unique,Jewels/unique11,jewel,1,From Dust / Cobalt Jewel
Unique,Jewels/unique13,jewel,1,Clear Mind / Cobalt Jewel
Unique,Jewels/unique17,jewel,1,Hidden Potential / Viridian Jewel
Unique,Jewels/unique8,jewel,1,To Dust / Cobalt Jewel
Unique,Maps/TheVinktarSquare,-,1,The Vinktar Square / Map (Tier 5)
Unique,Relics/1UniqueAtlasRelic1x1,idol,1,Ominous Silence / Minor Idol
Unique,Relics/CoreRelicUnique1x2,sanctum,1, / Censer Relic
Unique,Relics/CoreRelicUnique3x1,sanctum,1,The Power and the Promise / Tome Relic
Unique,Relics/RelicUnique2x2,sanctum,1,The First Crest / Coffer Relic
Unique,Rings/AstralProjector,accessory,1,Astral Projector / Topaz Ring
Unique,Rings/BetrayalsSting,accessory,1,Betrayal's Sting / Steel Ring
Unique,Rings/BlackFlameFire,accessory,1,Blackflame / Amethyst Ring
Unique,Rings/BlueComponent,accessory,1,Putembo's Mountain / Topaz Ring
Unique,Rings/BondedLife,accessory,1,Soulbound / Paua Ring
Unique,Rings/BreachlordRingUnique_UulNetol,accessory,1,The Will of Uul-Netol / Organic Ring
Unique,Rings/BreachlordRingUnique_Xoph,accessory,1,The Will of Xoph / Enthalpic Ring
Unique,Rings/CircleofDarkRituals,accessory,1,Coiling Whisper / Amethyst Ring
Unique,Rings/DeepwaterRing,accessory,1,Pearl of Tsoatha / Prismatic Ring
Unique,Rings/FrostGlazedEyeRing,accessory,1,Call of the Void / Sapphire Ring
Unique,Rings/MirrorRing,accessory,1,Kalandra's Touch / Ring
Unique,Rings/PrismOfFear,accessory,1,The Unseen Hue / Opal Ring
Unique,Rings/RedComponent3,accessory,1,Ahkeli's Valley / Ruby Ring
Unique,Rings/RigwaldsCrest,accessory,1,Rigwald's Crest / Two-Stone Ring
Unique,Rings/RitualLifedrainRing,accessory,1,The Selfish Shepherd / Nameless Ring
Unique,Rings/RitualSilenceRing,accessory,1,The Queller of Minds / Nameless Ring
Unique,Rings/SkitterbotRing,accessory,1,Profane Proxy / Unset Ring
Unique,Rings/UberCircleHerald,accessory,1,Circle of Ambition / Synthesised Prismatic Ring
Unique,Rings/UberElderRing,accessory,1,Mark of the Elder / Steel Ring
