# generated by scripts/beasts.py from the copy ../item-facts/raw/m3 (local), ../trade-query/data/items-2026-09-12.json, poe1/data @ e2bd511a (base_items, item_classes, mods), awakened-poe-trade @ ce551eb7 (items.ndjson)
fact,varies,distinct,occurrences,values,values_on_beasts_of_both_mods_readings
baseType,yes,70,158,Dune Hellion:10; Rooster Fiend:9; Craicic Shield Crab:7; Flame Hellion:6; Venomous Spawn:6; Bearded Devil:5; Craicic Sand Spitter:4; Host Chieftain:4; Snow Wolf:4; Chimeric Croaker:3; Craicic Watcher:3; Crustacean Sniper:3; Fenumal Scorpion:3; Fenumal Scrabbler:3; Mindless Scavenger:3; Mountain Lynx:3; Porcupine Goliath:3; Rotting Vulture:3; Sewage Crawler:3; Singing Siren:3; Alpine Devil:2; Barrow Ape:2; Bone Cruncher:2; Brine Vassal:2; Cave Beast:2; Craicic Maw:2; Craicic Savage Crab:2; Dread Primate:2; Farric Ursa:2; Fury Hound:2; Gluttonous Gull:2; Goatman:2; Granite Eater:2; Merveil's Chosen:2; Merveil's Favoured:2; Mountain Hellion:2; Pitbull Demon:2; Shackled Hellion:2; Skeletal Beast:2; Vaulting Croaker:2; Blood Ape:1; Carnage Ape:1; Colossus Crusher:1; Craicic Squid:1; Cursed Spawn:1; Enraptured Beast:1; Enslaved Hellion:1; Farric Frost Hellion Alpha:1; Farric Goatman:1; Farric Goliath:1; Farric Lynx Alpha:1; Fenumal Devourer:1; Fenumal Widow:1; Fighting Bull:1; Forest Beast:1; Freezing Wolf:1; Goatman Fire-raiser:1; Goatman Shaman:1; Gravel Eater:1; Infested Crawler:1; Merveil's Attendant:1; Merveil's Blessed:1; Merveil's Retainer:1; Rock Spitter:1; Saqawine Blood Viper:1; Saqawine Chimeral:1; Saqawine Cobra:1; Scavenging Vulture:1; Soulless Watcher:1; Waste Lurcher:1,0
descrText,no,1,158,Right-click to add this to your bestiary.:158,1
explicitMods (count),yes,4,158,2:61; 3:45; 1:44; 4:8,3
explicitMods[] keys,no,1,333,description:333,1
explicitMods[].description,yes,52,333,Allies Deal Extra Physical Damage:28; Tiger Prey:18; Hadal Dive:17; Satyr Storm:17; Hexproof:16; Churning Claws:14; Deep One's Presence:14; Enemies are Slowed:14; Spectral Swipe:14; Allies have Energy Shield:13; Craicic Presence:12; Farric Presence:11; Fertile Presence:10; Allies Resist Elemental Damage:9; Aspect of the Hellion:9; Crushing Claws:9; Winter Bloom:9; Allies Move and Attack Faster:8; Allies Regenerate Life:7; Allies have increased Accuracy and Critical Strike Chance:5; Crimson Flock:5; Spectral Stampede:5; Blood Geyser:4; Burns Ground on Death:4; Saqawine Presence:4; Snow Bolt:4; Unstable Swarm:4; Vile Hatchery:4; Bringer of Weakness:3; Chronophage:3; Infested Earth:3; Physical Thorns:3; Proximity Shield:3; Putrid Flight:3; Raven Caller:3; Berserk Fury:2; Blessing of Elements:2; Corrupting Blood:2; Erupting Winds:2; Final Gasp:2; Fractured:2; Incendiary Mite:2; Bringer of Bones:1; Fenumal Presence:1; Inferno Bolt:1; Lightning Mirage:1; Nullifier:1; Other Allies Cannot Die:1; Soul Eater:1; Spikes on Death:1; Storm Herald:1; Vine Snare:1,27
frameType,no,1,158,2:158,1
frameTypeId,no,1,158,Rare:158,1
h,no,1,158,1:158,1
icon,no,1,158,https://web.poecdn.com/gen/image/WzI1LDE0LHsiZiI6IjJESXRlbXMvQ3VycmVuY3kvQmVzdGlhcnlPcmJGdWxsIiwidyI6MSwiaCI6MSwic2NhbGUiOjF9XQ/3214b44360/BestiaryOrbFull.png:158,1
id,yes,158,158,158 distinct (identity; values not listed),0
identified,no,1,158,True:158,1
ilvl,yes,21,158,81:47; 77:30; 82:14; 83:12; 70:10; 71:9; 61:6; 73:5; 78:5; 72:4; 76:4; 38:2; 45:2; 15:1; 18:1; 33:1; 37:1; 49:1; 74:1; 79:1; 80:1,11
inventoryId,no,1,158,Stash1:158,1
itemLevel,yes,21,158,81:47; 77:30; 82:14; 83:12; 70:10; 71:9; 61:6; 73:5; 78:5; 72:4; 76:4; 38:2; 45:2; 15:1; 18:1; 33:1; 37:1; 49:1; 74:1; 79:1; 80:1,11
league,no,1,158,Standard:158,1
name,yes,157,158,"Darkmauler:2; Agonyfist the Bloodthirsty:1; Agonyfur:1; Agonykiller the Limb Tearer:1; Amberscales the Bonechewer:1; Banemuzzle the Ferocious:1; Biletongue:1; Blighthiss:1; Bloodfrenzy:1; Bloodraker:1; Bloodthirst the Crippler:1; Blueslasher:1; Blueteeth:1; Bluetongue:1; Bluetusk the Deadly:1; Brutalblade:1; Brutaleyes:1; Brutalfrenzy the Unwashed:1; Brutalmuzzle:1; Brutalshamble:1; Cavecrawl:1; Caveprowl:1; Cavetalons:1; Copperpelt:1; Copperscuttle:1; Crimsonrender:1; Cruelcrusher:1; Darkrake:1; Deathflayer the Wicked:1; Deathshriek the Slayer:1; Deathtongue the Monstrous:1; Direstalker:1; Doomchew:1; Dreadgasp:1; Dreadgrowl:1; Dreadjoint:1; Dreadneedle:1; Dreadripper:1; Dreadscalp the Cursed:1; Duskchew:1; Ebonflay:1; Ebonjowls:1; Ebontalon:1; Fearjowls:1; Fearmoil:1; Fearstink:1; Fearsucker the Baleful:1; Filthbellow:1; Filthtalon the Widowmaker:1; Foulfrenzy:1; Foulfur:1; Foultooth:1; Furyfangs the Savage:1; Gauntflayer:1; Gauntrake:1; Gloomwatcher:1; Goldstride:1; Gorescreech:1; Goretooth:1; Grayneedle the Bonechewer:1; Graystalker the Terrible:1; Greenspine:1; Grimecackle:1; Grimekill:1; Grimekill the Furry:1; Grimeripper the Yowler:1; Grimguardian:1; Grimroar:1; Grimstink:1; Gristlechampion:1; Gristlechew:1; Gristlegrowl:1; Gristlesplinters the Nightwalker:1; Gruffhowl the Furry:1; Hairyeye:1; Hairyshrieker:1; Hairyslasher:1; Horrorjaws the Smooth:1; Ichorwail:1; Infernalslice:1; Infernofists the Unspeakable:1; Irongnaw:1; Irontongue the Baleful:1; Marrowsnarl:1; Marrowthirst:1; Murderbite the Terrifying:1; Murdermoil:1; Murderstalker:1; Nighteyes:1; Nighteyes the Foul:1; Nightstalker the Unflinching:1; Ochresplinters the Ravager:1; Onyxgasp:1; Oozebarb:1; Oozedrool:1; Painfang:1; Paingnaw:1; Painjowls:1; Painmaw:1; Painskull:1; Pitblade:1; Pitfrenzy:1; Rageribs:1; Razorblade:1; Razorchewer:1; Razoreyes:1; Razorjaw:1; Razorslash the Baleful:1; Scarletshriek the Panting:1; Scarletthirst:1; Scarletwhisper:1; Scumhiss:1; Shadowbringer the Ruthless:1; Shadowchew:1; Shadowchewer the Parched:1; Shadowlaugh the Bold:1; Shadowtalons the Devourer:1; Shadowwail the Renowned:1; Shaggylurch:1; Shaggyprowler the Terrible:1; Shaggywail:1; Sharpjaw the Smooth:1; Sharpripper the Harrying:1; Silverdrool the Unflinching:1; Silverroar:1; Silvertooth:1; Slenderbiter:1; Soilbrute:1; Soilripper:1; Stinkshrieker:1; Stoicfists:1; Stonebrute:1; Stonelaugh:1; Stoneshrieker:1; Stonestalker:1; Swiftpincers:1; Swiftslash:1; Swiftslasher:1; Terrorface:1; Terrorprowl:1; Toughchewer the Forsaken:1; Toughribs:1; Vaalclaws:1; Vaulttalon the Harrying:1; Viledart the Bonechewer:1; Warroar, Child of Winter:1; Whitebringer:1; Whitefangs:1; Woebarbs the Grotesque:1; Woechewer the Scarred:1; Wrathfists:1; Wrathgnash the Stalker:1; Wrathmaul:1; Wrathmauler the Haggard:1; Yellowbiter:1; Yellowgnash:1; Yellowmaw the Furious:1",1
properties (names in order),no,1,158,Genus / Group / Family:158,1
properties[Family].displayMode,no,1,158,0:158,1
properties[Family].type,no,1,158,23:158,1
properties[Family].value,yes,4,158,The Wilds:73; The Deep:56; The Sands:21; The Caverns:8,3
properties[Genus].displayMode,no,1,158,0:158,1
properties[Genus].type,no,1,158,21:158,1
properties[Genus].value,yes,32,158,Hellions:22; Sand Spitters:14; Goatmen:11; Sea Witches:11; Cockerels:9; Gargantuans:8; Shield Crabs:7; Spawn:7; Vultures:7; Apes:6; Gem Frogs:5; Wolves:5; Ape Chieftains:4; Goliaths:4; Lynxes:4; Watchers:4; Crabs:3; Leapers:3; Scorpions:3; Goat Shamans:2; Karui Hounds:2; Maws:2; Octopuses:2; Pitbulls:2; Plummeting Ursae:2; Retches:2; Snakes:2; Bulls:1; Chimerals:1; Devourers:1; Lurchers:1; Spiders:1,8
properties[Group].displayMode,no,1,158,0:158,1
properties[Group].type,no,1,158,22:158,1
properties[Group].value,yes,12,158,Felines:26; Crustaceans:25; Cephalopods:24; Primates:23; Avians:18; Ursae:10; Canines:9; Amphibians:7; Arachnids:5; Unnaturals:5; Insects:3; Reptiles:3,7
rarity,no,1,158,Rare:158,1
typeLine,yes,70,158,Dune Hellion:10; Rooster Fiend:9; Craicic Shield Crab:7; Flame Hellion:6; Venomous Spawn:6; Bearded Devil:5; Craicic Sand Spitter:4; Host Chieftain:4; Snow Wolf:4; Chimeric Croaker:3; Craicic Watcher:3; Crustacean Sniper:3; Fenumal Scorpion:3; Fenumal Scrabbler:3; Mindless Scavenger:3; Mountain Lynx:3; Porcupine Goliath:3; Rotting Vulture:3; Sewage Crawler:3; Singing Siren:3; Alpine Devil:2; Barrow Ape:2; Bone Cruncher:2; Brine Vassal:2; Cave Beast:2; Craicic Maw:2; Craicic Savage Crab:2; Dread Primate:2; Farric Ursa:2; Fury Hound:2; Gluttonous Gull:2; Goatman:2; Granite Eater:2; Merveil's Chosen:2; Merveil's Favoured:2; Mountain Hellion:2; Pitbull Demon:2; Shackled Hellion:2; Skeletal Beast:2; Vaulting Croaker:2; Blood Ape:1; Carnage Ape:1; Colossus Crusher:1; Craicic Squid:1; Cursed Spawn:1; Enraptured Beast:1; Enslaved Hellion:1; Farric Frost Hellion Alpha:1; Farric Goatman:1; Farric Goliath:1; Farric Lynx Alpha:1; Fenumal Devourer:1; Fenumal Widow:1; Fighting Bull:1; Forest Beast:1; Freezing Wolf:1; Goatman Fire-raiser:1; Goatman Shaman:1; Gravel Eater:1; Infested Crawler:1; Merveil's Attendant:1; Merveil's Blessed:1; Merveil's Retainer:1; Rock Spitter:1; Saqawine Blood Viper:1; Saqawine Chimeral:1; Saqawine Cobra:1; Scavenging Vulture:1; Soulless Watcher:1; Waste Lurcher:1,0
verified,no,1,158,False:158,1
w,no,1,158,1:158,1
x,yes,7,158,0:36; 1:36; 2:36; 3:18; 4:12; 5:12; 6:8,4
y,yes,12,158,0:15; 1:14; 2:14; 3:14; 4:14; 5:13; 6:13; 7:13; 10:12; 11:12; 8:12; 9:12,12
