# generated by scripts/crosscheck.py from poe1/data @ e2bd511a through ../repoe/scripts/base-taxonomy.py, ../trade-query/data/items-2026-09-12.json and filters-2026-09-12.json, awakened-poe-trade @ ce551eb7, PathOfBuilding @ 16de4b82, ../trade-query/raw/searches (local)
base,source_a,id_a,source_b,id_b,relation
Ambusher,export,weapon.basedagger,apt,weapon.dagger,under a grouping
Ambusher,export,weapon.basedagger,pob,weapon.dagger,under a grouping
Anarchic Spiritblade,export,weapon.basesword,apt,weapon.onesword,under a grouping
Anarchic Spiritblade,export,weapon.basesword,pob,weapon.onesword,under a grouping
Ancestral Club,export,weapon.basemace,apt,weapon.onemace,under a grouping
Ancestral Club,export,weapon.basemace,pob,weapon.onemace,under a grouping
Ancient Sword,export,weapon.basesword,apt,weapon.onesword,under a grouping
Ancient Sword,export,weapon.basesword,pob,weapon.onesword,under a grouping
Antique Rapier,export,weapon.rapier,apt,weapon.onesword,under a grouping
Antique Rapier,export,weapon.rapier,pob,weapon.onesword,under a grouping
Apex Rapier,export,weapon.rapier,apt,weapon.onesword,under a grouping
Apex Rapier,export,weapon.rapier,pob,weapon.onesword,under a grouping
Apex Rapier,export,weapon.rapier,site-fetch,weapon.onesword,under a grouping
Auric Mace,export,weapon.basemace,apt,weapon.onemace,under a grouping
Auric Mace,export,weapon.basemace,pob,weapon.onemace,under a grouping
Barbed Club,export,weapon.basemace,apt,weapon.onemace,under a grouping
Barbed Club,export,weapon.basemace,pob,weapon.onemace,under a grouping
Baselard,export,weapon.basesword,apt,weapon.onesword,under a grouping
Baselard,export,weapon.basesword,pob,weapon.onesword,under a grouping
Basket Rapier,export,weapon.rapier,apt,weapon.onesword,under a grouping
Basket Rapier,export,weapon.rapier,pob,weapon.onesword,under a grouping
Battered Foil,export,weapon.rapier,apt,weapon.onesword,under a grouping
Battered Foil,export,weapon.rapier,pob,weapon.onesword,under a grouping
Battery Staff,export,weapon.basestaff,apt,weapon.staff,under a grouping
Battery Staff,export,weapon.basestaff,pob,weapon.staff,under a grouping
Battle Hammer,export,weapon.basemace,apt,weapon.onemace,under a grouping
Battle Hammer,export,weapon.basemace,pob,weapon.onemace,under a grouping
Battle Sword,export,weapon.basesword,apt,weapon.onesword,under a grouping
Battle Sword,export,weapon.basesword,pob,weapon.onesword,under a grouping
Battle Sword,export,weapon.basesword,site-fetch,weapon.onesword,under a grouping
Behemoth Mace,export,weapon.basemace,apt,weapon.onemace,under a grouping
Behemoth Mace,export,weapon.basemace,pob,weapon.onemace,under a grouping
Bladed Mace,export,weapon.basemace,apt,weapon.onemace,under a grouping
Bladed Mace,export,weapon.basemace,pob,weapon.onemace,under a grouping
Bone Armour,export,armour.chest gem.activegem,apt,armour.chest,shares an id; a name under several ids
Bone Armour,export,armour.chest gem.activegem,pob,armour.chest,shares an id; a name under several ids
Boom Mace,export,weapon.basemace,apt,weapon.onemace,under a grouping
Boom Mace,export,weapon.basemace,pob,weapon.onemace,under a grouping
Boot Blade,export,weapon.runedagger,pob,weapon.dagger,under a grouping
Boot Blade,apt,weapon.runedagger,pob,weapon.dagger,under a grouping
Boot Knife,export,weapon.runedagger,pob,weapon.dagger,under a grouping
Boot Knife,apt,weapon.runedagger,pob,weapon.dagger,under a grouping
Broad Sword,export,weapon.basesword,apt,weapon.onesword,under a grouping
Broad Sword,export,weapon.basesword,pob,weapon.onesword,under a grouping
Burnished Foil,export,weapon.rapier,apt,weapon.onesword,under a grouping
Burnished Foil,export,weapon.rapier,pob,weapon.onesword,under a grouping
Burnished Foil,export,weapon.rapier,site-fetch,weapon.onesword,under a grouping
Butcher Knife,export,weapon.runedagger,pob,weapon.dagger,under a grouping
Butcher Knife,apt,weapon.runedagger,pob,weapon.dagger,under a grouping
Capacity Rod,export,weapon.warstaff,pob,weapon.staff,under a grouping
Capacity Rod,apt,weapon.warstaff,pob,weapon.staff,under a grouping
Capricious Spiritblade,export,weapon.basesword,apt,weapon.onesword,under a grouping
Capricious Spiritblade,export,weapon.basesword,pob,weapon.onesword,under a grouping
Carving Knife,export,weapon.runedagger,pob,weapon.dagger,under a grouping
Carving Knife,apt,weapon.runedagger,pob,weapon.dagger,under a grouping
Ceremonial Mace,export,weapon.basemace,apt,weapon.onemace,under a grouping
Ceremonial Mace,export,weapon.basemace,pob,weapon.onemace,under a grouping
Charan's Sword,export,weapon.basesword,apt,weapon.onesword,under a grouping
Charan's Sword,export,weapon.basesword,pob,weapon.onesword,under a grouping
Chayula's Breachstone,export,map map.breachstone,site-coarse,map,shares an id; a name under several ids
Coiled Staff,export,weapon.warstaff,pob,weapon.staff,under a grouping
Coiled Staff,apt,weapon.warstaff,pob,weapon.staff,under a grouping
Copper Kris,export,weapon.runedagger,pob,weapon.dagger,under a grouping
Copper Kris,apt,weapon.runedagger,pob,weapon.dagger,under a grouping
Copper Sword,export,weapon.basesword,apt,weapon.onesword,under a grouping
Copper Sword,export,weapon.basesword,pob,weapon.onesword,under a grouping
Corsair Sword,export,weapon.basesword,apt,weapon.onesword,under a grouping
Corsair Sword,export,weapon.basesword,pob,weapon.onesword,under a grouping
Corsair Sword,export,weapon.basesword,site-fetch,weapon.onesword,under a grouping
Courtesan Sword,export,weapon.rapier,apt,weapon.onesword,under a grouping
Courtesan Sword,export,weapon.rapier,pob,weapon.onesword,under a grouping
Crack Mace,export,weapon.basemace,apt,weapon.onemace,under a grouping
Crack Mace,export,weapon.basemace,pob,weapon.onemace,under a grouping
Crescent Staff,export,weapon.basestaff,apt,weapon.staff,under a grouping
Crescent Staff,export,weapon.basestaff,pob,weapon.staff,under a grouping
Cutlass,export,weapon.basesword,apt,weapon.onesword,under a grouping
Cutlass,export,weapon.basesword,pob,weapon.onesword,under a grouping
Demon Dagger,export,weapon.runedagger,pob,weapon.dagger,under a grouping
Demon Dagger,apt,weapon.runedagger,pob,weapon.dagger,under a grouping
Dragon Mace,export,weapon.basemace,apt,weapon.onemace,under a grouping
Dragon Mace,export,weapon.basemace,pob,weapon.onemace,under a grouping
Dragonbone Rapier,export,weapon.rapier,apt,weapon.onesword,under a grouping
Dragonbone Rapier,export,weapon.rapier,pob,weapon.onesword,under a grouping
Dragonbone Rapier,export,weapon.rapier,site-fetch,weapon.onesword,under a grouping
Dragoon Sword,export,weapon.rapier,apt,weapon.onesword,under a grouping
Dragoon Sword,export,weapon.rapier,pob,weapon.onesword,under a grouping
Dream Mace,export,weapon.basemace,apt,weapon.onemace,under a grouping
Dream Mace,export,weapon.basemace,pob,weapon.onemace,under a grouping
Driftwood Club,export,weapon.basemace,apt,weapon.onemace,under a grouping
Driftwood Club,export,weapon.basemace,pob,weapon.onemace,under a grouping
Dusk Blade,export,weapon.basesword,apt,weapon.onesword,under a grouping
Dusk Blade,export,weapon.basesword,pob,weapon.onesword,under a grouping
Eclipse Staff,export,weapon.basestaff,apt,weapon.staff,under a grouping
Eclipse Staff,export,weapon.basestaff,pob,weapon.staff,under a grouping
Elder Sword,export,weapon.basesword,apt,weapon.onesword,under a grouping
Elder Sword,export,weapon.basesword,pob,weapon.onesword,under a grouping
Elder Sword,export,weapon.basesword,site-fetch,weapon.onesword,under a grouping
Elegant Foil,export,weapon.rapier,apt,weapon.onesword,under a grouping
Elegant Foil,export,weapon.rapier,pob,weapon.onesword,under a grouping
Elegant Sword,export,weapon.basesword,apt,weapon.onesword,under a grouping
Elegant Sword,export,weapon.basesword,pob,weapon.onesword,under a grouping
Esh's Breachstone,export,map map.breachstone,site-coarse,map,shares an id; a name under several ids
Estoc,export,weapon.rapier,apt,weapon.onesword,under a grouping
Estoc,export,weapon.rapier,pob,weapon.onesword,under a grouping
Eternal Sword,export,weapon.basesword,apt,weapon.onesword,under a grouping
Eternal Sword,export,weapon.basesword,pob,weapon.onesword,under a grouping
Ethereal Blade,export,weapon.basedagger,pob,weapon.dagger,under a grouping
Eventuality Rod,export,weapon.warstaff,pob,weapon.staff,under a grouping
Eventuality Rod,apt,weapon.warstaff,pob,weapon.staff,under a grouping
Ezomyte Dagger,export,weapon.runedagger,pob,weapon.dagger,under a grouping
Ezomyte Dagger,apt,weapon.runedagger,pob,weapon.dagger,under a grouping
Ezomyte Staff,export,weapon.warstaff,pob,weapon.staff,under a grouping
Ezomyte Staff,apt,weapon.warstaff,pob,weapon.staff,under a grouping
Fancy Foil,export,weapon.rapier,apt,weapon.onesword,under a grouping
Fancy Foil,export,weapon.rapier,pob,weapon.onesword,under a grouping
Fancy Foil,export,weapon.rapier,site-fetch,weapon.onesword,under a grouping
Fickle Spiritblade,export,weapon.basesword,apt,weapon.onesword,under a grouping
Fickle Spiritblade,export,weapon.basesword,pob,weapon.onesword,under a grouping
Fiend Dagger,export,weapon.runedagger,pob,weapon.dagger,under a grouping
Fiend Dagger,apt,weapon.runedagger,pob,weapon.dagger,under a grouping
Flanged Mace,export,weapon.basemace,apt,weapon.onemace,under a grouping
Flanged Mace,export,weapon.basemace,pob,weapon.onemace,under a grouping
Flare Mace,export,weapon.basemace,apt,weapon.onemace,under a grouping
Flare Mace,export,weapon.basemace,pob,weapon.onemace,under a grouping
Flashfire Blade,export,weapon.runedagger,pob,weapon.dagger,under a grouping
Flashfire Blade,apt,weapon.runedagger,pob,weapon.dagger,under a grouping
Flaying Knife,export,weapon.basedagger,apt,weapon.dagger,under a grouping
Flaying Knife,export,weapon.basedagger,pob,weapon.dagger,under a grouping
Flickerflame Blade,export,weapon.runedagger,pob,weapon.dagger,under a grouping
Flickerflame Blade,apt,weapon.runedagger,pob,weapon.dagger,under a grouping
Foul Staff,export,weapon.warstaff,pob,weapon.staff,under a grouping
Foul Staff,apt,weapon.warstaff,pob,weapon.staff,under a grouping
Gavel,export,weapon.basemace,apt,weapon.onemace,under a grouping
Gavel,export,weapon.basemace,pob,weapon.onemace,under a grouping
Gemstone Sword,export,weapon.basesword,apt,weapon.onesword,under a grouping
Gemstone Sword,export,weapon.basesword,pob,weapon.onesword,under a grouping
Gemstone Sword,export,weapon.basesword,site-fetch,weapon.onesword,under a grouping
Ghostflame Blade,export,weapon.basesword,apt,weapon.onesword,under a grouping
Ghostflame Blade,export,weapon.basesword,pob,weapon.onesword,under a grouping
Gladius,export,weapon.basesword,apt,weapon.onesword,under a grouping
Gladius,export,weapon.basesword,pob,weapon.onesword,under a grouping
Glass Shank,export,weapon.basedagger,apt,weapon.dagger,under a grouping
Glass Shank,export,weapon.basedagger,pob,weapon.dagger,under a grouping
Gnarled Branch,export,weapon.basestaff,apt,weapon.staff,under a grouping
Gnarled Branch,export,weapon.basestaff,pob,weapon.staff,under a grouping
Golden Blade,export,weapon.basesword,apt,weapon.onesword,under a grouping
Golden Kris,export,weapon.runedagger,pob,weapon.dagger,under a grouping
Golden Kris,apt,weapon.runedagger,pob,weapon.dagger,under a grouping
Graceful Sword,export,weapon.basesword,apt,weapon.onesword,under a grouping
Graceful Sword,export,weapon.basesword,pob,weapon.onesword,under a grouping
Graceful Sword,export,weapon.basesword,site-fetch,weapon.onesword,under a grouping
Grappler,export,weapon.basesword,apt,weapon.onesword,under a grouping
Grappler,export,weapon.basesword,pob,weapon.onesword,under a grouping
Growing Wombgift,export,graft,site-coarse,wombgift,different
Gutting Knife,export,weapon.basedagger,apt,weapon.dagger,under a grouping
Gutting Knife,export,weapon.basedagger,pob,weapon.dagger,under a grouping
Harpy Rapier,export,weapon.rapier,apt,weapon.onesword,under a grouping
Harpy Rapier,export,weapon.rapier,pob,weapon.onesword,under a grouping
Harpy Rapier,export,weapon.rapier,site-fetch,weapon.onesword,under a grouping
Highborn Staff,export,weapon.basestaff,apt,weapon.staff,under a grouping
Highborn Staff,export,weapon.basestaff,pob,weapon.staff,under a grouping
Hollowpoint Dagger,export,weapon.basedagger,apt,weapon.dagger,under a grouping
Hollowpoint Dagger,export,weapon.basedagger,pob,weapon.dagger,under a grouping
Hook Sword,export,weapon.basesword,apt,weapon.onesword,under a grouping
Hook Sword,export,weapon.basesword,pob,weapon.onesword,under a grouping
Imp Dagger,export,weapon.runedagger,pob,weapon.dagger,under a grouping
Imp Dagger,apt,weapon.runedagger,pob,weapon.dagger,under a grouping
Imperial Skean,export,weapon.runedagger,pob,weapon.dagger,under a grouping
Imperial Skean,apt,weapon.runedagger,pob,weapon.dagger,under a grouping
Imperial Staff,export,weapon.basestaff,apt,weapon.staff,under a grouping
Imperial Staff,export,weapon.basestaff,pob,weapon.staff,under a grouping
Infernal Blade,export,weapon.runedagger,pob,weapon.dagger,under a grouping
Infernal Blade,apt,weapon.runedagger,pob,weapon.dagger,under a grouping
Iron Staff,export,weapon.warstaff,pob,weapon.staff,under a grouping
Iron Staff,apt,weapon.warstaff,pob,weapon.staff,under a grouping
Jagged Foil,export,weapon.rapier,apt,weapon.onesword,under a grouping
Jagged Foil,export,weapon.rapier,pob,weapon.onesword,under a grouping
Jewelled Foil,export,weapon.rapier,apt,weapon.onesword,under a grouping
Jewelled Foil,export,weapon.rapier,pob,weapon.onesword,under a grouping
Jewelled Foil,export,weapon.rapier,site-fetch,weapon.onesword,under a grouping
Judgement Staff,export,weapon.warstaff,pob,weapon.staff,under a grouping
Judgement Staff,apt,weapon.warstaff,pob,weapon.staff,under a grouping
Lathi,export,weapon.basestaff,apt,weapon.staff,under a grouping
Lathi,export,weapon.basestaff,pob,weapon.staff,under a grouping
Legion Hammer,export,weapon.basemace,apt,weapon.onemace,under a grouping
Legion Hammer,export,weapon.basemace,pob,weapon.onemace,under a grouping
Legion Sword,export,weapon.basesword,apt,weapon.onesword,under a grouping
Legion Sword,export,weapon.basesword,pob,weapon.onesword,under a grouping
Long Staff,export,weapon.basestaff,apt,weapon.staff,under a grouping
Long Staff,export,weapon.basestaff,pob,weapon.staff,under a grouping
Midnight Blade,export,weapon.basesword,apt,weapon.onesword,under a grouping
Midnight Blade,export,weapon.basesword,pob,weapon.onesword,under a grouping
Midnight Blade,export,weapon.basesword,site-fetch,weapon.onesword,under a grouping
Military Staff,export,weapon.warstaff,pob,weapon.staff,under a grouping
Military Staff,apt,weapon.warstaff,pob,weapon.staff,under a grouping
Moon Staff,export,weapon.basestaff,apt,weapon.staff,under a grouping
Moon Staff,export,weapon.basestaff,pob,weapon.staff,under a grouping
Nightmare Mace,export,weapon.basemace,apt,weapon.onemace,under a grouping
Nightmare Mace,export,weapon.basemace,pob,weapon.onemace,under a grouping
Ornate Mace,export,weapon.basemace,apt,weapon.onemace,under a grouping
Ornate Mace,export,weapon.basemace,pob,weapon.onemace,under a grouping
Pecoraro,export,weapon.rapier,apt,weapon.onesword,under a grouping
Pecoraro,export,weapon.rapier,pob,weapon.onesword,under a grouping
Pernach,export,weapon.basemace,apt,weapon.onemace,under a grouping
Pernach,export,weapon.basemace,pob,weapon.onemace,under a grouping
Petrified Club,export,weapon.basemace,apt,weapon.onemace,under a grouping
Petrified Club,export,weapon.basemace,pob,weapon.onemace,under a grouping
Phantom Mace,export,weapon.basemace,apt,weapon.onemace,under a grouping
Phantom Mace,export,weapon.basemace,pob,weapon.onemace,under a grouping
Platinum Kris,export,weapon.runedagger,pob,weapon.dagger,under a grouping
Platinum Kris,apt,weapon.runedagger,pob,weapon.dagger,under a grouping
Pneumatic Dagger,export,weapon.basedagger,apt,weapon.dagger,under a grouping
Pneumatic Dagger,export,weapon.basedagger,pob,weapon.dagger,under a grouping
Poignard,export,weapon.basedagger,apt,weapon.dagger,under a grouping
Poignard,export,weapon.basedagger,pob,weapon.dagger,under a grouping
Potentiality Rod,export,weapon.warstaff,pob,weapon.staff,under a grouping
Potentiality Rod,apt,weapon.warstaff,pob,weapon.staff,under a grouping
Pressurised Dagger,export,weapon.basedagger,apt,weapon.dagger,under a grouping
Pressurised Dagger,export,weapon.basedagger,pob,weapon.dagger,under a grouping
Primeval Rapier,export,weapon.rapier,apt,weapon.onesword,under a grouping
Primeval Rapier,export,weapon.rapier,pob,weapon.onesword,under a grouping
Primitive Staff,export,weapon.basestaff,apt,weapon.staff,under a grouping
Primitive Staff,export,weapon.basestaff,pob,weapon.staff,under a grouping
Primordial Staff,export,weapon.basestaff,apt,weapon.staff,under a grouping
Primordial Staff,export,weapon.basestaff,pob,weapon.staff,under a grouping
Prong Dagger,export,weapon.basedagger,apt,weapon.dagger,under a grouping
Prong Dagger,export,weapon.basedagger,pob,weapon.dagger,under a grouping
Quarterstaff,export,weapon.basestaff,apt,weapon.staff,under a grouping
Quarterstaff,export,weapon.basestaff,pob,weapon.staff,under a grouping
Reciprocation Staff,export,weapon.basestaff,apt,weapon.staff,under a grouping
Reciprocation Staff,export,weapon.basestaff,pob,weapon.staff,under a grouping
Rock Breaker,export,weapon.basemace,apt,weapon.onemace,under a grouping
Rock Breaker,export,weapon.basemace,pob,weapon.onemace,under a grouping
Royal Skean,export,weapon.runedagger,pob,weapon.dagger,under a grouping
Royal Skean,apt,weapon.runedagger,pob,weapon.dagger,under a grouping
Royal Staff,export,weapon.basestaff,apt,weapon.staff,under a grouping
Royal Staff,export,weapon.basestaff,pob,weapon.staff,under a grouping
Rusted Spike,export,weapon.rapier,apt,weapon.onesword,under a grouping
Rusted Spike,export,weapon.rapier,pob,weapon.onesword,under a grouping
Rusted Sword,export,weapon.basesword,apt,weapon.onesword,under a grouping
Rusted Sword,export,weapon.basesword,pob,weapon.onesword,under a grouping
Sabre,export,weapon.basesword,apt,weapon.onesword,under a grouping
Sabre,export,weapon.basesword,pob,weapon.onesword,under a grouping
Sai,export,weapon.basedagger,apt,weapon.dagger,under a grouping
Sai,export,weapon.basedagger,pob,weapon.dagger,under a grouping
Serpentine Staff,export,weapon.warstaff,pob,weapon.staff,under a grouping
Serpentine Staff,apt,weapon.warstaff,pob,weapon.staff,under a grouping
Serrated Foil,export,weapon.rapier,apt,weapon.onesword,under a grouping
Serrated Foil,export,weapon.rapier,pob,weapon.onesword,under a grouping
Skean,export,weapon.runedagger,pob,weapon.dagger,under a grouping
Skean,apt,weapon.runedagger,pob,weapon.dagger,under a grouping
Skinning Knife,export,weapon.basedagger,apt,weapon.dagger,under a grouping
Skinning Knife,export,weapon.basedagger,pob,weapon.dagger,under a grouping
Slaughter Knife,export,weapon.runedagger,pob,weapon.dagger,under a grouping
Slaughter Knife,apt,weapon.runedagger,pob,weapon.dagger,under a grouping
Smallsword,export,weapon.rapier,apt,weapon.onesword,under a grouping
Smallsword,export,weapon.rapier,pob,weapon.onesword,under a grouping
Spiked Club,export,weapon.basemace,apt,weapon.onemace,under a grouping
Spiked Club,export,weapon.basemace,pob,weapon.onemace,under a grouping
Spiraled Foil,export,weapon.rapier,apt,weapon.onesword,under a grouping
Spiraled Foil,export,weapon.rapier,pob,weapon.onesword,under a grouping
Spiraled Foil,export,weapon.rapier,site-fetch,weapon.onesword,under a grouping
Stiletto,export,weapon.basedagger,apt,weapon.dagger,under a grouping
Stiletto,export,weapon.basedagger,pob,weapon.dagger,under a grouping
Stone Hammer,export,weapon.basemace,apt,weapon.onemace,under a grouping
Stone Hammer,export,weapon.basemace,pob,weapon.onemace,under a grouping
Tempered Foil,export,weapon.rapier,apt,weapon.onesword,under a grouping
Tempered Foil,export,weapon.rapier,pob,weapon.onesword,under a grouping
Tenderizer,export,weapon.basemace,apt,weapon.onemace,under a grouping
Tenderizer,export,weapon.basemace,pob,weapon.onemace,under a grouping
Thorn Rapier,export,weapon.rapier,apt,weapon.onesword,under a grouping
Thorn Rapier,export,weapon.rapier,pob,weapon.onesword,under a grouping
Tiger Hook,export,weapon.basesword,apt,weapon.onesword,under a grouping
Tiger Hook,export,weapon.basesword,pob,weapon.onesword,under a grouping
Transformer Staff,export,weapon.basestaff,apt,weapon.staff,under a grouping
Transformer Staff,export,weapon.basestaff,pob,weapon.staff,under a grouping
Tribal Club,export,weapon.basemace,apt,weapon.onemace,under a grouping
Tribal Club,export,weapon.basemace,pob,weapon.onemace,under a grouping
Trisula,export,weapon.basedagger,apt,weapon.dagger,under a grouping
Trisula,export,weapon.basedagger,pob,weapon.dagger,under a grouping
Tul's Breachstone,export,map map.breachstone,site-coarse,map,shares an id; a name under several ids
Twilight Blade,export,weapon.basesword,apt,weapon.onesword,under a grouping
Twilight Blade,export,weapon.basesword,pob,weapon.onesword,under a grouping
Uul-Netol's Breachstone,export,map map.breachstone,site-coarse,map,shares an id; a name under several ids
Vaal Blade,export,weapon.basesword,apt,weapon.onesword,under a grouping
Vaal Blade,export,weapon.basesword,pob,weapon.onesword,under a grouping
Vaal Rapier,export,weapon.rapier,apt,weapon.onesword,under a grouping
Vaal Rapier,export,weapon.rapier,pob,weapon.onesword,under a grouping
Vaal Rapier,export,weapon.rapier,site-fetch,weapon.onesword,under a grouping
Variscite Blade,export,weapon.basesword,apt,weapon.onesword,under a grouping
Variscite Blade,export,weapon.basesword,pob,weapon.onesword,under a grouping
Vile Staff,export,weapon.warstaff,pob,weapon.staff,under a grouping
Vile Staff,apt,weapon.warstaff,pob,weapon.staff,under a grouping
War Hammer,export,weapon.basemace,apt,weapon.onemace,under a grouping
War Hammer,export,weapon.basemace,pob,weapon.onemace,under a grouping
War Sword,export,weapon.basesword,apt,weapon.onesword,under a grouping
War Sword,export,weapon.basesword,pob,weapon.onesword,under a grouping
Whalebone Rapier,export,weapon.rapier,apt,weapon.onesword,under a grouping
Whalebone Rapier,export,weapon.rapier,pob,weapon.onesword,under a grouping
Woodful Staff,export,weapon.basestaff,apt,weapon.staff,under a grouping
Woodful Staff,export,weapon.basestaff,pob,weapon.staff,under a grouping
Wyrm Mace,export,weapon.basemace,apt,weapon.onemace,under a grouping
Wyrm Mace,export,weapon.basemace,pob,weapon.onemace,under a grouping
Wyrmbone Rapier,export,weapon.rapier,apt,weapon.onesword,under a grouping
Wyrmbone Rapier,export,weapon.rapier,pob,weapon.onesword,under a grouping
Xoph's Breachstone,export,map map.breachstone,site-coarse,map,shares an id; a name under several ids
