# generated by scripts/categories.py from ../trade-query/data/filters-2026-09-12.json and items-2026-09-12.json, poe1/data @ e2bd511a through ../repoe/scripts/base-taxonomy.py, classes-v1.toml, the copy ../item-facts/raw/m3 (local)
base,items,bucket,why,ids,classes
Chayula's Breachstone,2,several,a base under several ids,map map.breachstone,"Breachstone,MiscMapItem"
Esh's Breachstone,2,several,a base under several ids,map map.breachstone,"Breachstone,MiscMapItem"
Uul-Netol's Breachstone,2,several,a base under several ids,map map.breachstone,"Breachstone,MiscMapItem"
Xoph's Breachstone,2,several,a base under several ids,map map.breachstone,"Breachstone,MiscMapItem"
Tul's Breachstone,1,several,a base under several ids,map map.breachstone,"Breachstone,MiscMapItem"
Dune Hellion,10,several,a beast: which of the three leaves is not settled on this machine,monster.beast monster.redbeast monster.yellowbeast,
Rooster Fiend,9,several,a beast: which of the three leaves is not settled on this machine,monster.beast monster.redbeast monster.yellowbeast,
Craicic Shield Crab,7,several,a beast: which of the three leaves is not settled on this machine,monster.beast monster.redbeast monster.yellowbeast,
Flame Hellion,6,several,a beast: which of the three leaves is not settled on this machine,monster.beast monster.redbeast monster.yellowbeast,
Venomous Spawn,6,several,a beast: which of the three leaves is not settled on this machine,monster.beast monster.redbeast monster.yellowbeast,
Bearded Devil,5,several,a beast: which of the three leaves is not settled on this machine,monster.beast monster.redbeast monster.yellowbeast,
Craicic Sand Spitter,4,several,a beast: which of the three leaves is not settled on this machine,monster.beast monster.redbeast monster.yellowbeast,
Host Chieftain,4,several,a beast: which of the three leaves is not settled on this machine,monster.beast monster.redbeast monster.yellowbeast,
Snow Wolf,4,several,a beast: which of the three leaves is not settled on this machine,monster.beast monster.redbeast monster.yellowbeast,
Chimeric Croaker,3,several,a beast: which of the three leaves is not settled on this machine,monster.beast monster.redbeast monster.yellowbeast,
Craicic Watcher,3,several,a beast: which of the three leaves is not settled on this machine,monster.beast monster.redbeast monster.yellowbeast,
Crustacean Sniper,3,several,a beast: which of the three leaves is not settled on this machine,monster.beast monster.redbeast monster.yellowbeast,
Fenumal Scorpion,3,several,a beast: which of the three leaves is not settled on this machine,monster.beast monster.redbeast monster.yellowbeast,
Fenumal Scrabbler,3,several,a beast: which of the three leaves is not settled on this machine,monster.beast monster.redbeast monster.yellowbeast,
Mindless Scavenger,3,several,a beast: which of the three leaves is not settled on this machine,monster.beast monster.redbeast monster.yellowbeast,
Mountain Lynx,3,several,a beast: which of the three leaves is not settled on this machine,monster.beast monster.redbeast monster.yellowbeast,
Porcupine Goliath,3,several,a beast: which of the three leaves is not settled on this machine,monster.beast monster.redbeast monster.yellowbeast,
Rotting Vulture,3,several,a beast: which of the three leaves is not settled on this machine,monster.beast monster.redbeast monster.yellowbeast,
Sewage Crawler,3,several,a beast: which of the three leaves is not settled on this machine,monster.beast monster.redbeast monster.yellowbeast,
Singing Siren,3,several,a beast: which of the three leaves is not settled on this machine,monster.beast monster.redbeast monster.yellowbeast,
Alpine Devil,2,several,a beast: which of the three leaves is not settled on this machine,monster.beast monster.redbeast monster.yellowbeast,
Barrow Ape,2,several,a beast: which of the three leaves is not settled on this machine,monster.beast monster.redbeast monster.yellowbeast,
Bone Cruncher,2,several,a beast: which of the three leaves is not settled on this machine,monster.beast monster.redbeast monster.yellowbeast,
Brine Vassal,2,several,a beast: which of the three leaves is not settled on this machine,monster.beast monster.redbeast monster.yellowbeast,
Cave Beast,2,several,a beast: which of the three leaves is not settled on this machine,monster.beast monster.redbeast monster.yellowbeast,
Craicic Maw,2,several,a beast: which of the three leaves is not settled on this machine,monster.beast monster.redbeast monster.yellowbeast,
Craicic Savage Crab,2,several,a beast: which of the three leaves is not settled on this machine,monster.beast monster.redbeast monster.yellowbeast,
Dread Primate,2,several,a beast: which of the three leaves is not settled on this machine,monster.beast monster.redbeast monster.yellowbeast,
Farric Ursa,2,several,a beast: which of the three leaves is not settled on this machine,monster.beast monster.redbeast monster.yellowbeast,
Fury Hound,2,several,a beast: which of the three leaves is not settled on this machine,monster.beast monster.redbeast monster.yellowbeast,
Gluttonous Gull,2,several,a beast: which of the three leaves is not settled on this machine,monster.beast monster.redbeast monster.yellowbeast,
Goatman,2,several,a beast: which of the three leaves is not settled on this machine,monster.beast monster.redbeast monster.yellowbeast,
Granite Eater,2,several,a beast: which of the three leaves is not settled on this machine,monster.beast monster.redbeast monster.yellowbeast,
Merveil's Chosen,2,several,a beast: which of the three leaves is not settled on this machine,monster.beast monster.redbeast monster.yellowbeast,
Merveil's Favoured,2,several,a beast: which of the three leaves is not settled on this machine,monster.beast monster.redbeast monster.yellowbeast,
Mountain Hellion,2,several,a beast: which of the three leaves is not settled on this machine,monster.beast monster.redbeast monster.yellowbeast,
Pitbull Demon,2,several,a beast: which of the three leaves is not settled on this machine,monster.beast monster.redbeast monster.yellowbeast,
Shackled Hellion,2,several,a beast: which of the three leaves is not settled on this machine,monster.beast monster.redbeast monster.yellowbeast,
Skeletal Beast,2,several,a beast: which of the three leaves is not settled on this machine,monster.beast monster.redbeast monster.yellowbeast,
Vaulting Croaker,2,several,a beast: which of the three leaves is not settled on this machine,monster.beast monster.redbeast monster.yellowbeast,
Blood Ape,1,several,a beast: which of the three leaves is not settled on this machine,monster.beast monster.redbeast monster.yellowbeast,
Carnage Ape,1,several,a beast: which of the three leaves is not settled on this machine,monster.beast monster.redbeast monster.yellowbeast,
Colossus Crusher,1,several,a beast: which of the three leaves is not settled on this machine,monster.beast monster.redbeast monster.yellowbeast,
Craicic Squid,1,several,a beast: which of the three leaves is not settled on this machine,monster.beast monster.redbeast monster.yellowbeast,
Cursed Spawn,1,several,a beast: which of the three leaves is not settled on this machine,monster.beast monster.redbeast monster.yellowbeast,
Enraptured Beast,1,several,a beast: which of the three leaves is not settled on this machine,monster.beast monster.redbeast monster.yellowbeast,
Enslaved Hellion,1,several,a beast: which of the three leaves is not settled on this machine,monster.beast monster.redbeast monster.yellowbeast,
Farric Frost Hellion Alpha,1,several,a beast: which of the three leaves is not settled on this machine,monster.beast monster.redbeast monster.yellowbeast,
Farric Goatman,1,several,a beast: which of the three leaves is not settled on this machine,monster.beast monster.redbeast monster.yellowbeast,
Farric Goliath,1,several,a beast: which of the three leaves is not settled on this machine,monster.beast monster.redbeast monster.yellowbeast,
Farric Lynx Alpha,1,several,a beast: which of the three leaves is not settled on this machine,monster.beast monster.redbeast monster.yellowbeast,
Fenumal Devourer,1,several,a beast: which of the three leaves is not settled on this machine,monster.beast monster.redbeast monster.yellowbeast,
Fenumal Widow,1,several,a beast: which of the three leaves is not settled on this machine,monster.beast monster.redbeast monster.yellowbeast,
Fighting Bull,1,several,a beast: which of the three leaves is not settled on this machine,monster.beast monster.redbeast monster.yellowbeast,
Forest Beast,1,several,a beast: which of the three leaves is not settled on this machine,monster.beast monster.redbeast monster.yellowbeast,
Freezing Wolf,1,several,a beast: which of the three leaves is not settled on this machine,monster.beast monster.redbeast monster.yellowbeast,
Goatman Fire-raiser,1,several,a beast: which of the three leaves is not settled on this machine,monster.beast monster.redbeast monster.yellowbeast,
Goatman Shaman,1,several,a beast: which of the three leaves is not settled on this machine,monster.beast monster.redbeast monster.yellowbeast,
Gravel Eater,1,several,a beast: which of the three leaves is not settled on this machine,monster.beast monster.redbeast monster.yellowbeast,
Infested Crawler,1,several,a beast: which of the three leaves is not settled on this machine,monster.beast monster.redbeast monster.yellowbeast,
Merveil's Attendant,1,several,a beast: which of the three leaves is not settled on this machine,monster.beast monster.redbeast monster.yellowbeast,
Merveil's Blessed,1,several,a beast: which of the three leaves is not settled on this machine,monster.beast monster.redbeast monster.yellowbeast,
Merveil's Retainer,1,several,a beast: which of the three leaves is not settled on this machine,monster.beast monster.redbeast monster.yellowbeast,
Rock Spitter,1,several,a beast: which of the three leaves is not settled on this machine,monster.beast monster.redbeast monster.yellowbeast,
Saqawine Blood Viper,1,several,a beast: which of the three leaves is not settled on this machine,monster.beast monster.redbeast monster.yellowbeast,
Saqawine Chimeral,1,several,a beast: which of the three leaves is not settled on this machine,monster.beast monster.redbeast monster.yellowbeast,
Saqawine Cobra,1,several,a beast: which of the three leaves is not settled on this machine,monster.beast monster.redbeast monster.yellowbeast,
Scavenging Vulture,1,several,a beast: which of the three leaves is not settled on this machine,monster.beast monster.redbeast monster.yellowbeast,
Soulless Watcher,1,several,a beast: which of the three leaves is not settled on this machine,monster.beast monster.redbeast monster.yellowbeast,
Waste Lurcher,1,several,a beast: which of the three leaves is not settled on this machine,monster.beast monster.redbeast monster.yellowbeast,
Contract: Follow the Paper Trail,1,none,a class with no id,,QuestItem
