# generated by scripts/round-j.py from ../pseudo-stats/data/search-sheet.csv (round j), the copy ../item-facts/raw/m3 (local), poe1/data @ e2bd511a through ../repoe/scripts/base-taxonomy.py, ../trade-query/data/items-2026-09-12.json
search,category,type,export_classes,export_leaf,site_coarse,copy_items,control
j01,monster.beast,Farric Ursa,,,monster,2,"the other two leaves with `Farric Ursa`, j01–j06: one of the three finds it, or the type has no listing and its three answers say nothing"
j02,monster.yellowbeast,Farric Ursa,,,monster,2,"the other two leaves with `Farric Ursa`, j01–j06: one of the three finds it, or the type has no listing and its three answers say nothing"
j03,monster.redbeast,Farric Ursa,,,monster,2,"the other two leaves with `Farric Ursa`, j01–j06: one of the three finds it, or the type has no listing and its three answers say nothing"
j04,monster.beast,Dune Hellion,,,monster,10,"the other two leaves with `Dune Hellion`, j01–j06: one of the three finds it, or the type has no listing and its three answers say nothing"
j05,monster.yellowbeast,Dune Hellion,,,monster,10,"the other two leaves with `Dune Hellion`, j01–j06: one of the three finds it, or the type has no listing and its three answers say nothing"
j06,monster.redbeast,Dune Hellion,,,monster,10,"the other two leaves with `Dune Hellion`, j01–j06: one of the three finds it, or the type has no listing and its three answers say nothing"
j07,monster.beast,(none),,,,,j01 and j04: `monster.beast` with a red and with a yellow base
j08,map.invitation,Polaric Invitation,MiscMapItem QuestItem,map.invitation,map,81,"the pair, the next search: the type with no category"
j09,(none),Polaric Invitation,MiscMapItem QuestItem,map.invitation,map,81,the pair is the control: nothing found means the type has no listing and j08 says nothing
j10,map,Inscribed Ultimatum,MiscMapItem,map,map,539,"the pair, the next search: the type with no category (the export puts it under no other id)"
j11,(none),Inscribed Ultimatum,MiscMapItem,map,map,539,the pair is the control: nothing found means the type has no listing and j10 says nothing
j12,map,Winged Bestiary Scarab,MapFragment,map.scarab,map,0,"the pair, the next search: the type under `map.scarab`"
j13,map.scarab,Winged Bestiary Scarab,MapFragment,map.scarab,map,0,the pair is the control: nothing found means the type has no listing and j12 says nothing
j14,weapon.sceptre,Opal Sceptre,Sceptre,weapon.sceptre,weapon,11,the pair is the control of the groupings' searches of this type: nothing found means they say nothing
j15,weapon.runedagger,Ezomyte Dagger,Rune Dagger,weapon.runedagger,weapon,15,the pair is the control of the groupings' searches of this type: nothing found means they say nothing
j16,weapon.basestaff,Imperial Staff,Staff,weapon.basestaff,weapon,13,the pair is the control of the groupings' searches of this type: nothing found means they say nothing
j17,weapon.warstaff,Iron Staff,Warstaff,weapon.warstaff,weapon,11,the pair is the control of the groupings' searches of this type: nothing found means they say nothing
j18,weapon.rod,Fishing Rod,FishingRod,weapon.rod,weapon,0,the pair is the control of the groupings' searches of this type: nothing found means they say nothing
j19,weapon.wand,Imbued Wand,Wand,weapon.wand,weapon,54,the pair is the control of the groupings' searches of this type: nothing found means they say nothing
j20,weapon.onemelee,Opal Sceptre,Sceptre,weapon.sceptre,weapon,11,"the pair, j14: `Opal Sceptre` under `weapon.sceptre`"
j21,weapon.onemelee,Ezomyte Dagger,Rune Dagger,weapon.runedagger,weapon,15,"the pair, j15: `Ezomyte Dagger` under `weapon.runedagger`"
j22,weapon.twomelee,Imperial Staff,Staff,weapon.basestaff,weapon,13,"the pair, j16: `Imperial Staff` under `weapon.basestaff`"
j23,weapon.twomelee,Iron Staff,Warstaff,weapon.warstaff,weapon,11,"the pair, j17: `Iron Staff` under `weapon.warstaff`"
j24,weapon.twomelee,Fishing Rod,FishingRod,weapon.rod,weapon,0,"the pair, j18: `Fishing Rod` under `weapon.rod`"
j25,weapon.one,Imbued Wand,Wand,weapon.wand,weapon,54,"the pair, j19: `Imbued Wand` under `weapon.wand`"
j26,weapon.dagger,Ezomyte Dagger,Rune Dagger,weapon.runedagger,weapon,15,"the pair, j15: `Ezomyte Dagger` under `weapon.runedagger`"
j27,weapon.onemace,Opal Sceptre,Sceptre,weapon.sceptre,weapon,11,"the pair, j14: `Opal Sceptre` under `weapon.sceptre`"
j28,weapon.staff,Iron Staff,Warstaff,weapon.warstaff,weapon,11,"the pair, j17: `Iron Staff` under `weapon.warstaff`"
j29,map.breachstone,Xoph's Breachstone,Breachstone MiscMapItem,map map.breachstone,map,2,"the pair, the next search: the type under `map`"
j30,map,Xoph's Breachstone,Breachstone MiscMapItem,map map.breachstone,map,2,j29: nothing under both means the type has no listing and neither says anything
j31,wombgift,Growing Wombgift,RemovedItem,graft,wombgift,0,"the pair, the next search: the type under `graft`"
j32,graft,Growing Wombgift,RemovedItem,graft,wombgift,0,j31: nothing under both means the type has no listing and neither says anything
j33,memoryline,(none),,,,,the next search: a Memory with no category; nothing under both means no Memory is listed
j34,(none),Alva's Memory,MemoryLine,memoryline,,0,j33: a Memory found here and nothing there says the leaf does not hold it
j35,monster.redbeast,Black Mórrigan,,,monster,0,"the other leaf with `Black Mórrigan`, j35 and j36: one of the two finds it, or the type has no listing under either and both answers say nothing"
j36,monster.yellowbeast,Black Mórrigan,,,monster,0,"the other leaf with `Black Mórrigan`, j35 and j36: one of the two finds it, or the type has no listing under either and both answers say nothing"
j37,monster.redbeast,"Craiceann, First of the Deep",,,monster,0,"the other leaf with `Craiceann, First of the Deep`, j37 and j38: one of the two finds it, or the type has no listing under either and both answers say nothing"
j38,monster.yellowbeast,"Craiceann, First of the Deep",,,monster,0,"the other leaf with `Craiceann, First of the Deep`, j37 and j38: one of the two finds it, or the type has no listing under either and both answers say nothing"
