# generated by scripts/extract-conditions.py from raw/Path of Exile - Item Filters.html (page save, MANIFEST.md), ../cpp-search/data/filters.toml, ../trade-query/data/grammar.json, ../trade-query/data/stats-2026-09-12.json, ../item-facts/data/field-census.csv. condition/ribbon/values/example are the page's own vocabulary; its prose descriptions are NOT copied here (BRIEF) and `notes` paraphrases what they add. operand_type, operators, item_field, cpp_filter, trade_filter and notes are hand-kept and validated against those files. operators is derived: the page states ONE operator table (= ! != < <= > >= ==) and no per-condition restriction, so this column records the set that is meaningful for the operand.
condition,ribbon,operand_type,operators,values,example,item_field,cpp_filter,trade_filter,notes
AlternateQuality,,boolean,= ! != ==,True / False,AlternateQuality True,absent:no export field for alternate gem quality,,,Gem alternate quality. The trade capture has no filter for it either.
AlwaysShow,PoE2-only,boolean,= ! != ==,True / False,AlwaysShow True,absent:drop-time UI state,,,"PoE2-only ribbon. A drop-label property, not an item property."
AnyEnchantment,,boolean,= ! != ==,True / False,AnyEnchantment True,enchantMods[],Enchanted,,cpp reads item.enchanted(); trade has an `enchant` stat category but no boolean filter.
ArchnemesisMod,,name,= ! != ==,Archnemesis modifier name,"ArchnemesisMod ""Toxic""",absent:no export field,,,Names an Archnemesis modifier on a monster-modifier item.
AreaLevel,,numeric,= ! != < <= > >= ==,Numeric,AreaLevel < 30,"absent:drop context, not on the item",,area_level,"SAME SPELLING, DIFFERENT REFERENT: the filter reads the level of the area the item dropped in; trade's area_level reads a map's own area level."
BaseArmour,,numeric,= ! != < <= > >= ==,Numeric,BaseArmour > 500,base-data:RePoE base_items properties,,,Base value before mods. cpp `Armour` and trade `ar` both read the TOTAL.
BaseDefencePercentile,,numeric,= ! != < <= > >= ==,Numeric,BaseDefencePercentile >= 90,"derived:base defence rolls, averaged",,base_defence_percentile,"Exact agreement with trade, name and meaning. The page: zero for non-equipment, 100 by default for equipment, otherwise the average percentile of the base defence values. Nothing in the export carries it."
BaseEnergyShield,,numeric,= ! != < <= > >= ==,Numeric,BaseEnergyShield > 200,base-data:RePoE base_items properties,,,"Base, not total; cpp `Shield` and trade `es` read the total."
BaseEvasion,,numeric,= ! != < <= > >= ==,Numeric,BaseEvasion >= 153,base-data:RePoE base_items properties,,,"Base, not total; cpp `Evasion` and trade `ev` read the total."
BaseType,,name,= ! != ==,Item name,"BaseType ""Thicket Bow""",baseType|typeLine,Name,query.type,"The page states only that == is ""Exact match""; what a bare value matches is NOT stated (Q1). cpp `Name` is a case-insensitive substring over name+typeLine together, so it also matches unique names. trade's `type` is a query field, not a filter-group id."
BaseWard,,numeric,= ! != < <= > >= ==,Numeric,BaseWard >= 20,base-data:RePoE base_items properties,,,"Base, not total; trade `ward` reads the total."
BlightedMap,,boolean,= ! != ==,True / False,BlightedMap False,derived:no export field / candidate is the map item name,,map_blighted,The export carries no blighted flag (Q2).
Class,,name,= ! != ==,Item class name,Class Currency,derived:base type -> item class,Category,category,"Three taxonomies: the filter's class names, the C++ `Category` (RePoE class display names, substring-matched), trade's `category` ids (coarser; repoe class-to-trade-category.csv)."
Corrupted,,boolean,= ! != ==,True / False,Corrupted True,corrupted,Corrupted,corrupted,"All three name it, same word."
CorruptedMods,,numeric,= ! != < <= > >= ==,Numeric,CorruptedMods >= 1,absent:corrupted-implicit count not exported,,,
DropLevel,,numeric,= ! != < <= > >= ==,Numeric,DropLevel > 65,base-data:RePoE base_items drop_level,,,"The level the base starts dropping at; no export field, no cpp filter, no trade filter."
ElderItem,,boolean,= ! != ==,True / False,ElderItem True,influences.elder|elder,Influenced,stat:pseudo.pseudo_has_elder_influence,"cpp `Influenced` is one boolean over all six influences; the filter names each separately; trade puts influence in pseudo stats, not a filter."
ElderMap,,boolean,= ! != ==,True / False,ElderMap False,absent:no export field,,,
EnchantmentPassiveNode,,name,= ! != ==,Cluster Jewel enchantment name,"EnchantmentPassiveNode ""Damage over Time""",enchantMods[],Mods,stat:enchant.*,Cluster-jewel enchantment by name.
EnchantmentPassiveNum,,numeric,= ! != < <= > >= ==,Numeric,EnchantmentPassiveNum > 5,derived:enchantMods 'Adds # passive skills',Mods,stat:enchant.*,"The page states it counts only the ""Adds X passive skills"" modifiers."
Exceptional,New,boolean,= ! != ==,True / False,Exceptional True,absent:no export field,,,New ribbon. Exceptional gems.
Foulborn,,boolean,= ! != ==,True / False,Foulborn False,mutated,Mutated,mutated,"THREE NAMES, ONE THING: GGG's filter says Foulborn, the C++ caption says Mutated, the trade id is `mutated` with the display text ""Foulborn""; the export field is `mutated`."
FracturedItem,,boolean,= ! != ==,True / False,FracturedItem True,fractured,Fractured,fractured_item,
GemLevel,,numeric,= ! != < <= > >= ==,Numeric,GemLevel > 15,properties[],Level,gem_level,"cpp reads the ""Level"" property; the export carries it as a property row."
GemQualityType,Deleted,enum,= ! != ==,"Superior, Divergent, Anomalous, Phantasmal",GemQualityType Anomalous,derived:no export field / candidate is the typeLine prefix,,,Deleted ribbon: the page marks this condition removed. No trade filter in the 2026-09-12 capture either.
HasCruciblePassiveTree,,boolean,= ! != ==,True / False,HasCruciblePassiveTree True,crucible,,crucible_item,
HasEaterOfWorldsImplicit,,numeric,= ! != < <= > >= ==,Numeric,HasEaterOfWorldsImplicit >= 4,tangled,,tangled_item,"TIER vs BOOLEAN: the filter compares an implicit tier 1-6, which the page glosses Lesser/Greater/Grand/Exceptional/Exquisite/Perfect; trade's `tangled_item` and the export's `tangled` are yes/no."
HasEnchantment,,numeric+name,= ! != ==,"Numeric, Enchantment name","HasEnchantment ""Enchantment Bane Damage 2""",enchantMods[],Enchanted,stat:enchant.*,Takes an optional count and one or more enchantment names.
HasExplicitMod,,numeric+name,= ! != ==,"Numeric, Mod name","HasExplicitMod >=2 ""of Haast"" ""of Tzteosh"" ""of Ephij""",explicitMods[],Mods,stat:explicit.*,"The page: 'mod name with numeric condition for number of modifiers', example `HasExplicitMod >=2` over three names. Whether the count is over the named set or over all mods is not stated (Q1). The C++ mod filter ranges a mod VALUE instead; a trade stat group counts matches."
HasImplicitMod,,boolean,= ! != ==,True / False,HasImplicitMod True,implicitMods[],,,"Only ""has at least one""; no count, no name."
HasInfluence,,enum,= ! != ==,"Shaper, Elder, Crusader, Hunter, Redeemer, Warlord, None",HasInfluence Shaper,influences,Influenced,stat:pseudo.pseudo_has_influence_count,"Values: Shaper, Elder, Crusader, Hunter, Redeemer, Warlord, None. The filter names the six; cpp collapses them to one boolean; trade has a pseudo stat per influence and a count."
HasSearingExarchImplicit,,numeric,= ! != < <= > >= ==,Numeric,HasSearingExarchImplicit >= 3,searing,,searing_item,Tier 1-6 under the same six names as the Eater implicit; trade's `searing_item` and the export's `searing` are yes/no.
HasVaalUniqueMod,PoE2-only,boolean,= ! != ==,True / False,HasVaalUniqueMod True,absent:no export field,,,PoE2-only ribbon.
Height,,numeric,= ! != < <= > >= ==,Numeric,Height <= 2,h,,,ONLY THE FILTER LANGUAGE NAMES IT: the export carries `h` on every item; neither the C++ app nor trade offers a filter.
Identified,,boolean,= ! != ==,True / False,Identified True,identified,Unidentified,identified,cpp's caption is the negation.
Imbued,,boolean,= ! != ==,True / False,Imbued True,absent:no export field,,gem_imbued,
IsVaalUnique,PoE2-only,boolean,= ! != ==,True / False,IsVaalUnique True,absent:no export field,,,"PoE2-only ribbon. Not trade's `gem_vaal`, which is a Vaal skill gem."
ItemLevel,,numeric,= ! != < <= > >= ==,Numeric,ItemLevel >= 65,ilvl,ilvl,ilvl,All three name it.
LinkedSockets,,numeric,= ! != < <= > >= ==,Numeric,LinkedSockets >= 5,sockets[].group,Links,links,Size of the largest linked group.
MapTier,,numeric,= ! != < <= > >= ==,Numeric,MapTier >= 15,properties[],Map Tier,map_tier,All three name it; the export carries it as a property row.
MemoryStrands,,numeric,= ! != < <= > >= ==,Numeric,MemoryStrands > 0,memoryItem,,memory_level,
MirageMap,New,boolean,= ! != ==,True / False,MirageMap True,absent:no export field,,,New ribbon.
Mirrored,,boolean,= ! != ==,True / False,Mirrored False,duplicated,,mirrored,"No export field is named `mirrored`; `duplicated` is the candidate and GGG's field reference documents names only, so the identification is unverified (Q2). The C++ catalogue has no filter for it."
Quality,,numeric,= ! != < <= > >= ==,Numeric,Quality > 15,properties[],Quality,quality,All three name it.
Rarity,,enum,= ! != < <= > >= ==,"Normal, Magic, Rare, Unique",Rarity > Magic,frameType|rarity,Rarity,rarity,"ORDERED vs SET: the filter's four values are ordered, so `Rarity > Magic` is legal; cpp's combo and trade's `rarity` option are unordered, and trade adds uniquefoil and nonunique."
Replica,,boolean,= ! != ==,True / False,Replica True,replica,,,"Only the filter language names it, though the export carries `replica`."
Scourged,,boolean,= ! != ==,True / False,Scourged True,scourged.tier,,scourge_tier,"Boolean vs tier: the filter asks yes/no, trade compares a tier, the export carries the tier."
ShapedMap,,boolean,= ! != ==,True / False,ShapedMap True,absent:no export field,,,
ShaperItem,,boolean,= ! != ==,True / False,ShaperItem True,influences.shaper|shaper,Influenced,stat:pseudo.pseudo_has_shaper_influence,As ElderItem.
SocketGroup,,numeric+colours,= ! != < <= > >= ==,"Numeric, R:Red, G:Green, B:Blue, A:Abyss, D:Delve, W:White",SocketGroup >= 5GGG,sockets[].group;sockets[].sColour,Linked,links,Colours within ONE linked group. Letters: R:Red G:Green B:Blue A:Abyss D:Delve W:White.
Sockets,,numeric+colours,= ! != < <= > >= ==,"Numeric, R:Red, G:Green, B:Blue, A:Abyss, D:Delve, W:White",Sockets >= 5GGG,sockets[];sockets[].sColour,Sockets,sockets,Colours anywhere on the item. cpp splits the count (`Sockets`) from the colours (`Colors`); trade's `sockets` filter carries both shapes.
StackSize,,numeric,= ! != < <= > >= ==,Numeric,StackSize >= 5,stackSize,,stack_size,The page scopes it to Currency.
SynthesisedItem,,boolean,= ! != ==,True / False,SynthesisedItem True,synthesised,Synthesized,synthesised_item,"SPELLING: GGG and trade write Synthesised, the C++ caption writes Synthesized; the export field is `synthesised`."
TransfiguredGem,Updated,boolean+name,= ! != ==,"True / False, Gem name","TransfiguredGem ""Leap Slam""",derived:no export field / candidate is the typeLine,,gem_transfigured,"Updated ribbon: True matches any transfigured gem, or name one."
TwiceCorrupted,PoE2-only,boolean,= ! != ==,True / False,TwiceCorrupted True,absent:no export field,,,PoE2-only ribbon.
UberBlightedMap,,boolean,= ! != ==,True / False,UberBlightedMap True,derived:no export field / candidate is the map item name,,map_uberblighted,As BlightedMap (Q2).
UnidentifiedItemTier,PoE2-only,numeric,= ! != < <= > >= ==,Numeric,UnidentifiedItemTier >= 4,absent:no export field,,,PoE2-only ribbon.
Vestigial,New,boolean,= ! != ==,True / False,Vestigial True,absent:no export field,,vestigial,New ribbon.
WaystoneTier,PoE2-only,numeric,= ! != < <= > >= ==,Numeric,WaystoneTier >= 15,"absent:PoE2 field, not in the PoE1 census",,,PoE2-only ribbon; PoE2's name for MapTier.
Width,,numeric,= ! != < <= > >= ==,Numeric,Width = 1,w,,,"As Height: the export has `w` on every item, neither other surface filters on it."
ZanaMemory,,boolean,= ! != ==,True / False,ZanaMemory True,absent:no export field,,,
